disease_id,classification,disease_family,phenotype_label,abbreviation,omim_phenotype_number,associated_genes,associated_gene_count,disease_group_label,inheritance_model,inheritance_hpo_ids_model,inheritance_terms_all,hpo_count,hpo_ids_all,hpo_terms_all,abdomen,cardiovascular,endocrine,eye,ear,genitourinary,immune_system,growth,head_neck,limbs,nervous_system,metabolism,respiratory,skeletal,skin,match_strategy,source_database_ids
CILP_0001,Primary,Acrocallosal Syndrome,Acrocallosal Syndrome [OMIM phenotype 200990],ACLS,200990,KIF7,1,Neurodevelopmental ciliopathy,AR,HP:0000007,Autosomal recessive inheritance,81.0,HP:0001177; HP:0000286; HP:0001770; HP:0000486; HP:0000365; HP:0010803; HP:0002023; HP:0001250; HP:0002263; HP:0010808; HP:0000160; HP:0003196; HP:0001252; HP:0001290; HP:0010291; HP:0000639; HP:0000319; HP:0012471; HP:0011220; HP:0000316; HP:0008897; HP:0009942; HP:0001841; HP:0000358; HP:0001249; HP:0000054; HP:0000494; HP:0000175; HP:0005148; HP:0001182; HP:0001537; HP:0006101; HP:0000648; HP:0000207; HP:0004209; HP:0009611; HP:0000322; HP:0000047; HP:0000685; HP:0000369; HP:0000204; HP:0000143; HP:0000384; HP:0006329; HP:0001671; HP:0000343; HP:0000023; HP:0001156; HP:0000260; HP:0001274; HP:0010864; HP:0001508; HP:0000337; HP:0030680; HP:0000218; HP:0002714; HP:0006335; HP:0000256; HP:0000212; HP:0000377; HP:0000154; HP:0000431; HP:0000233; HP:0001641; HP:0001162; HP:0000194; HP:0003781; HP:0000193; HP:0000190; HP:0010576; HP:0007370; HP:0000308; HP:0010066; HP:0007894; HP:0001830; HP:0002007; HP:0001510; HP:0000303; HP:0000028; HP:0000589; HP:0000269,Preaxial hand polydactyly; Epicanthus; Toe syndactyly; Strabismus; Hearing impairment; Everted upper lip vermilion; Anal atresia; Seizure; Exaggerated cupid's bow; Protruding tongue; Narrow mouth; Short nose; Hypotonia; Generalized hypotonia; Prominent palatine ridges; Nystagmus; Smooth philtrum; Thick vermilion border; Prominent forehead; Hypertelorism; Postnatal growth retardation; Duplication of thumb phalanx; Preaxial foot polydactyly; Posteriorly rotated ears; Intellectual disability; Micropenis; Downslanted palpebral fissures; Cleft palate; Pulmonary valve defects; Tapered finger; Umbilical hernia; Finger syndactyly; Optic atrophy; Triangular mouth; Clinodactyly of the 5th finger; Bifid distal phalanx of the thumb; Short philtrum; Hypospadias; Hypoplasia of teeth; Low-set ears; Cleft upper lip; Rectovaginal fistula; Preauricular skin tag; Alveolar process hypoplasia; Abnormal cardiac septum morphology; Long philtrum; Inguinal hernia; Brachydactyly; Wide anterior fontanel; Agenesis of corpus callosum; Severe intellectual disability; Failure to thrive; Broad forehead; Abnormal cardiovascular system morphology; High palate; Downturned corners of mouth; Persistence of primary teeth; Macrocephaly; Gingival overgrowth; Abnormal pinna morphology; Wide mouth; Wide nasal bridge; Thin vermilion border; Abnormal pulmonary valve morphology; Postaxial hand polydactyly; Open mouth; Excessive salivation; Bifid uvula; Abnormal oral frenulum morphology; Intracranial cystic lesion; Aplasia/Hypoplasia of the corpus callosum; Microretrognathia; Duplication of phalanx of hallux; Fundus hypopigmentation; Postaxial foot polydactyly; Frontal bossing; Growth delay; Mandibular prognathia; Cryptorchidism; Coloboma; Prominent occiput,1.0,1.0,0.0,1.0,1.0,1.0,0.0,1.0,1.0,1.0,1.0,0.0,0.0,1.0,1.0,exact_omim,OMIM:200990
CILP_0002,Primary,Al-Gazali-Bakalinova Syndrome,Al-Gazali-Bakalinova Syndrome [OMIM phenotype 607131],AGBK,607131,KIF7,1,General / needs curation,AR,HP:0000007,Autosomal recessive inheritance,28.0,HP:0003037; HP:0000023; HP:0001274; HP:0001270; HP:0003071; HP:0010442; HP:0012444; HP:0000316; HP:0002419; HP:0030084; HP:0002857; HP:0002656; HP:0001004; HP:0000256; HP:0002654; HP:0000431; HP:0002079; HP:0001263; HP:0000272; HP:0000470; HP:0001182; HP:0005280; HP:0001999; HP:0000767; HP:0000768; HP:0000207; HP:0002007; HP:0000369,Enlarged joints; Inguinal hernia; Agenesis of corpus callosum; Motor delay; Flattened epiphysis; Polydactyly; Brain atrophy; Hypertelorism; Molar tooth sign on MRI; Clinodactyly; Genu valgum; Epiphyseal dysplasia; Lymphedema; Macrocephaly; Multiple epiphyseal dysplasia; Wide nasal bridge; Hypoplasia of the corpus callosum; Global developmental delay; Malar flattening; Short neck; Tapered finger; Depressed nasal bridge; Abnormal facial shape; Pectus excavatum; Pectus carinatum; Triangular mouth; Frontal bossing; Low-set ears,1.0,0.0,0.0,1.0,1.0,0.0,0.0,0.0,1.0,1.0,1.0,1.0,0.0,1.0,0.0,exact_omim,OMIM:607131
CILP_0003,Primary,Alström Syndrome,Alström Syndrome [OMIM phenotype 203800],ALMS,203800,ALMS1,1,Multisystem ciliopathy,AR,HP:0000007,Autosomal recessive inheritance,54.0,HP:0001133; HP:0000164; HP:0003233; HP:0000123; HP:0004322; HP:0001970; HP:0000083; HP:0003074; HP:0010442; HP:0000639; HP:0000956; HP:0000873; HP:0040217; HP:0007843; HP:0004438; HP:0001763; HP:0000831; HP:0001644; HP:0000572; HP:0002155; HP:0000771; HP:0001263; HP:0000408; HP:0000407; HP:0005616; HP:0002621; HP:0000842; HP:0000523; HP:0002149; HP:0001397; HP:0001596; HP:0002240; HP:0000580; HP:0000815; HP:0000858; HP:0000618; HP:0000613; HP:0006532; HP:0200120; HP:0002910; HP:0005987; HP:0000230; HP:0002650; HP:0002099; HP:0002808; HP:0000822; HP:0001635; HP:0000821; HP:0000824; HP:0000505; HP:0000548; HP:0001956; HP:0000388; HP:0001513,Constriction of peripheral visual field; Abnormality of the dentition; Decreased HDL cholesterol concentration; Nephritis; Short stature; Tubulointerstitial nephritis; Renal insufficiency; Hyperglycemia; Polydactyly; Nystagmus; Acanthosis nigricans; Diabetes insipidus; Elevated hemoglobin A1c; Attenuation of retinal blood vessels; Hyperostosis frontalis interna; Pes planus; Insulin-resistant diabetes mellitus; Dilated cardiomyopathy; Visual loss; Hypertriglyceridemia; Gynecomastia; Global developmental delay; Progressive sensorineural hearing impairment; Sensorineural hearing impairment; Accelerated skeletal maturation; Atherosclerosis; Hyperinsulinemia; Subcapsular cataract; Hyperuricemia; Hepatic steatosis; Alopecia; Hepatomegaly; Pigmentary retinopathy; Hypergonadotropic hypogonadism; Irregular menstruation; Blindness; Photophobia; Recurrent pneumonia; Chronic active hepatitis; Elevated circulating hepatic transaminase concentration; Multinodular goiter; Gingivitis; Scoliosis; Asthma; Kyphosis; Hypertension; Congestive heart failure; Hypothyroidism; Decreased response to growth hormone stimulation test; Visual impairment; Cone/cone-rod dystrophy; Truncal obesity; Otitis media; Obesity,1.0,1.0,1.0,1.0,1.0,1.0,1.0,1.0,1.0,1.0,1.0,1.0,1.0,1.0,1.0,exact_omim,OMIM:203800
CILP_0004,Secondary,Ataxia-telangiectasia-like Disorder,Ataxia-telangiectasia-like Disorder [OMIM phenotype 604391],ATLD1,604391,MRE11,1,Atypical / secondary ciliopathy,AR,HP:0000007,Autosomal recessive inheritance,25.0,HP:0000640; HP:0001310; HP:0001332; HP:0001272; HP:0003693; HP:0002066; HP:0001252; HP:0001251; HP:0002061; HP:0007286; HP:0000657; HP:0001009; HP:0002317; HP:0002359; HP:0001265; HP:0000571; HP:0000750; HP:0001266; HP:0001260; HP:0002075; HP:0002072; HP:0011133; HP:0007772; HP:0003438; HP:0001315,Gaze-evoked nystagmus; Dysmetria; Dystonia; Cerebellar atrophy; Distal amyotrophy; Gait ataxia; Hypotonia; Ataxia; Lower limb spasticity; Horizontal jerk nystagmus; Oculomotor apraxia; Telangiectasia; Unsteady gait; Frequent falls; Hyporeflexia; Hypometric saccades; Delayed speech and language development; Choreoathetosis; Dysarthria; Dysdiadochokinesis; Chorea; Increased sensitivity to ionizing radiation; Impaired smooth pursuit; Absent Achilles reflex; Reduced tendon reflexes,0.0,1.0,0.0,1.0,0.0,0.0,0.0,0.0,0.0,1.0,1.0,1.0,0.0,1.0,1.0,exact_omim,OMIM:604391
CILP_0005,Secondary,Ataxia-telangiectasia-like Disorder,Ataxia-telangiectasia-like Disorder [OMIM phenotype 615919],ATLD2,615919,PCNA,1,Atypical / secondary ciliopathy,AR,HP:0000007,Autosomal recessive inheritance,21.0,HP:0003323; HP:0002015; HP:0000252; HP:0000992; HP:0001761; HP:0004322; HP:0001272; HP:0001260; HP:0001263; HP:0001251; HP:0034697; HP:0002180; HP:0034392; HP:0000407; HP:0031087; HP:0000613; HP:0000524; HP:0002317; HP:0001324; HP:0000776; HP:0005328,Progressive muscle weakness; Dysphagia; Microcephaly; Cutaneous photosensitivity; Pes cavus; Short stature; Cerebellar atrophy; Dysarthria; Global developmental delay; Ataxia; Cutaneous telangiectasia; Neurodegeneration; Joint contracture; Sensorineural hearing impairment; Absent pubertal growth spurt; Photophobia; Conjunctival telangiectasia; Unsteady gait; Muscle weakness; Congenital diaphragmatic hernia; Progeroid facial appearance,1.0,1.0,0.0,1.0,1.0,0.0,0.0,1.0,1.0,1.0,1.0,0.0,0.0,1.0,1.0,exact_omim,OMIM:615919
CILP_0006,Primary,Autosomal Dominant Polycystic Kidney Disease,Autosomal Dominant Polycystic Kidney Disease [OMIM phenotype 173900],PKD1,173900,PKD1,1,Renal-hepatic ciliopathy,AD,HP:0000006,Autosomal dominant inheritance,8.0,HP:0000083; HP:0002253; HP:0000822; HP:0001407; HP:0000113; HP:0001653; HP:0007029; HP:0001634,Renal insufficiency; Colonic diverticula; Hypertension; Hepatic cysts; Polycystic kidney dysplasia; Mitral regurgitation; Cerebral berry aneurysm; Mitral valve prolapse,1.0,1.0,0.0,0.0,0.0,1.0,0.0,0.0,0.0,0.0,1.0,0.0,0.0,0.0,0.0,exact_omim,OMIM:173900
CILP_0007,Primary,Autosomal Dominant Polycystic Kidney Disease,Autosomal Dominant Polycystic Kidney Disease [OMIM phenotype 600666],PKD3,600666,GANAB,1,Renal-hepatic ciliopathy,AD,HP:0000006,Autosomal dominant inheritance,5.0,HP:0001410; HP:0000822; HP:0001407; HP:0004944; HP:0000113,Decreased liver function; Hypertension; Hepatic cysts; Dilatation of the cerebral artery; Polycystic kidney dysplasia,1.0,1.0,0.0,0.0,0.0,1.0,0.0,0.0,0.0,0.0,1.0,0.0,0.0,0.0,0.0,exact_omim,OMIM:600666
CILP_0008,Primary,Autosomal Dominant Polycystic Kidney Disease,Autosomal Dominant Polycystic Kidney Disease [OMIM phenotype 606702],PKD4,606702,FCYT,1,Renal-hepatic ciliopathy,Autosomal dominant,,,26.0,HP:0000083; HP:0000107; HP:0001407; HP:0003259; HP:0012213; HP:0000790; HP:0000822; HP:0003774; HP:0012591; HP:0012592; HP:0012622; HP:0030157; HP:0000010; HP:0000105; HP:0000791; HP:0001634; HP:0001737; HP:0002616; HP:0004944; HP:0006557; HP:0008672; HP:0011004; HP:0012207; HP:0012330; HP:0100702; HP:0011760,Renal insufficiency; Renal cyst; Hepatic cysts; Elevated circulating creatinine concentration; Decreased glomerular filtration rate; Hematuria; Hypertension; Stage 5 chronic kidney disease; Abnormal urinary electrolyte concentration; Albuminuria; Chronic kidney disease; Flank pain; Recurrent urinary tract infections; Enlarged kidney; Uric acid nephrolithiasis; Mitral valve prolapse; Pancreatic cysts; Aortic root aneurysm; Dilatation of the cerebral artery; Polycystic liver disease; Calcium oxalate nephrolithiasis; Abnormal systemic arterial morphology; Reduced sperm motility; Pyelonephritis; Arachnoid cyst; Pituitary growth hormone cell adenoma,1.0,1.0,1.0,0.0,0.0,1.0,1.0,0.0,0.0,0.0,1.0,1.0,0.0,0.0,0.0,exact_name_db,ORPHA:730
CILP_0009,Primary,Autosomal Dominant Polycystic Kidney Disease,Autosomal Dominant Polycystic Kidney Disease [OMIM phenotype 613095],PKD2,613095,PKD2,1,Renal-hepatic ciliopathy,INCOMPLETE_PENETRANCE; AD,HP:0003829; HP:0000006,Typified by incomplete penetrance; Autosomal dominant inheritance,18.0,HP:0003774; HP:0000010; HP:0001696; HP:0001651; HP:0003155; HP:0000083; HP:0005562; HP:0002240; HP:0011800; HP:0030948; HP:0006254; HP:0000822; HP:0001407; HP:0002900; HP:0000113; HP:0003259; HP:0000952; HP:0000324,Stage 5 chronic kidney disease; Recurrent urinary tract infections; Situs inversus totalis; Dextrocardia; Elevated circulating alkaline phosphatase concentration; Renal insufficiency; Multiple renal cysts; Hepatomegaly; Midface retrusion; Elevated gamma-glutamyltransferase level; Elevated circulating alpha-fetoprotein concentration; Hypertension; Hepatic cysts; Hypokalemia; Polycystic kidney dysplasia; Elevated circulating creatinine concentration; Jaundice; Facial asymmetry,1.0,1.0,0.0,0.0,0.0,1.0,1.0,0.0,1.0,0.0,0.0,1.0,0.0,0.0,1.0,exact_omim,OMIM:613095
CILP_0010,Primary,Autosomal Dominant Polycystic Kidney Disease,Autosomal Dominant Polycystic Kidney Disease [OMIM phenotype 617610],PKD5,617610,DZIP1L,1,Renal-hepatic ciliopathy,AR,HP:0000007,Autosomal recessive inheritance,7.0,HP:0003774; HP:0005565; HP:0004719; HP:0000822; HP:0001433; HP:0000113; HP:0000105,Stage 5 chronic kidney disease; Reduced renal corticomedullary differentiation; Hyperechogenic kidneys; Hypertension; Hepatosplenomegaly; Polycystic kidney dysplasia; Enlarged kidney,1.0,1.0,0.0,0.0,0.0,1.0,1.0,0.0,0.0,0.0,0.0,0.0,0.0,0.0,0.0,exact_omim,OMIM:617610
CILP_0011,Primary,Autosomal Dominant Polycystic Kidney Disease,Autosomal Dominant Polycystic Kidney Disease [OMIM phenotype 618061],PKD6,618061,DNAJB11,1,Renal-hepatic ciliopathy,AD,HP:0000006,Autosomal dominant inheritance,7.0,HP:0003774; HP:0000083; HP:0000822; HP:0001407; HP:0012213; HP:0000113; HP:0001997,Stage 5 chronic kidney disease; Renal insufficiency; Hypertension; Hepatic cysts; Decreased glomerular filtration rate; Polycystic kidney dysplasia; Gout,1.0,1.0,0.0,0.0,0.0,1.0,0.0,0.0,0.0,0.0,0.0,0.0,0.0,1.0,0.0,exact_omim,OMIM:618061
CILP_0012,Primary,Autosomal Dominant Polycystic Kidney Disease,Autosomal Dominant Polycystic Kidney Disease [OMIM phenotype 620056],PKD7,620056,ALG5,1,Renal-hepatic ciliopathy,AD,HP:0000006,Autosomal dominant inheritance,6.0,HP:0003774; HP:0012585; HP:0032948; HP:0000083; HP:0005562; HP:0000822,Stage 5 chronic kidney disease; Renal atrophy; Renal interstitial fibrosis; Renal insufficiency; Multiple renal cysts; Hypertension,0.0,1.0,0.0,0.0,0.0,1.0,0.0,0.0,0.0,0.0,0.0,0.0,0.0,0.0,0.0,exact_omim,OMIM:620056
CILP_0013,Primary,Autosomal Dominant Polycystic Kidney Disease,Autosomal Dominant Polycystic Kidney Disease [OMIM phenotype No MIM Number],PKD,No MIM Number,ACOT13; ALG9; CYS1; IFT140; PTGER2,5,Renal-hepatic ciliopathy,Autosomal dominant,,,26.0,HP:0000083; HP:0000107; HP:0001407; HP:0003259; HP:0012213; HP:0000790; HP:0000822; HP:0003774; HP:0012591; HP:0012592; HP:0012622; HP:0030157; HP:0000010; HP:0000105; HP:0000791; HP:0001634; HP:0001737; HP:0002616; HP:0004944; HP:0006557; HP:0008672; HP:0011004; HP:0012207; HP:0012330; HP:0100702; HP:0011760,Renal insufficiency; Renal cyst; Hepatic cysts; Elevated circulating creatinine concentration; Decreased glomerular filtration rate; Hematuria; Hypertension; Stage 5 chronic kidney disease; Abnormal urinary electrolyte concentration; Albuminuria; Chronic kidney disease; Flank pain; Recurrent urinary tract infections; Enlarged kidney; Uric acid nephrolithiasis; Mitral valve prolapse; Pancreatic cysts; Aortic root aneurysm; Dilatation of the cerebral artery; Polycystic liver disease; Calcium oxalate nephrolithiasis; Abnormal systemic arterial morphology; Reduced sperm motility; Pyelonephritis; Arachnoid cyst; Pituitary growth hormone cell adenoma,1.0,1.0,1.0,0.0,0.0,1.0,1.0,0.0,0.0,0.0,1.0,1.0,0.0,0.0,0.0,exact_name_db,ORPHA:730
CILP_0014,Primary,Autosomal Recessive Polycystic Kidney Disease,Autosomal Recessive Polycystic Kidney Disease [OMIM phenotype 263200],PKD4,263200,PKHD1,1,Renal-hepatic ciliopathy,AR,HP:0000007,Autosomal recessive inheritance,22.0,HP:0002089; HP:0005576; HP:0000083; HP:0001395; HP:0002240; HP:0002040; HP:0001409; HP:0004719; HP:0001944; HP:0001405; HP:0001407; HP:0000113; HP:0001744; HP:0008659; HP:0001562; HP:0005564; HP:0000822; HP:0000107; HP:0001737; HP:0002009; HP:0000105; HP:0002248,Pulmonary hypoplasia; Tubulointerstitial fibrosis; Renal insufficiency; Hepatic fibrosis; Hepatomegaly; Esophageal varix; Portal hypertension; Hyperechogenic kidneys; Dehydration; Periportal fibrosis; Hepatic cysts; Polycystic kidney dysplasia; Splenomegaly; Multiple small medullary renal cysts; Oligohydramnios; Absence of renal corticomedullary differentiation; Hypertension; Renal cyst; Pancreatic cysts; Potter facies; Enlarged kidney; Hematemesis,1.0,1.0,0.0,0.0,0.0,1.0,1.0,0.0,1.0,0.0,0.0,1.0,1.0,0.0,0.0,exact_omim,OMIM:263200
CILP_0015,Primary,Autosomal Recessive Polycystic Kidney Disease,Autosomal Recessive Polycystic Kidney Disease [OMIM phenotype 617610],PKD5,617610,DZIP1L,1,Renal-hepatic ciliopathy,AR,HP:0000007,Autosomal recessive inheritance,7.0,HP:0003774; HP:0005565; HP:0004719; HP:0000822; HP:0001433; HP:0000113; HP:0000105,Stage 5 chronic kidney disease; Reduced renal corticomedullary differentiation; Hyperechogenic kidneys; Hypertension; Hepatosplenomegaly; Polycystic kidney dysplasia; Enlarged kidney,1.0,1.0,0.0,0.0,0.0,1.0,1.0,0.0,0.0,0.0,0.0,0.0,0.0,0.0,0.0,exact_omim,OMIM:617610
CILP_0016,Primary,Bardet–Biedl Syndrome,Bardet–Biedl Syndrome [OMIM phenotype 209900],BBS1,209900,BBS1,1,Multisystem ciliopathy,AR,HP:0000007,Autosomal recessive inheritance,62.0,HP:0000483; HP:0000365; HP:0001773; HP:0000486; HP:0001251; HP:0002141; HP:0012743; HP:0000518; HP:0000639; HP:0012393; HP:0001328; HP:0000678; HP:0009466; HP:0001769; HP:0008734; HP:0000510; HP:0007843; HP:0001007; HP:0001249; HP:0000556; HP:0002311; HP:0000054; HP:0009806; HP:0001263; HP:0010750; HP:0100259; HP:0002705; HP:0007994; HP:0007737; HP:0000662; HP:0002167; HP:0001156; HP:0030631; HP:0001395; HP:0000819; HP:0001829; HP:0000855; HP:0007663; HP:0000218; HP:0000135; HP:0000256; HP:0000137; HP:0000077; HP:0000750; HP:0002650; HP:0001162; HP:0002099; HP:0002251; HP:0001080; HP:0000508; HP:0000822; HP:0000668; HP:0001712; HP:0000546; HP:0001956; HP:0001830; HP:0001159; HP:0000501; HP:0000545; HP:0001513; HP:0000786; HP:0000148,"Astigmatism; Hearing impairment; Short foot; Strabismus; Ataxia; Gait imbalance; Abdominal obesity; Cataract; Nystagmus; Allergy; Specific learning disability; Dental crowding; Radial deviation of finger; Broad foot; Decreased testicular size; Rod-cone dystrophy; Attenuation of retinal blood vessels; Hirsutism; Intellectual disability; Retinal dystrophy; Incoordination; Micropenis; Nephrogenic diabetes insipidus; Global developmental delay; Dermatochalasis; Postaxial polydactyly; High, narrow palate; Peripheral visual field loss; Spicular pigmentation of the retina; Nyctalopia; Abnormal speech pattern; Brachydactyly; Hyperautofluorescent macular lesion; Hepatic fibrosis; Diabetes mellitus; Foot polydactyly; Insulin resistance; Reduced visual acuity; High palate; Hypogonadism; Macrocephaly; Abnormality of the ovary; Abnormality of the kidney; Delayed speech and language development; Scoliosis; Postaxial hand polydactyly; Asthma; Aganglionic megacolon; Biliary tract abnormality; Ptosis; Hypertension; Hypodontia; Left ventricular hypertrophy; Retinal degeneration; Truncal obesity; Postaxial foot polydactyly; Syndactyly; Glaucoma; Myopia; Obesity; Primary amenorrhea; Vaginal atresia",1.0,1.0,1.0,1.0,1.0,1.0,1.0,1.0,1.0,1.0,1.0,1.0,1.0,1.0,1.0,exact_omim,OMIM:209900
CILP_0017,Primary,Bardet–Biedl Syndrome,Bardet–Biedl Syndrome [OMIM phenotype 600151],BBS3,600151,ARL6,1,Multisystem ciliopathy,AR,HP:0000007,Autosomal recessive inheritance,12.0,HP:0000662; HP:0000089; HP:0001156; HP:0001263; HP:0003241; HP:0000580; HP:0005180; HP:0100259; HP:0000505; HP:0000510; HP:0001513; HP:0001249,Nyctalopia; Renal hypoplasia; Brachydactyly; Global developmental delay; External genital hypoplasia; Pigmentary retinopathy; Tricuspid regurgitation; Postaxial polydactyly; Visual impairment; Rod-cone dystrophy; Obesity; Intellectual disability,0.0,1.0,0.0,1.0,0.0,1.0,0.0,1.0,0.0,1.0,1.0,0.0,0.0,1.0,0.0,exact_omim,OMIM:600151
CILP_0018,Primary,Bardet–Biedl Syndrome,Bardet–Biedl Syndrome [OMIM phenotype 605231],BBS6,605231,MKKS,1,Multisystem ciliopathy,AR,HP:0000007,Autosomal recessive inheritance,11.0,HP:0003241; HP:0000580; HP:0000819; HP:0100259; HP:0000107; HP:0000510; HP:0001159; HP:0000047; HP:0001249; HP:0001513; HP:0000148,External genital hypoplasia; Pigmentary retinopathy; Diabetes mellitus; Postaxial polydactyly; Renal cyst; Rod-cone dystrophy; Syndactyly; Hypospadias; Intellectual disability; Obesity; Vaginal atresia,0.0,0.0,1.0,1.0,0.0,1.0,0.0,1.0,0.0,1.0,1.0,1.0,0.0,1.0,0.0,exact_omim,OMIM:605231
CILP_0019,Primary,Bardet–Biedl Syndrome,Bardet–Biedl Syndrome [OMIM phenotype 615981],BBS2,615981,BBS2,1,Multisystem ciliopathy,AR,HP:0000007,Autosomal recessive inheritance,39.0,HP:0011939; HP:0010946; HP:0000662; HP:0000041; HP:0012745; HP:0012622; HP:0031624; HP:0000819; HP:0000319; HP:0032285; HP:0001647; HP:0000414; HP:0000678; HP:0000752; HP:0000510; HP:0000135; HP:0000311; HP:0001249; HP:0001644; HP:0000494; HP:0000054; HP:0000233; HP:0001162; HP:0000490; HP:0001263; HP:0003241; HP:0000470; HP:0005280; HP:0001959; HP:0000822; HP:0000546; HP:0007994; HP:0001511; HP:0000103; HP:0001830; HP:0001631; HP:0000047; HP:0000003; HP:0001513,3-4 finger cutaneous syndactyly; Dilatation of the renal pelvis; Nyctalopia; Chordee; Short palpebral fissure; Chronic kidney disease; Moderate myopia; Diabetes mellitus; Smooth philtrum; Ultra-low vision with retained light projection; Bicuspid aortic valve; Bulbous nose; Dental crowding; Hyperactivity; Rod-cone dystrophy; Hypogonadism; Round face; Intellectual disability; Dilated cardiomyopathy; Downslanted palpebral fissures; Micropenis; Thin vermilion border; Postaxial hand polydactyly; Deeply set eye; Global developmental delay; External genital hypoplasia; Short neck; Depressed nasal bridge; Polydipsia; Hypertension; Retinal degeneration; Peripheral visual field loss; Intrauterine growth retardation; Polyuria; Postaxial foot polydactyly; Atrial septal defect; Hypospadias; Multicystic kidney dysplasia; Obesity,0.0,1.0,1.0,1.0,0.0,1.0,0.0,1.0,1.0,1.0,1.0,1.0,0.0,1.0,0.0,exact_omim,OMIM:615981
CILP_0020,Primary,Bardet–Biedl Syndrome,Bardet–Biedl Syndrome [OMIM phenotype 615982],BBS4,615982,BBS4,1,Multisystem ciliopathy,AR,HP:0000007,Autosomal recessive inheritance,14.0,HP:0000077; HP:0000164; HP:0000662; HP:0001156; HP:0003241; HP:0010442; HP:0000107; HP:0000546; HP:0000510; HP:0001159; HP:0000135; HP:0000028; HP:0001513; HP:0001249,Abnormality of the kidney; Abnormality of the dentition; Nyctalopia; Brachydactyly; External genital hypoplasia; Polydactyly; Renal cyst; Retinal degeneration; Rod-cone dystrophy; Syndactyly; Hypogonadism; Cryptorchidism; Obesity; Intellectual disability,0.0,0.0,1.0,1.0,0.0,1.0,0.0,1.0,1.0,1.0,1.0,0.0,0.0,1.0,0.0,exact_omim,OMIM:615982
CILP_0021,Primary,Bardet–Biedl Syndrome,Bardet–Biedl Syndrome [OMIM phenotype 615983],BBS5,615983,BBS5,1,Multisystem ciliopathy,AR,HP:0000007,Autosomal recessive inheritance,20.0,HP:0007737; HP:0000054; HP:0000750; HP:0001256; HP:0000662; HP:0001156; HP:0003241; HP:0100259; HP:0000668; HP:0007663; HP:0004209; HP:0007401; HP:0007754; HP:0000543; HP:0007787; HP:0000510; HP:0001159; HP:0007843; HP:0000135; HP:0001513,Spicular pigmentation of the retina; Micropenis; Delayed speech and language development; Mild intellectual disability; Nyctalopia; Brachydactyly; External genital hypoplasia; Postaxial polydactyly; Hypodontia; Reduced visual acuity; Clinodactyly of the 5th finger; Macular atrophy; Macular dystrophy; Optic disc pallor; Posterior subcapsular cataract; Rod-cone dystrophy; Syndactyly; Attenuation of retinal blood vessels; Hypogonadism; Obesity,0.0,1.0,1.0,1.0,0.0,1.0,0.0,1.0,1.0,1.0,1.0,0.0,0.0,1.0,0.0,exact_omim,OMIM:615983
CILP_0022,Primary,Bardet–Biedl Syndrome,Bardet–Biedl Syndrome [OMIM phenotype 615984],BBS7,615984,BBS7,1,Multisystem ciliopathy,AR,HP:0000007,Autosomal recessive inheritance,13.0,HP:0000490; HP:0000160; HP:0000272; HP:0004691; HP:0010442; HP:0005280; HP:0100259; HP:0000316; HP:0030084; HP:0000510; HP:0000135; HP:0001513; HP:0001249,Deeply set eye; Narrow mouth; Malar flattening; 2-3 toe syndactyly; Polydactyly; Depressed nasal bridge; Postaxial polydactyly; Hypertelorism; Clinodactyly; Rod-cone dystrophy; Hypogonadism; Obesity; Intellectual disability,0.0,0.0,1.0,1.0,0.0,1.0,0.0,1.0,1.0,1.0,1.0,0.0,0.0,1.0,0.0,exact_omim,OMIM:615984
CILP_0023,Primary,Bardet–Biedl Syndrome,Bardet–Biedl Syndrome [OMIM phenotype 615985],BBS8,615985,TTC8,1,Multisystem ciliopathy,AR,HP:0000007,Autosomal recessive inheritance,10.0,HP:0000110; HP:0100259; HP:0001696; HP:0001263; HP:0000510; HP:0000135; HP:0000047; HP:0000248; HP:0001249; HP:0001513,Renal dysplasia; Postaxial polydactyly; Situs inversus totalis; Global developmental delay; Rod-cone dystrophy; Hypogonadism; Hypospadias; Brachycephaly; Intellectual disability; Obesity,0.0,1.0,1.0,1.0,0.0,1.0,0.0,1.0,1.0,1.0,1.0,0.0,0.0,1.0,0.0,exact_omim,OMIM:615985
CILP_0024,Primary,Bardet–Biedl Syndrome,Bardet–Biedl Syndrome [OMIM phenotype 615986],BBS9,615986,BBS9,1,Multisystem ciliopathy,AR,HP:0000007,Autosomal recessive inheritance,23.0,HP:0000483; HP:0007737; HP:0000486; HP:0001156; HP:0000083; HP:0003074; HP:0010442; HP:0000518; HP:0000858; HP:0000510; HP:0007843; HP:0001249; HP:0000750; HP:0001162; HP:0001263; HP:0002591; HP:0100259; HP:0001959; HP:0000546; HP:0001956; HP:0001159; HP:0001830; HP:0001513,Astigmatism; Spicular pigmentation of the retina; Strabismus; Brachydactyly; Renal insufficiency; Hyperglycemia; Polydactyly; Cataract; Irregular menstruation; Rod-cone dystrophy; Attenuation of retinal blood vessels; Intellectual disability; Delayed speech and language development; Postaxial hand polydactyly; Global developmental delay; Polyphagia; Postaxial polydactyly; Polydipsia; Retinal degeneration; Truncal obesity; Syndactyly; Postaxial foot polydactyly; Obesity,0.0,1.0,0.0,1.0,0.0,1.0,0.0,1.0,0.0,1.0,1.0,1.0,0.0,1.0,0.0,exact_omim,OMIM:615986
CILP_0025,Primary,Bardet–Biedl Syndrome,Bardet–Biedl Syndrome [OMIM phenotype 615987],BBS10,615987,BBS10,1,Multisystem ciliopathy,AR,HP:0000007,Autosomal recessive inheritance,10.0,HP:0001256; HP:0001250; HP:0000083; HP:0001263; HP:0000107; HP:0010442; HP:0000510; HP:0000135; HP:0001513; HP:0000556,Mild intellectual disability; Seizure; Renal insufficiency; Global developmental delay; Renal cyst; Polydactyly; Rod-cone dystrophy; Hypogonadism; Obesity; Retinal dystrophy,0.0,0.0,1.0,1.0,0.0,1.0,0.0,1.0,0.0,1.0,1.0,0.0,0.0,1.0,0.0,exact_omim,OMIM:615987
CILP_0026,Primary,Bardet–Biedl Syndrome,Bardet–Biedl Syndrome [OMIM phenotype 615988],BBS11,615988,TRIM32,1,Multisystem ciliopathy,AR,HP:0000007,Autosomal recessive inheritance,5.0,HP:0000077; HP:0010442; HP:0000488; HP:0000135; HP:0001513,Abnormality of the kidney; Polydactyly; Retinopathy; Hypogonadism; Obesity,0.0,0.0,1.0,1.0,0.0,1.0,0.0,1.0,0.0,1.0,0.0,0.0,0.0,1.0,0.0,exact_omim,OMIM:615988
CILP_0027,Primary,Bardet–Biedl Syndrome,Bardet–Biedl Syndrome [OMIM phenotype 615989],BBS12,615989,BBS12,1,Multisystem ciliopathy,AR,HP:0000007,Autosomal recessive inheritance,13.0,HP:0001162; HP:0000072; HP:0010442; HP:0031500; HP:0100543; HP:0000800; HP:0030010; HP:0001830; HP:0000510; HP:0000135; HP:0001513; HP:0000126; HP:0000148,Postaxial hand polydactyly; Hydroureter; Polydactyly; Abdominal mass; Cognitive impairment; Cystic renal dysplasia; Hydrometrocolpos; Postaxial foot polydactyly; Rod-cone dystrophy; Hypogonadism; Obesity; Hydronephrosis; Vaginal atresia,1.0,0.0,1.0,1.0,0.0,1.0,0.0,1.0,0.0,1.0,1.0,0.0,0.0,1.0,0.0,exact_omim,OMIM:615989
CILP_0028,Primary,Bardet–Biedl Syndrome,Bardet–Biedl Syndrome [OMIM phenotype 615990],BBS13,615990,MKS1,1,Multisystem ciliopathy,AR,HP:0000007,Autosomal recessive inheritance,7.0,HP:0007737; HP:0001263; HP:0010442; HP:0000510; HP:0007843; HP:0001249; HP:0001513,Spicular pigmentation of the retina; Global developmental delay; Polydactyly; Rod-cone dystrophy; Attenuation of retinal blood vessels; Intellectual disability; Obesity,0.0,1.0,0.0,1.0,0.0,0.0,0.0,1.0,0.0,1.0,1.0,0.0,0.0,1.0,0.0,exact_omim,OMIM:615990
CILP_0029,Primary,Bardet–Biedl Syndrome,Bardet–Biedl Syndrome [OMIM phenotype 615991],BBS14,615991,CEP290,1,Multisystem ciliopathy,AR,HP:0000007,Autosomal recessive inheritance,7.0,HP:0000639; HP:0000083; HP:0001263; HP:0010442; HP:0000510; HP:0001513; HP:0001249,Nystagmus; Renal insufficiency; Global developmental delay; Polydactyly; Rod-cone dystrophy; Obesity; Intellectual disability,0.0,0.0,0.0,1.0,0.0,1.0,0.0,1.0,0.0,1.0,1.0,0.0,0.0,1.0,0.0,exact_omim,OMIM:615991
CILP_0030,Primary,Bardet–Biedl Syndrome,Bardet–Biedl Syndrome [OMIM phenotype 615992],BBS15,615992,WDPCP,1,Multisystem ciliopathy,AR,HP:0000007,Autosomal recessive inheritance,,,,,,,,,,,,,,,,,,,exact_omim,OMIM:615992
CILP_0031,Primary,Bardet–Biedl Syndrome,Bardet–Biedl Syndrome [OMIM phenotype 615993],BBS16,615993,SDCCAG8,1,Multisystem ciliopathy,AR,HP:0000007,Autosomal recessive inheritance,21.0,HP:0000110; HP:0003774; HP:0000365; HP:0004322; HP:0002098; HP:0000083; HP:0001263; HP:0003241; HP:0010442; HP:0011950; HP:0100543; HP:0000107; HP:0000403; HP:0000546; HP:0007663; HP:0002205; HP:0000510; HP:0000135; HP:0001249; HP:0001513; HP:0000104,Renal dysplasia; Stage 5 chronic kidney disease; Hearing impairment; Short stature; Respiratory distress; Renal insufficiency; Global developmental delay; External genital hypoplasia; Polydactyly; Bronchiolitis; Cognitive impairment; Renal cyst; Recurrent otitis media; Retinal degeneration; Reduced visual acuity; Recurrent respiratory infections; Rod-cone dystrophy; Hypogonadism; Intellectual disability; Obesity; Renal agenesis,0.0,0.0,1.0,1.0,1.0,1.0,1.0,1.0,0.0,1.0,1.0,0.0,1.0,1.0,0.0,exact_omim,OMIM:615993
CILP_0032,Primary,Bardet–Biedl Syndrome,Bardet–Biedl Syndrome [OMIM phenotype 615994],BBS17,615994,LZTFL1,1,Multisystem ciliopathy,AR,HP:0000007,Autosomal recessive inheritance,28.0,HP:0003774; HP:0007737; HP:0001696; HP:0001156; HP:0001651; HP:0010442; HP:0100543; HP:0000458; HP:0007401; HP:0006159; HP:0000510; HP:0000135; HP:0001249; HP:0002311; HP:0000054; HP:0001162; HP:0001263; HP:0100260; HP:0001959; HP:0000107; HP:0000546; HP:0004409; HP:0000505; HP:0000548; HP:0001830; HP:0000103; HP:0001513; HP:0004689,Stage 5 chronic kidney disease; Spicular pigmentation of the retina; Situs inversus totalis; Brachydactyly; Dextrocardia; Polydactyly; Cognitive impairment; Anosmia; Macular atrophy; Mesoaxial hand polydactyly; Rod-cone dystrophy; Hypogonadism; Intellectual disability; Incoordination; Micropenis; Postaxial hand polydactyly; Global developmental delay; Mesoaxial polydactyly; Polydipsia; Renal cyst; Retinal degeneration; Hyposmia; Visual impairment; Cone/cone-rod dystrophy; Postaxial foot polydactyly; Polyuria; Obesity; Short fourth metatarsal,0.0,1.0,1.0,1.0,0.0,1.0,0.0,1.0,1.0,1.0,1.0,0.0,0.0,1.0,0.0,exact_omim,OMIM:615994
CILP_0033,Primary,Bardet–Biedl Syndrome,Bardet–Biedl Syndrome [OMIM phenotype 615995],BBS18,615995,BBIP1,1,Multisystem ciliopathy,AR,HP:0000007,Autosomal recessive inheritance,8.0,HP:0003774; HP:0001156; HP:0000518; HP:0000083; HP:0000510; HP:0001513; HP:0000556; HP:0001249,Stage 5 chronic kidney disease; Brachydactyly; Cataract; Renal insufficiency; Rod-cone dystrophy; Obesity; Retinal dystrophy; Intellectual disability,0.0,0.0,0.0,1.0,0.0,1.0,0.0,1.0,0.0,1.0,1.0,0.0,0.0,1.0,0.0,exact_omim,OMIM:615995
CILP_0034,Primary,Bardet–Biedl Syndrome,Bardet–Biedl Syndrome [OMIM phenotype 615996],BBS19,615996,IFT27,1,Multisystem ciliopathy,AR,HP:0000007,Autosomal recessive inheritance,27.0,HP:0001397; HP:0000365; HP:0000089; HP:0000083; HP:0004383; HP:0011577; HP:0001629; HP:0006159; HP:0001643; HP:0000510; HP:0020049; HP:0000135; HP:0001249; HP:0000750; HP:0031936; HP:0002079; HP:0001263; HP:0003241; HP:0100259; HP:0006042; HP:0004409; HP:0000548; HP:0001830; HP:0001631; HP:0000545; HP:0001513; HP:0000126,Hepatic steatosis; Hearing impairment; Renal hypoplasia; Renal insufficiency; Hypoplastic left ventricle; Partial atrioventricular canal defect; Ventricular septal defect; Mesoaxial hand polydactyly; Patent ductus arteriosus; Rod-cone dystrophy; Exodeviation; Hypogonadism; Intellectual disability; Delayed speech and language development; Delayed ability to walk; Hypoplasia of the corpus callosum; Global developmental delay; External genital hypoplasia; Postaxial polydactyly; Y-shaped metacarpals; Hyposmia; Cone/cone-rod dystrophy; Postaxial foot polydactyly; Atrial septal defect; Myopia; Obesity; Hydronephrosis,1.0,1.0,1.0,1.0,1.0,1.0,0.0,1.0,1.0,1.0,1.0,1.0,0.0,1.0,0.0,exact_omim,OMIM:615996
CILP_0035,Primary,Bardet–Biedl Syndrome,Bardet–Biedl Syndrome [OMIM phenotype 617119],BBS22,617119,IFT74,1,Multisystem ciliopathy,AR,HP:0000007,Autosomal recessive inheritance,13.0,HP:0000252; HP:0000750; HP:0001520; HP:0002591; HP:0010442; HP:0000505; HP:0001830; HP:0000510; HP:0000135; HP:0000256; HP:0001249; HP:0001513; HP:0007988,Microcephaly; Delayed speech and language development; Large for gestational age; Polyphagia; Polydactyly; Visual impairment; Postaxial foot polydactyly; Rod-cone dystrophy; Hypogonadism; Macrocephaly; Intellectual disability; Obesity; Macular hypopigmentation,0.0,0.0,1.0,1.0,0.0,1.0,0.0,1.0,1.0,1.0,1.0,0.0,0.0,1.0,0.0,exact_omim,OMIM:617119
CILP_0036,Primary,Bardet–Biedl Syndrome,Bardet–Biedl Syndrome [OMIM phenotype 617406],BBS21,617406,C8orf37,1,Multisystem ciliopathy,AR,HP:0000007,Autosomal recessive inheritance,18.0,HP:0001133; HP:0000164; HP:0000750; HP:0030631; HP:0001162; HP:0000085; HP:0030329; HP:0000618; HP:0007750; HP:0030483; HP:0000668; HP:0025502; HP:0000548; HP:0000510; HP:0002910; HP:0001513; HP:0000545; HP:0001105,Constriction of peripheral visual field; Abnormality of the dentition; Delayed speech and language development; Hyperautofluorescent macular lesion; Postaxial hand polydactyly; Horseshoe kidney; Retinal thinning on OCT; Blindness; Hypoplasia of the fovea; Reduced amplitude of dark-adapted bright flash electroretinogram a-wave; Hypodontia; Overweight; Cone/cone-rod dystrophy; Rod-cone dystrophy; Elevated circulating hepatic transaminase concentration; Obesity; Myopia; Retinal atrophy,0.0,0.0,0.0,1.0,0.0,1.0,0.0,1.0,1.0,1.0,1.0,1.0,0.0,1.0,0.0,exact_omim,OMIM:617406
CILP_0037,Primary,Bardet–Biedl Syndrome,Bardet–Biedl Syndrome [OMIM phenotype 619471],BBS20,619471,IFT172,1,Multisystem ciliopathy,AR,HP:0000007,Autosomal recessive inheritance,26.0,HP:0006889; HP:0001133; HP:0000483; HP:0000662; HP:0000540; HP:0012841; HP:0002516; HP:0000510; HP:0001841; HP:0002910; HP:0000054; HP:0000750; HP:0003124; HP:0001085; HP:0001162; HP:0002099; HP:0001263; HP:0004691; HP:0000093; HP:0100259; HP:0012047; HP:0000026; HP:0001631; HP:0008689; HP:0001513; HP:0001733,Borderline intellectual disability; Constriction of peripheral visual field; Astigmatism; Nyctalopia; Hypermetropia; Retinal vascular tortuosity; Increased intracranial pressure; Rod-cone dystrophy; Preaxial foot polydactyly; Elevated circulating hepatic transaminase concentration; Micropenis; Delayed speech and language development; Hypercholesterolemia; Papilledema; Postaxial hand polydactyly; Asthma; Global developmental delay; 2-3 toe syndactyly; Proteinuria; Postaxial polydactyly; Hemeralopia; Male hypogonadism; Atrial septal defect; Bilateral cryptorchidism; Obesity; Pancreatitis,1.0,1.0,1.0,1.0,0.0,1.0,1.0,1.0,0.0,1.0,1.0,1.0,1.0,1.0,0.0,exact_omim,OMIM:619471
CILP_0038,Primary,Bardet–Biedl Syndrome,Bardet–Biedl Syndrome [OMIM phenotype No MIM Number],BBS,No MIM Number,IFT81; SCLT1; TTC21B,3,Multisystem ciliopathy,AR,HP:0000007,Autosomal recessive inheritance,168.0,HP:0000483; HP:0000365; HP:0001773; HP:0000486; HP:0001251; HP:0002141; HP:0012743; HP:0000518; HP:0000639; HP:0012393; HP:0001328; HP:0000678; HP:0009466; HP:0001769; HP:0008734; HP:0000510; HP:0007843; HP:0001007; HP:0001249; HP:0000556; HP:0002311; HP:0000054; HP:0009806; HP:0001263; HP:0010750; HP:0100259; HP:0002705; HP:0007994; HP:0007737; HP:0000662; HP:0002167; HP:0001156; HP:0030631; HP:0001395; HP:0000819; HP:0001829; HP:0000855; HP:0007663; HP:0000218; HP:0000135; HP:0000256; HP:0000137; HP:0000077; HP:0000750; HP:0002650; HP:0001162; HP:0002099; HP:0002251; HP:0001080; HP:0000508; HP:0000822; HP:0000668; HP:0001712; HP:0000546; HP:0001956; HP:0001830; HP:0001159; HP:0000501; HP:0000545; HP:0001513; HP:0000786; HP:0000148; HP:0000089; HP:0003241; HP:0000580; HP:0005180; HP:0000505; HP:0000107; HP:0000047; HP:0011939; HP:0010946; HP:0000041; HP:0012745; HP:0012622; HP:0031624; HP:0000319; HP:0032285; HP:0001647; HP:0000414; HP:0000752; HP:0000311; HP:0001644; HP:0000494; HP:0000233; HP:0000490; HP:0000470; HP:0005280; HP:0001959; HP:0001511; HP:0000103; HP:0001631; HP:0000003; HP:0000164; HP:0010442; HP:0000028; HP:0001256; HP:0004209; HP:0007401; HP:0007754; HP:0000543; HP:0007787; HP:0000160; HP:0000272; HP:0004691; HP:0000316; HP:0030084; HP:0000110; HP:0001696; HP:0000248; HP:0000083; HP:0003074; HP:0000858; HP:0002591; HP:0001250; HP:0000488; HP:0000072; HP:0031500; HP:0100543; HP:0000800; HP:0030010; HP:0000126; HP:0003774; HP:0004322; HP:0002098; HP:0011950; HP:0000403; HP:0002205; HP:0000104; HP:0001651; HP:0000458; HP:0006159; HP:0100260; HP:0004409; HP:0000548; HP:0004689; HP:0001397; HP:0004383; HP:0011577; HP:0001629; HP:0001643; HP:0020049; HP:0031936; HP:0002079; HP:0006042; HP:0000252; HP:0001520; HP:0007988; HP:0001133; HP:0000085; HP:0030329; HP:0000618; HP:0007750; HP:0030483; HP:0025502; HP:0002910; HP:0001105; HP:0006889; HP:0000540; HP:0012841; HP:0002516; HP:0001841; HP:0003124; HP:0001085; HP:0000093; HP:0012047; HP:0000026; HP:0008689; HP:0001733,"Astigmatism; Hearing impairment; Short foot; Strabismus; Ataxia; Gait imbalance; Abdominal obesity; Cataract; Nystagmus; Allergy; Specific learning disability; Dental crowding; Radial deviation of finger; Broad foot; Decreased testicular size; Rod-cone dystrophy; Attenuation of retinal blood vessels; Hirsutism; Intellectual disability; Retinal dystrophy; Incoordination; Micropenis; Nephrogenic diabetes insipidus; Global developmental delay; Dermatochalasis; Postaxial polydactyly; High, narrow palate; Peripheral visual field loss; Spicular pigmentation of the retina; Nyctalopia; Abnormal speech pattern; Brachydactyly; Hyperautofluorescent macular lesion; Hepatic fibrosis; Diabetes mellitus; Foot polydactyly; Insulin resistance; Reduced visual acuity; High palate; Hypogonadism; Macrocephaly; Abnormality of the ovary; Abnormality of the kidney; Delayed speech and language development; Scoliosis; Postaxial hand polydactyly; Asthma; Aganglionic megacolon; Biliary tract abnormality; Ptosis; Hypertension; Hypodontia; Left ventricular hypertrophy; Retinal degeneration; Truncal obesity; Postaxial foot polydactyly; Syndactyly; Glaucoma; Myopia; Obesity; Primary amenorrhea; Vaginal atresia; Renal hypoplasia; External genital hypoplasia; Pigmentary retinopathy; Tricuspid regurgitation; Visual impairment; Renal cyst; Hypospadias; 3-4 finger cutaneous syndactyly; Dilatation of the renal pelvis; Chordee; Short palpebral fissure; Chronic kidney disease; Moderate myopia; Smooth philtrum; Ultra-low vision with retained light projection; Bicuspid aortic valve; Bulbous nose; Hyperactivity; Round face; Dilated cardiomyopathy; Downslanted palpebral fissures; Thin vermilion border; Deeply set eye; Short neck; Depressed nasal bridge; Polydipsia; Intrauterine growth retardation; Polyuria; Atrial septal defect; Multicystic kidney dysplasia; Abnormality of the dentition; Polydactyly; Cryptorchidism; Mild intellectual disability; Clinodactyly of the 5th finger; Macular atrophy; Macular dystrophy; Optic disc pallor; Posterior subcapsular cataract; Narrow mouth; Malar flattening; 2-3 toe syndactyly; Hypertelorism; Clinodactyly; Renal dysplasia; Situs inversus totalis; Brachycephaly; Renal insufficiency; Hyperglycemia; Irregular menstruation; Polyphagia; Seizure; Retinopathy; Hydroureter; Abdominal mass; Cognitive impairment; Cystic renal dysplasia; Hydrometrocolpos; Hydronephrosis; Stage 5 chronic kidney disease; Short stature; Respiratory distress; Bronchiolitis; Recurrent otitis media; Recurrent respiratory infections; Renal agenesis; Dextrocardia; Anosmia; Mesoaxial hand polydactyly; Mesoaxial polydactyly; Hyposmia; Cone/cone-rod dystrophy; Short fourth metatarsal; Hepatic steatosis; Hypoplastic left ventricle; Partial atrioventricular canal defect; Ventricular septal defect; Patent ductus arteriosus; Exodeviation; Delayed ability to walk; Hypoplasia of the corpus callosum; Y-shaped metacarpals; Microcephaly; Large for gestational age; Macular hypopigmentation; Constriction of peripheral visual field; Horseshoe kidney; Retinal thinning on OCT; Blindness; Hypoplasia of the fovea; Reduced amplitude of dark-adapted bright flash electroretinogram a-wave; Overweight; Elevated circulating hepatic transaminase concentration; Retinal atrophy; Borderline intellectual disability; Hypermetropia; Retinal vascular tortuosity; Increased intracranial pressure; Preaxial foot polydactyly; Hypercholesterolemia; Papilledema; Proteinuria; Hemeralopia; Male hypogonadism; Bilateral cryptorchidism; Pancreatitis",1.0,1.0,1.0,1.0,1.0,1.0,1.0,1.0,1.0,1.0,1.0,1.0,1.0,1.0,1.0,family_aggregate_from_exact_omim,OMIM:209900; OMIM:600151; OMIM:605231; OMIM:615981; OMIM:615982; OMIM:615983; OMIM:615984; OMIM:615985; OMIM:615986; OMIM:615987; OMIM:615988; OMIM:615989; OMIM:615990; OMIM:615991; OMIM:615992; OMIM:615993; OMIM:615994; OMIM:615995; OMIM:615996; OMIM:617119; OMIM:617406; OMIM:619471
CILP_0039,Primary,Bazex-Dupré-Christol Syndrome,Bazex-Dupré-Christol Syndrome [OMIM phenotype 301845],BZX,301845,ACTRT1,1,Atypical / secondary ciliopathy,XLD,HP:0001423,X-linked dominant inheritance,19.0,HP:0001056; HP:0003764; HP:0001047; HP:0000430; HP:0000221; HP:0001382; HP:0002671; HP:0025367; HP:0008070; HP:0040154; HP:0032152; HP:0000418; HP:0000953; HP:0000964; HP:0000966; HP:0002208; HP:0009886; HP:0009765; HP:0003777,Milia; Nevus; Atopic dermatitis; Underdeveloped nasal alae; Furrowed tongue; Joint hypermobility; Basal cell carcinoma; Trichoepithelioma; Sparse hair; Acne inversa; Keratosis pilaris; Narrow nasal ridge; Hyperpigmentation of the skin; Eczematoid dermatitis; Hypohidrosis; Coarse hair; Trichorrhexis nodosa; Low hanging columella; Pili torti,0.0,0.0,0.0,0.0,0.0,0.0,1.0,0.0,1.0,0.0,0.0,0.0,0.0,1.0,1.0,exact_omim,OMIM:301845
CILP_0040,Primary,Bilateral Polycystic Kidney Disease,Bilateral Polycystic Kidney Disease [OMIM phenotype No MIM Number],PKD,No MIM Number,TTC21B,1,Renal-hepatic ciliopathy,INCOMPLETE_PENETRANCE; AD; AR,HP:0003829; HP:0000006; HP:0000007,Typified by incomplete penetrance; Autosomal dominant inheritance; Autosomal recessive inheritance,107.0,HP:0003774; HP:0000010; HP:0001696; HP:0001651; HP:0003155; HP:0000083; HP:0005562; HP:0002240; HP:0011800; HP:0030948; HP:0006254; HP:0000822; HP:0001407; HP:0002900; HP:0000113; HP:0003259; HP:0000952; HP:0000324; HP:0012213; HP:0001997; HP:0001410; HP:0004944; HP:0009717; HP:0006772; HP:0000023; HP:0000074; HP:0012624; HP:0012625; HP:0000093; HP:0012626; HP:0033261; HP:0000003; HP:0000787; HP:0001634; HP:0002089; HP:0005576; HP:0001395; HP:0002040; HP:0001409; HP:0004719; HP:0001944; HP:0001405; HP:0001744; HP:0008659; HP:0001562; HP:0005564; HP:0000107; HP:0001737; HP:0002009; HP:0000105; HP:0002248; HP:0004322; HP:0000097; HP:0000090; HP:0001959; HP:0001712; HP:0000103; HP:0012585; HP:0032948; HP:0005565; HP:0001433; HP:0001396; HP:0001510; HP:0001971; HP:0002612; HP:0002630; HP:0002878; HP:0002902; HP:0004905; HP:0006560; HP:0011040; HP:0011892; HP:0011968; HP:0012202; HP:0100512; HP:0100513; HP:0001541; HP:0001873; HP:0001919; HP:0002239; HP:0002243; HP:0002791; HP:0002884; HP:0006532; HP:0030151; HP:0100520; HP:0000347; HP:0000369; HP:0000457; HP:0002108; HP:0030153; HP:0040064; HP:0100543; HP:0000790; HP:0012591; HP:0012592; HP:0012622; HP:0030157; HP:0000791; HP:0002616; HP:0006557; HP:0008672; HP:0011004; HP:0012207; HP:0012330; HP:0100702; HP:0011760,Stage 5 chronic kidney disease; Recurrent urinary tract infections; Situs inversus totalis; Dextrocardia; Elevated circulating alkaline phosphatase concentration; Renal insufficiency; Multiple renal cysts; Hepatomegaly; Midface retrusion; Elevated gamma-glutamyltransferase level; Elevated circulating alpha-fetoprotein concentration; Hypertension; Hepatic cysts; Hypokalemia; Polycystic kidney dysplasia; Elevated circulating creatinine concentration; Jaundice; Facial asymmetry; Decreased glomerular filtration rate; Gout; Decreased liver function; Dilatation of the cerebral artery; Cortical tubers; Renal angiomyolipoma; Inguinal hernia; Ureteropelvic junction obstruction; Stage 2 chronic kidney disease; Stage 3 chronic kidney disease; Proteinuria; Stage 4 chronic kidney disease; Renal artery aneurysm; Multicystic kidney dysplasia; Nephrolithiasis; Mitral valve prolapse; Pulmonary hypoplasia; Tubulointerstitial fibrosis; Hepatic fibrosis; Esophageal varix; Portal hypertension; Hyperechogenic kidneys; Dehydration; Periportal fibrosis; Splenomegaly; Multiple small medullary renal cysts; Oligohydramnios; Absence of renal corticomedullary differentiation; Renal cyst; Pancreatic cysts; Potter facies; Enlarged kidney; Hematemesis; Short stature; Focal segmental glomerulosclerosis; Nephronophthisis; Polydipsia; Left ventricular hypertrophy; Polyuria; Renal atrophy; Renal interstitial fibrosis; Reduced renal corticomedullary differentiation; Hepatosplenomegaly; Cholestasis; Growth delay; Hypersplenism; Congenital hepatic fibrosis; Fat malabsorption; Respiratory failure; Hyponatremia; Reduced circulating vitamin A concentration; Biliary hyperplasia; Abnormal intrahepatic bile duct morphology; Decreased circulating vitamin K concentration; Feeding difficulties; Increased serum bile acid concentration; Decreased circulating vitamin D concentration; Decreased circulating vitamin E concentration; Ascites; Thrombocytopenia; Acute kidney injury; Gastrointestinal hemorrhage; Protein-losing enteropathy; Hypoventilation; Hepatoblastoma; Recurrent pneumonia; Cholangitis; Oliguria; Micrognathia; Low-set ears; Depressed nasal ridge; Spontaneous pneumothorax; Cholangiocarcinoma; Abnormality of limbs; Cognitive impairment; Hematuria; Abnormal urinary electrolyte concentration; Albuminuria; Chronic kidney disease; Flank pain; Uric acid nephrolithiasis; Aortic root aneurysm; Polycystic liver disease; Calcium oxalate nephrolithiasis; Abnormal systemic arterial morphology; Reduced sperm motility; Pyelonephritis; Arachnoid cyst; Pituitary growth hormone cell adenoma,1.0,1.0,1.0,0.0,1.0,1.0,1.0,1.0,1.0,1.0,1.0,1.0,1.0,1.0,1.0,keyword_family_match,OMIM:263200; OMIM:600273; OMIM:600666; OMIM:613095; OMIM:617610; OMIM:618061; OMIM:620056; OMIM:620903; OMIM:621164; ORPHA:730; ORPHA:731
CILP_0041,Primary,"Biliary, Renal, Neurologic, and Skeletal Syndrome","Biliary, Renal, Neurologic, and Skeletal Syndrome [OMIM phenotype 619534]",BRENS,619534,TTC26,1,Renal-hepatic ciliopathy,AR,HP:0000007,Autosomal recessive inheritance,103.0,HP:0000365; HP:0001696; HP:0001695; HP:0002783; HP:0004322; HP:0000083; HP:0002020; HP:0003073; HP:0010445; HP:0010442; HP:0004719; HP:0000238; HP:0000873; HP:0031956; HP:0003124; HP:0000490; HP:0002151; HP:0033614; HP:0100259; HP:0007430; HP:0000369; HP:0001612; HP:0000126; HP:0001396; HP:0000582; HP:0010946; HP:0000463; HP:0001395; HP:0001394; HP:0002240; HP:0031964; HP:0040319; HP:0006695; HP:0025116; HP:0001942; HP:0006579; HP:0002410; HP:0006956; HP:0001561; HP:0000232; HP:0001684; HP:0002099; HP:0011622; HP:0010774; HP:0002092; HP:0011344; HP:0001159; HP:0002007; HP:0000589; HP:0001651; HP:0001250; HP:0003155; HP:0001252; HP:0003270; HP:0011579; HP:0001409; HP:0001408; HP:0000316; HP:0003429; HP:0002612; HP:0001643; HP:0002613; HP:0000311; HP:0000952; HP:0001541; HP:0001382; HP:0001263; HP:0011565; HP:0030948; HP:0003281; HP:0031358; HP:0005180; HP:0002908; HP:0000969; HP:0012382; HP:0012383; HP:0002904; HP:0012020; HP:0004927; HP:0001659; HP:0001257; HP:0001655; HP:0003774; HP:0010627; HP:0000023; HP:0012408; HP:0033542; HP:0002040; HP:0033149; HP:0010068; HP:0012766; HP:0001508; HP:0001629; HP:0000938; HP:0006892; HP:0000411; HP:0001744; HP:0004976; HP:0000276; HP:0005280; HP:0011304; HP:0002205; HP:0003259,Hearing impairment; Situs inversus totalis; Cardiac arrest; Recurrent lower respiratory tract infections; Short stature; Renal insufficiency; Gastroesophageal reflux; Hypoalbuminemia; Primum atrial septal defect; Polydactyly; Hyperechogenic kidneys; Hydrocephalus; Diabetes insipidus; Elevated circulating aspartate aminotransferase concentration; Hypercholesterolemia; Deeply set eye; Increased circulating lactate concentration; Tracheal bronchus; Postaxial polydactyly; Generalized edema; Low-set ears; Weak cry; Hydronephrosis; Cholestasis; Upslanted palpebral fissure; Dilatation of the renal pelvis; Anteverted nares; Hepatic fibrosis; Cirrhosis; Hepatomegaly; Elevated circulating alanine aminotransferase concentration; Dark urine; Atrioventricular canal defect; Fetal distress; Metabolic acidosis; Prolonged neonatal jaundice; Aqueductal stenosis; Lateral ventricle dilatation; Polyhydramnios; Everted lower lip vermilion; Secundum atrial septal defect; Asthma; Inlet ventricular septal defect; Cor triatriatum; Pulmonary arterial hypertension; Severe global developmental delay; Syndactyly; Frontal bossing; Coloboma; Dextrocardia; Seizure; Elevated circulating alkaline phosphatase concentration; Hypotonia; Abdominal distention; Unbalanced atrioventricular canal defect; Portal hypertension; Bile duct proliferation; Hypertelorism; CNS hypomyelination; Congenital hepatic fibrosis; Patent ductus arteriosus; Biliary cirrhosis; Round face; Jaundice; Ascites; Joint hypermobility; Global developmental delay; Common atrium; Elevated gamma-glutamyltransferase level; Increased circulating ferritin concentration; Vegetative state; Tricuspid regurgitation; Conjugated hyperbilirubinemia; Edema; Left-to-right shunt; Bidirectional shunt; Hyperbilirubinemia; Right aortic arch; Pulmonary artery dilatation; Aortic regurgitation; Spasticity; Patent foramen ovale; Stage 5 chronic kidney disease; Anterior pituitary hypoplasia; Inguinal hernia; Medullary nephrocalcinosis; Bronchial wall thickening; Esophageal varix; Intrahepatic bile duct dilatation; Broad first metatarsal; Widened cerebral subarachnoid space; Failure to thrive; Ventricular septal defect; Osteopenia; Frontotemporal cerebral atrophy; Protruding ear; Splenomegaly; Knee dislocation; Long face; Depressed nasal bridge; Broad thumb; Recurrent respiratory infections; Elevated circulating creatinine concentration,1.0,1.0,1.0,1.0,1.0,1.0,1.0,1.0,1.0,1.0,1.0,1.0,1.0,1.0,1.0,exact_omim,OMIM:619534
CILP_0042,Motile,Birt-Hogg-Dubé Syndrome,Birt-Hogg-Dubé Syndrome [OMIM phenotype 135150],BHD,135150,FLCN,1,General / needs curation,AD,HP:0000006,Autosomal dominant inheritance,13.0,HP:0001012; HP:0030436; HP:0003003; HP:0030255; HP:0005584; HP:0032227; HP:0032228; HP:0000107; HP:0002108; HP:0007620; HP:0005948; HP:0009726; HP:0006755,Multiple lipomas; Fibrofolliculoma; Colon cancer; Large intestinal polyposis; Renal cell carcinoma; Sebaceous hyperplasia; Trichodiscoma; Renal cyst; Spontaneous pneumothorax; Cutaneous leiomyoma; Multiple pulmonary cysts; Renal neoplasm; Cutaneous leiomyosarcoma,1.0,0.0,0.0,0.0,0.0,1.0,0.0,0.0,0.0,0.0,0.0,0.0,1.0,1.0,1.0,exact_omim,OMIM:135150
CILP_0043,Primary,COACH Syndrome,COACH Syndrome [OMIM phenotype 216360],COACH1,216360,TMEM67,1,Neurodevelopmental ciliopathy,AR,HP:0000007,Autosomal recessive inheritance,41.0,HP:0003774; HP:0002342; HP:0000463; HP:0000122; HP:0001332; HP:0001250; HP:0002085; HP:0001252; HP:0001395; HP:0001394; HP:0002240; HP:0001251; HP:0001290; HP:0002040; HP:0002084; HP:0033149; HP:0001409; HP:0000639; HP:0000316; HP:0000657; HP:0002617; HP:0002419; HP:0000311; HP:0002910; HP:0001744; HP:0008659; HP:0001347; HP:0000154; HP:0001320; HP:0001162; HP:0006817; HP:0001263; HP:0000090; HP:0000508; HP:0000822; HP:0001438; HP:0000107; HP:0000543; HP:0001257; HP:0001510; HP:0000589,Stage 5 chronic kidney disease; Moderate intellectual disability; Anteverted nares; Unilateral renal agenesis; Dystonia; Seizure; Occipital encephalocele; Hypotonia; Hepatic fibrosis; Cirrhosis; Hepatomegaly; Ataxia; Generalized hypotonia; Esophageal varix; Encephalocele; Intrahepatic bile duct dilatation; Portal hypertension; Nystagmus; Hypertelorism; Oculomotor apraxia; Vascular dilatation; Molar tooth sign on MRI; Round face; Elevated circulating hepatic transaminase concentration; Splenomegaly; Multiple small medullary renal cysts; Hyperreflexia; Wide mouth; Cerebellar vermis hypoplasia; Postaxial hand polydactyly; Aplasia/Hypoplasia of the cerebellar vermis; Global developmental delay; Nephronophthisis; Ptosis; Hypertension; Abnormal abdomen morphology; Renal cyst; Optic disc pallor; Spasticity; Growth delay; Coloboma,1.0,1.0,0.0,1.0,0.0,1.0,1.0,1.0,1.0,1.0,1.0,1.0,0.0,1.0,0.0,exact_omim,OMIM:216360
CILP_0044,Primary,COACH Syndrome,COACH Syndrome [OMIM phenotype 619111],COACH2,619111,CC2D2A,1,Neurodevelopmental ciliopathy,AR,HP:0000007,Autosomal recessive inheritance,18.0,HP:0001320; HP:0000486; HP:0001395; HP:0001274; HP:0001263; HP:0006580; HP:0004719; HP:0000657; HP:0000822; HP:0005949; HP:0000238; HP:0002419; HP:0002612; HP:0002910; HP:0000589; HP:0000567; HP:0003259; HP:0001249,Cerebellar vermis hypoplasia; Strabismus; Hepatic fibrosis; Agenesis of corpus callosum; Global developmental delay; Portal fibrosis; Hyperechogenic kidneys; Oculomotor apraxia; Hypertension; Apneic episodes in infancy; Hydrocephalus; Molar tooth sign on MRI; Congenital hepatic fibrosis; Elevated circulating hepatic transaminase concentration; Coloboma; Chorioretinal coloboma; Elevated circulating creatinine concentration; Intellectual disability,1.0,1.0,0.0,1.0,0.0,1.0,0.0,0.0,0.0,0.0,1.0,1.0,1.0,0.0,0.0,exact_omim,OMIM:619111
CILP_0045,Primary,COACH Syndrome,COACH Syndrome [OMIM phenotype 619113],COACH3,619113,RPGRIP1L,1,Neurodevelopmental ciliopathy,AR,HP:0000007,Autosomal recessive inheritance,16.0,HP:0032945; HP:0003774; HP:0000486; HP:0032948; HP:0000083; HP:0001263; HP:0001251; HP:0001290; HP:0000090; HP:0000092; HP:0006580; HP:0001903; HP:0000729; HP:0000508; HP:0000657; HP:0002419,Renal interstitial inflammation; Stage 5 chronic kidney disease; Strabismus; Renal interstitial fibrosis; Renal insufficiency; Global developmental delay; Ataxia; Generalized hypotonia; Nephronophthisis; Renal tubular atrophy; Portal fibrosis; Anemia; Autistic behavior; Ptosis; Oculomotor apraxia; Molar tooth sign on MRI,1.0,0.0,0.0,1.0,0.0,1.0,0.0,0.0,0.0,0.0,1.0,0.0,0.0,1.0,0.0,exact_omim,OMIM:619113
CILP_0046,Primary,COACH Syndrome,COACH Syndrome [OMIM phenotype No MIM Number],COACH,No MIM Number,PMM2,1,Neurodevelopmental ciliopathy,AR,HP:0000007,Autosomal recessive inheritance,57.0,HP:0003774; HP:0002342; HP:0000463; HP:0000122; HP:0001332; HP:0001250; HP:0002085; HP:0001252; HP:0001395; HP:0001394; HP:0002240; HP:0001251; HP:0001290; HP:0002040; HP:0002084; HP:0033149; HP:0001409; HP:0000639; HP:0000316; HP:0000657; HP:0002617; HP:0002419; HP:0000311; HP:0002910; HP:0001744; HP:0008659; HP:0001347; HP:0000154; HP:0001320; HP:0001162; HP:0006817; HP:0001263; HP:0000090; HP:0000508; HP:0000822; HP:0001438; HP:0000107; HP:0000543; HP:0001257; HP:0001510; HP:0000589; HP:0000486; HP:0001274; HP:0006580; HP:0004719; HP:0005949; HP:0000238; HP:0002612; HP:0000567; HP:0003259; HP:0001249; HP:0032945; HP:0032948; HP:0000083; HP:0000092; HP:0001903; HP:0000729,Stage 5 chronic kidney disease; Moderate intellectual disability; Anteverted nares; Unilateral renal agenesis; Dystonia; Seizure; Occipital encephalocele; Hypotonia; Hepatic fibrosis; Cirrhosis; Hepatomegaly; Ataxia; Generalized hypotonia; Esophageal varix; Encephalocele; Intrahepatic bile duct dilatation; Portal hypertension; Nystagmus; Hypertelorism; Oculomotor apraxia; Vascular dilatation; Molar tooth sign on MRI; Round face; Elevated circulating hepatic transaminase concentration; Splenomegaly; Multiple small medullary renal cysts; Hyperreflexia; Wide mouth; Cerebellar vermis hypoplasia; Postaxial hand polydactyly; Aplasia/Hypoplasia of the cerebellar vermis; Global developmental delay; Nephronophthisis; Ptosis; Hypertension; Abnormal abdomen morphology; Renal cyst; Optic disc pallor; Spasticity; Growth delay; Coloboma; Strabismus; Agenesis of corpus callosum; Portal fibrosis; Hyperechogenic kidneys; Apneic episodes in infancy; Hydrocephalus; Congenital hepatic fibrosis; Chorioretinal coloboma; Elevated circulating creatinine concentration; Intellectual disability; Renal interstitial inflammation; Renal interstitial fibrosis; Renal insufficiency; Renal tubular atrophy; Anemia; Autistic behavior,1.0,1.0,0.0,1.0,0.0,1.0,1.0,1.0,1.0,1.0,1.0,1.0,1.0,1.0,0.0,family_aggregate_from_exact_omim,OMIM:216360; OMIM:619111; OMIM:619113
CILP_0047,Primary,Caroli Disease,Caroli Disease [OMIM phenotype 600643],CD,600643,PKHD1,1,Renal-hepatic ciliopathy,Autosomal recessive,,,31.0,HP:0001396; HP:0000952; HP:0001406; HP:0002027; HP:0002908; HP:0003155; HP:0030151; HP:0030948; HP:0000113; HP:0000989; HP:0001081; HP:0001394; HP:0001541; HP:0001744; HP:0001824; HP:0001945; HP:0001974; HP:0002013; HP:0002018; HP:0002039; HP:0002040; HP:0002240; HP:0025143; HP:0031964; HP:0032106; HP:0032545; HP:0001395; HP:0001409; HP:0002613; HP:0030153; HP:0100523,Cholestasis; Jaundice; Intrahepatic cholestasis; Abdominal pain; Conjugated hyperbilirubinemia; Elevated circulating alkaline phosphatase concentration; Cholangitis; Elevated gamma-glutamyltransferase level; Polycystic kidney dysplasia; Pruritus; Cholelithiasis; Cirrhosis; Ascites; Splenomegaly; Weight loss; Fever; Increased total leukocyte count; Vomiting; Nausea; Anorexia; Esophageal varix; Hepatomegaly; Chills; Elevated circulating alanine aminotransferase concentration; Conjunctival icterus; Abdominal rigidity; Hepatic fibrosis; Portal hypertension; Biliary cirrhosis; Cholangiocarcinoma; Liver abscess,1.0,1.0,0.0,0.0,0.0,1.0,1.0,1.0,1.0,0.0,0.0,1.0,0.0,0.0,1.0,exact_name_db,ORPHA:53035
CILP_0048,Primary,Carpenter Syndrome,Carpenter Syndrome [OMIM phenotype 201000],CRPT1,201000,RAB23,1,Skeletal ciliopathy,AR,HP:0000007,Autosomal recessive inheritance,67.0,HP:0000286; HP:0007759; HP:0001770; HP:0004322; HP:0004443; HP:0004442; HP:0000482; HP:0004440; HP:0010093; HP:0006397; HP:0002857; HP:0001643; HP:0001841; HP:0001642; HP:0001840; HP:0001249; HP:0009608; HP:0002673; HP:0003241; HP:0004097; HP:0011800; HP:0012385; HP:0000407; HP:0009891; HP:0001537; HP:0000327; HP:0002869; HP:0000648; HP:0001539; HP:0000405; HP:0004209; HP:0002700; HP:0000960; HP:0000248; HP:0000369; HP:0000126; HP:0006349; HP:0004467; HP:0001156; HP:0003298; HP:0010194; HP:0001629; HP:0010275; HP:0001669; HP:0001748; HP:0009843; HP:0000218; HP:0006335; HP:0000377; HP:0002059; HP:0002650; HP:0002970; HP:0001162; HP:0000072; HP:0000470; HP:0000272; HP:0003182; HP:0005280; HP:0007370; HP:0000826; HP:0009473; HP:0000506; HP:0001636; HP:0001631; HP:0000028; HP:0000347; HP:0001513,Epicanthus; Opacification of the corneal stroma; Toe syndactyly; Short stature; Lambdoidal craniosynostosis; Sagittal craniosynostosis; Microcornea; Coronal craniosynostosis; Duplication of the proximal phalanx of the hallux; Lateral displacement of patellae; Genu valgum; Patent ductus arteriosus; Preaxial foot polydactyly; Pulmonic stenosis; Metatarsus adductus; Intellectual disability; Complete duplication of proximal phalanx of the thumb; Coxa valga; External genital hypoplasia; Deviation of finger; Midface retrusion; Camptodactyly; Sensorineural hearing impairment; Underdeveloped supraorbital ridges; Umbilical hernia; Hypoplasia of the maxilla; Flared iliac wing; Optic atrophy; Omphalocele; Conductive hearing impairment; Clinodactyly of the 5th finger; Large foramen magnum; Sacral dimple; Brachycephaly; Low-set ears; Hydronephrosis; Agenesis of permanent teeth; Preauricular pit; Brachydactyly; Spina bifida occulta; Aplasia/Hypoplasia of the middle phalanges of the toes; Ventricular septal defect; Pseudoepiphyses of the proximal phalanges of the hand; Transposition of the great arteries; Polysplenia; Aplasia/Hypoplasia of the middle phalanges of the hand; High palate; Persistence of primary teeth; Abnormal pinna morphology; Cerebral atrophy; Scoliosis; Genu varum; Postaxial hand polydactyly; Hydroureter; Short neck; Malar flattening; Shallow acetabular fossae; Depressed nasal bridge; Aplasia/Hypoplasia of the corpus callosum; Precocious puberty; Joint contracture of the hand; Telecanthus; Tetralogy of Fallot; Atrial septal defect; Cryptorchidism; Micrognathia; Obesity,1.0,1.0,1.0,1.0,1.0,1.0,1.0,1.0,1.0,1.0,1.0,0.0,0.0,1.0,1.0,exact_omim,OMIM:201000
CILP_0049,Primary,Carpenter Syndrome,Carpenter Syndrome [OMIM phenotype 614976],CRPT2,614976,MEGF8,1,Skeletal ciliopathy,AR,HP:0000007,Autosomal recessive inheritance,73.0,HP:0000286; HP:0001696; HP:0000243; HP:0001651; HP:0001252; HP:0045075; HP:0011220; HP:0000954; HP:0000316; HP:0002812; HP:0001643; HP:0000278; HP:0000358; HP:0002553; HP:0000054; HP:0001263; HP:0011927; HP:0000294; HP:0011800; HP:0010554; HP:0010239; HP:0005180; HP:0100259; HP:0012385; HP:0006380; HP:0100258; HP:0009891; HP:0000407; HP:0001537; HP:0000767; HP:0002705; HP:0000689; HP:0000768; HP:0004209; HP:0009933; HP:0008689; HP:0000369; HP:0000248; HP:0000049; HP:0000582; HP:0000263; HP:0001234; HP:0000189; HP:0000343; HP:0001156; HP:0000463; HP:0002121; HP:0001669; HP:0000579; HP:0000218; HP:0006136; HP:0006610; HP:0000411; HP:0002557; HP:0002558; HP:0000973; HP:0001363; HP:0000670; HP:0000431; HP:0001762; HP:0000475; HP:0031936; HP:0000592; HP:0000470; HP:0005280; HP:0011304; HP:0009110; HP:0007651; HP:0002007; HP:0000465; HP:0001631; HP:0001513; HP:0000028,"Epicanthus; Situs inversus totalis; Trigonocephaly; Dextrocardia; Hypotonia; Sparse eyebrow; Prominent forehead; Single transverse palmar crease; Hypertelorism; Coxa vara; Patent ductus arteriosus; Retrognathia; Posteriorly rotated ears; Highly arched eyebrow; Micropenis; Global developmental delay; Short digit; Low anterior hairline; Midface retrusion; Cutaneous finger syndactyly; Aplasia of the middle phalanx of the hand; Tricuspid regurgitation; Postaxial polydactyly; Camptodactyly; Knee flexion contracture; Preaxial polydactyly; Underdeveloped supraorbital ridges; Sensorineural hearing impairment; Umbilical hernia; Pectus excavatum; High, narrow palate; Dental malocclusion; Pectus carinatum; Clinodactyly of the 5th finger; Narrow naris; Bilateral cryptorchidism; Low-set ears; Brachycephaly; Shawl scrotum; Upslanted palpebral fissure; Oxycephaly; Hitchhiker thumb; Narrow palate; Long philtrum; Brachydactyly; Anteverted nares; Generalized non-motor (absence) seizure; Transposition of the great arteries; Nasolacrimal duct obstruction; High palate; Bilateral postaxial polydactyly; Wide intermamillary distance; Protruding ear; Hypoplastic nipples; Supernumerary nipple; Cutis laxa; Craniosynostosis; Carious teeth; Wide nasal bridge; Talipes equinovarus; Broad neck; Delayed ability to walk; Blue sclerae; Short neck; Depressed nasal bridge; Broad thumb; Diaphragmatic eventration; Ectropion of lower eyelids; Frontal bossing; Webbed neck; Atrial septal defect; Obesity; Cryptorchidism",1.0,1.0,0.0,1.0,1.0,1.0,0.0,1.0,1.0,1.0,1.0,0.0,0.0,1.0,1.0,exact_omim,OMIM:614976
CILP_0050,Primary,Complex Lethal Osteochondrodysplasia,Complex Lethal Osteochondrodysplasia [OMIM phenotype 616897],OCLSBG,616897,TAPT1,1,Skeletal ciliopathy,AR,HP:0000007,Autosomal recessive inheritance,48.0,HP:0002265; HP:0005257; HP:0001371; HP:0003196; HP:0100333; HP:0031107; HP:0011220; HP:0000316; HP:0000358; HP:0000252; HP:0000054; HP:0000175; HP:0001541; HP:0004331; HP:0001181; HP:0000926; HP:0000047; HP:0000248; HP:0000369; HP:0000126; HP:0005855; HP:0003015; HP:0002202; HP:0002089; HP:0000463; HP:0001195; HP:0003097; HP:0012368; HP:0001629; HP:0000938; HP:0001789; HP:0002119; HP:0000773; HP:0009826; HP:0001561; HP:0000431; HP:0001640; HP:0001321; HP:0000470; HP:0001518; HP:0000506; HP:0001639; HP:0006640; HP:0003978; HP:0001511; HP:0002645; HP:0000465; HP:0000347,Large fleshy ears; Thoracic hypoplasia; Flexion contracture; Short nose; Unilateral cleft lip; Decreased fibular diameter; Prominent forehead; Hypertelorism; Posteriorly rotated ears; Microcephaly; Micropenis; Cleft palate; Ascites; Decreased skull ossification; Adducted thumb; Platyspondyly; Hypospadias; Brachycephaly; Low-set ears; Hydronephrosis; Multiple prenatal fractures; Flared metaphysis; Pleural effusion; Pulmonary hypoplasia; Anteverted nares; Single umbilical artery; Short femur; Flat face; Ventricular septal defect; Osteopenia; Hydrops fetalis; Ventriculomegaly; Short ribs; Limb undergrowth; Polyhydramnios; Wide nasal bridge; Cardiomegaly; Cerebellar hypoplasia; Short neck; Small for gestational age; Telecanthus; Hypertrophic cardiomyopathy; Multiple rib fractures; Fractured radius; Intrauterine growth retardation; Wormian bones; Webbed neck; Micrognathia,1.0,1.0,0.0,1.0,1.0,1.0,0.0,1.0,1.0,1.0,1.0,1.0,1.0,1.0,0.0,exact_omim,OMIM:616897
CILP_0051,Secondary,Cone-Rod Dystrophy,Cone-Rod Dystrophy [OMIM phenotype 120970],CORD2,120970,CRX,1,Retinal ciliopathy,AD,HP:0000006,Autosomal dominant inheritance,14.0,HP:0001133; HP:0011509; HP:0007737; HP:0000662; HP:0000551; HP:0012508; HP:0000618; HP:0007663; HP:0007994; HP:0000548; HP:0000603; HP:0007722; HP:0000512; HP:0000533,Constriction of peripheral visual field; Macular hyperpigmentation; Spicular pigmentation of the retina; Nyctalopia; Color vision defect; Metamorphopsia; Blindness; Reduced visual acuity; Peripheral visual field loss; Cone/cone-rod dystrophy; Central scotoma; Retinal pigment epithelial atrophy; Abnormal electroretinogram; Chorioretinal atrophy,0.0,0.0,0.0,1.0,0.0,0.0,0.0,0.0,0.0,0.0,0.0,0.0,0.0,0.0,0.0,exact_omim,OMIM:120970
CILP_0052,Secondary,Cone-Rod Dystrophy,Cone-Rod Dystrophy [OMIM phenotype 300476],CORDX3,300476,CACNA1F,1,Retinal ciliopathy,XLR,HP:0001419,X-linked recessive inheritance,14.0,HP:0000483; HP:0000541; HP:0000551; HP:0030825; HP:0000639; HP:0008002; HP:0008323; HP:0000613; HP:0007663; HP:0000505; HP:0000603; HP:0000548; HP:0000543; HP:0000545,Astigmatism; Retinal detachment; Color vision defect; Absent foveal reflex; Nystagmus; Abnormal macular pigmentation; Abnormal light- and dark-adapted electroretinogram; Photophobia; Reduced visual acuity; Visual impairment; Central scotoma; Cone/cone-rod dystrophy; Optic disc pallor; Myopia,0.0,0.0,0.0,1.0,0.0,0.0,0.0,0.0,0.0,0.0,1.0,0.0,0.0,0.0,0.0,exact_omim,OMIM:300476
CILP_0053,Secondary,Cone-Rod Dystrophy,Cone-Rod Dystrophy [OMIM phenotype 304020],CORDX1,304020,RPGR,1,Retinal ciliopathy,XL,HP:0001417,X-linked inheritance,10.0,HP:0007814; HP:0030632; HP:0000662; HP:0000551; HP:0000639; HP:0000613; HP:0007663; HP:0000505; HP:0007722; HP:0000545,Retinal pigment epithelial mottling; Hypoautofluorescent macular lesion; Nyctalopia; Color vision defect; Nystagmus; Photophobia; Reduced visual acuity; Visual impairment; Retinal pigment epithelial atrophy; Myopia,0.0,0.0,0.0,1.0,0.0,0.0,0.0,0.0,0.0,0.0,1.0,0.0,0.0,0.0,0.0,exact_omim,OMIM:304020
CILP_0054,Secondary,Cone-Rod Dystrophy,Cone-Rod Dystrophy [OMIM phenotype 600977],CORD5,600977,PITPNM3,1,Retinal ciliopathy,AD,HP:0000006,Autosomal dominant inheritance,7.0,HP:0007814; HP:0000551; HP:0000608; HP:0000613; HP:0007663; HP:0000548; HP:0000603,Retinal pigment epithelial mottling; Color vision defect; Macular degeneration; Photophobia; Reduced visual acuity; Cone/cone-rod dystrophy; Central scotoma,0.0,0.0,0.0,1.0,0.0,0.0,0.0,0.0,0.0,0.0,1.0,0.0,0.0,0.0,0.0,exact_omim,OMIM:600977
CILP_0055,Secondary,Cone-Rod Dystrophy,Cone-Rod Dystrophy [OMIM phenotype 601777],CORD6,601777,GUCY2D,1,Retinal ciliopathy,AR; AD; AGE_RELATED_ONSET,HP:0000007; HP:0000006; HP:0003831,Autosomal recessive inheritance; Autosomal dominant inheritance; Typified by age-related disease onset,13.0,HP:0007737; HP:0000662; HP:0012047; HP:0000639; HP:0000613; HP:0007663; HP:0007641; HP:0007994; HP:0007675; HP:0000548; HP:0007401; HP:0007843; HP:0000533,Spicular pigmentation of the retina; Nyctalopia; Hemeralopia; Nystagmus; Photophobia; Reduced visual acuity; Dyschromatopsia; Peripheral visual field loss; Progressive night blindness; Cone/cone-rod dystrophy; Macular atrophy; Attenuation of retinal blood vessels; Chorioretinal atrophy,0.0,1.0,0.0,1.0,0.0,0.0,0.0,0.0,0.0,0.0,1.0,0.0,0.0,0.0,0.0,exact_omim,OMIM:601777
CILP_0056,Secondary,Cone-Rod Dystrophy,Cone-Rod Dystrophy [OMIM phenotype 602093],CORD14,602093,GUCA1A,1,Retinal ciliopathy,AD,HP:0000006,Autosomal dominant inheritance,5.0,HP:0000529; HP:0000613; HP:0007663; HP:0000548; HP:0007401,Progressive visual loss; Photophobia; Reduced visual acuity; Cone/cone-rod dystrophy; Macular atrophy,0.0,0.0,0.0,1.0,0.0,0.0,0.0,0.0,0.0,0.0,1.0,0.0,0.0,0.0,0.0,exact_omim,OMIM:602093
CILP_0057,Secondary,Cone-Rod Dystrophy,Cone-Rod Dystrophy [OMIM phenotype 603649],CORD7,603649,RIMS1,1,Retinal ciliopathy,AD,HP:0000006,Autosomal dominant inheritance,6.0,HP:0012045; HP:0000551; HP:0000505; HP:0000548; HP:0007401; HP:0011504,Retinal flecks; Color vision defect; Visual impairment; Cone/cone-rod dystrophy; Macular atrophy; Bull's eye maculopathy,0.0,0.0,0.0,1.0,0.0,0.0,0.0,0.0,0.0,0.0,0.0,0.0,0.0,0.0,0.0,exact_omim,OMIM:603649
CILP_0058,Secondary,Cone-Rod Dystrophy,Cone-Rod Dystrophy [OMIM phenotype 604116],CORD3,604116,ABCA4,1,Retinal ciliopathy,AR,HP:0000007,Autosomal recessive inheritance,10.0,HP:0000572; HP:0000551; HP:0000580; HP:0011504; HP:0007994; HP:0000548; HP:0000603; HP:0007984; HP:0000543; HP:0007843,Visual loss; Color vision defect; Pigmentary retinopathy; Bull's eye maculopathy; Peripheral visual field loss; Cone/cone-rod dystrophy; Central scotoma; ERG: Reduced dark-adapted b-wave amplitude; Optic disc pallor; Attenuation of retinal blood vessels,0.0,1.0,0.0,1.0,0.0,0.0,0.0,0.0,0.0,0.0,0.0,0.0,0.0,0.0,0.0,exact_omim,OMIM:604116
CILP_0059,Secondary,Cone-Rod Dystrophy,Cone-Rod Dystrophy [OMIM phenotype 608194],CORD13,608194,RPGRIP1,1,Retinal ciliopathy,AR,HP:0000007,Autosomal recessive inheritance,25.0,HP:0001133; HP:0007737; HP:0031605; HP:0000662; HP:0000540; HP:0032037; HP:0030515; HP:0000639; HP:0032122; HP:0000613; HP:0007663; HP:0007401; HP:0007787; HP:0007688; HP:0007843; HP:0000512; HP:0000551; HP:0001141; HP:0011505; HP:0000529; HP:0000608; HP:0000505; HP:0000548; HP:0000543; HP:0000545,Constriction of peripheral visual field; Spicular pigmentation of the retina; Abnormal fundus pigmentation; Nyctalopia; Hypermetropia; Mildly reduced visual acuity; Moderately reduced visual acuity; Nystagmus; Very low visual acuity; Photophobia; Reduced visual acuity; Macular atrophy; Posterior subcapsular cataract; Undetectable light- and dark-adapted electroretinogram; Attenuation of retinal blood vessels; Abnormal electroretinogram; Color vision defect; Severely reduced visual acuity; Cystoid macular edema; Progressive visual loss; Macular degeneration; Visual impairment; Cone/cone-rod dystrophy; Optic disc pallor; Myopia,0.0,1.0,0.0,1.0,0.0,0.0,0.0,0.0,0.0,0.0,1.0,0.0,0.0,0.0,0.0,exact_omim,OMIM:608194
CILP_0060,Secondary,Cone-Rod Dystrophy,Cone-Rod Dystrophy [OMIM phenotype 610283],CORD10,610283,SEMA4A,1,Retinal ciliopathy,AR,HP:0000007,Autosomal recessive inheritance,9.0,HP:0009926; HP:0007737; HP:0000662; HP:0000529; HP:0000608; HP:0000613; HP:0007994; HP:0000510; HP:0007843,Epiphora; Spicular pigmentation of the retina; Nyctalopia; Progressive visual loss; Macular degeneration; Photophobia; Peripheral visual field loss; Rod-cone dystrophy; Attenuation of retinal blood vessels,0.0,1.0,0.0,1.0,0.0,0.0,0.0,0.0,0.0,0.0,1.0,0.0,0.0,0.0,0.0,exact_omim,OMIM:610283
CILP_0061,Secondary,Cone-Rod Dystrophy,Cone-Rod Dystrophy [OMIM phenotype 610381],CORD11,610381,RAX2,1,Retinal ciliopathy,AD,HP:0000006,Autosomal dominant inheritance,7.0,HP:0007924; HP:0000980; HP:0000608; HP:0000613; HP:0000548; HP:0007401; HP:0011504,Slow decrease in visual acuity; Pallor; Macular degeneration; Photophobia; Cone/cone-rod dystrophy; Macular atrophy; Bull's eye maculopathy,0.0,0.0,0.0,1.0,0.0,0.0,0.0,0.0,0.0,0.0,1.0,0.0,0.0,0.0,1.0,exact_omim,OMIM:610381
CILP_0062,Secondary,Cone-Rod Dystrophy,Cone-Rod Dystrophy [OMIM phenotype 612657],CORD12,612657,PROM1,1,Retinal ciliopathy,AR; AD,HP:0000007; HP:0000006,Autosomal recessive inheritance; Autosomal dominant inheritance,7.0,HP:0000662; HP:0000551; HP:0008323; HP:0007663; HP:0000548; HP:0000603; HP:0011504,Nyctalopia; Color vision defect; Abnormal light- and dark-adapted electroretinogram; Reduced visual acuity; Cone/cone-rod dystrophy; Central scotoma; Bull's eye maculopathy,0.0,0.0,0.0,1.0,0.0,0.0,0.0,0.0,0.0,0.0,0.0,0.0,0.0,0.0,0.0,exact_omim,OMIM:612657
CILP_0063,Secondary,Cone-Rod Dystrophy,Cone-Rod Dystrophy [OMIM phenotype 612775],CORD9,612775,ADAM9,1,Retinal ciliopathy,AR,HP:0000007,Autosomal recessive inheritance,2.0,HP:0000505; HP:0000548,Visual impairment; Cone/cone-rod dystrophy,0.0,0.0,0.0,1.0,0.0,0.0,0.0,0.0,0.0,0.0,0.0,0.0,0.0,0.0,0.0,exact_omim,OMIM:612775
CILP_0064,Secondary,Cone-Rod Dystrophy,Cone-Rod Dystrophy [OMIM phenotype 613093],CORD4,613093,PDE6C,1,Retinal ciliopathy,AR,HP:0000007,Autosomal recessive inheritance,8.0,HP:0000639; HP:0030465; HP:0000613; HP:0007663; HP:0007641; HP:0000505; HP:0000548; HP:0030825,Nystagmus; Undetectable light-adapted electroretinogram; Photophobia; Reduced visual acuity; Dyschromatopsia; Visual impairment; Cone/cone-rod dystrophy; Absent foveal reflex,0.0,0.0,0.0,1.0,0.0,0.0,0.0,0.0,0.0,0.0,1.0,0.0,0.0,0.0,0.0,exact_omim,OMIM:613093
CILP_0065,Secondary,Cone-Rod Dystrophy,Cone-Rod Dystrophy [OMIM phenotype 613660],CORD15,613660,CDHR1,1,Retinal ciliopathy,AR,HP:0000007,Autosomal recessive inheritance,8.0,HP:0001133; HP:0000662; HP:0000551; HP:0000529; HP:0000613; HP:0000510; HP:0007722; HP:0007843,Constriction of peripheral visual field; Nyctalopia; Color vision defect; Progressive visual loss; Photophobia; Rod-cone dystrophy; Retinal pigment epithelial atrophy; Attenuation of retinal blood vessels,0.0,1.0,0.0,1.0,0.0,0.0,0.0,0.0,0.0,0.0,1.0,0.0,0.0,0.0,0.0,exact_omim,OMIM:613660
CILP_0066,Secondary,Cone-Rod Dystrophy,Cone-Rod Dystrophy [OMIM phenotype 614500],CORD16,614500,C8orf37,1,Retinal ciliopathy,AR,HP:0000007,Autosomal recessive inheritance,13.0,HP:0007737; HP:0000662; HP:0025147; HP:0100259; HP:0000529; HP:0000518; HP:0000613; HP:0007663; HP:0000548; HP:0007401; HP:0000543; HP:0000510; HP:0007843,Spicular pigmentation of the retina; Nyctalopia; Beaten bronze macular sheen; Postaxial polydactyly; Progressive visual loss; Cataract; Photophobia; Reduced visual acuity; Cone/cone-rod dystrophy; Macular atrophy; Optic disc pallor; Rod-cone dystrophy; Attenuation of retinal blood vessels,0.0,1.0,0.0,1.0,0.0,0.0,0.0,0.0,0.0,1.0,1.0,0.0,0.0,1.0,0.0,exact_omim,OMIM:614500
CILP_0067,Secondary,Cone-Rod Dystrophy,Cone-Rod Dystrophy [OMIM phenotype 615374],CORD18,615374,RAB28,1,Retinal ciliopathy,AR,HP:0000007,Autosomal recessive inheritance,6.0,HP:0025010; HP:0008001; HP:0007663; HP:0000603; HP:0011003; HP:0000548,Foveal atrophy; Foveal hyperpigmentation; Reduced visual acuity; Central scotoma; High myopia; Cone/cone-rod dystrophy,0.0,0.0,0.0,1.0,0.0,0.0,0.0,0.0,0.0,0.0,0.0,0.0,0.0,0.0,0.0,exact_omim,OMIM:615374
CILP_0068,Secondary,Cone-Rod Dystrophy,Cone-Rod Dystrophy [OMIM phenotype 615860],CORD19,615860,TTLL5,1,Retinal ciliopathy,AR,HP:0000007,Autosomal recessive inheritance,5.0,HP:0007663; HP:0030629; HP:0000548; HP:0011003; HP:0030844,Reduced visual acuity; Perifoveal ring of hyperautofluorescence; Cone/cone-rod dystrophy; High myopia; Undetectable pattern electroretinogram,0.0,0.0,0.0,1.0,0.0,0.0,0.0,0.0,0.0,0.0,0.0,0.0,0.0,0.0,0.0,exact_omim,OMIM:615860
CILP_0069,Secondary,Cone-Rod Dystrophy,Cone-Rod Dystrophy [OMIM phenotype 615973],CORD20,615973,POC1B,1,Retinal ciliopathy,AR,HP:0000007,Autosomal recessive inheritance,10.0,HP:0001133; HP:0007737; HP:0000552; HP:0011003; HP:0000639; HP:0007663; HP:0000505; HP:0000548; HP:0000603; HP:0000543,Constriction of peripheral visual field; Spicular pigmentation of the retina; Tritanomaly; High myopia; Nystagmus; Reduced visual acuity; Visual impairment; Cone/cone-rod dystrophy; Central scotoma; Optic disc pallor,0.0,0.0,0.0,1.0,0.0,0.0,0.0,0.0,0.0,0.0,0.0,0.0,0.0,0.0,0.0,exact_omim,OMIM:615973
CILP_0070,Secondary,Cone-Rod Dystrophy,Cone-Rod Dystrophy [OMIM phenotype 616502],CORD21,616502,DRAM2,1,Retinal ciliopathy,AR,HP:0000007,Autosomal recessive inheritance,5.0,HP:0000662; HP:0000613; HP:0007663; HP:0007401; HP:0000556,Nyctalopia; Photophobia; Reduced visual acuity; Macular atrophy; Retinal dystrophy,0.0,0.0,0.0,1.0,0.0,0.0,0.0,0.0,0.0,0.0,1.0,0.0,0.0,0.0,0.0,exact_omim,OMIM:616502
CILP_0071,Secondary,Cone-Rod Dystrophy,Cone-Rod Dystrophy [OMIM phenotype 619531],CORD22,619531,TLCD3B,1,Retinal ciliopathy,AR,HP:0000007,Autosomal recessive inheritance,10.0,HP:0030631; HP:0025159; HP:0030629; HP:0030825; HP:0011504; HP:0030844; HP:0000613; HP:0007663; HP:0007722; HP:0007843,Hyperautofluorescent macular lesion; Hypoautofluorescent retinal lesion; Perifoveal ring of hyperautofluorescence; Absent foveal reflex; Bull's eye maculopathy; Undetectable pattern electroretinogram; Photophobia; Reduced visual acuity; Retinal pigment epithelial atrophy; Attenuation of retinal blood vessels,0.0,1.0,0.0,1.0,0.0,0.0,0.0,0.0,0.0,0.0,1.0,0.0,0.0,0.0,0.0,exact_omim,OMIM:619531
CILP_0072,Secondary,Cone-Rod Dystrophy,Cone-Rod Dystrophy [OMIM phenotype No MIM Number],CORD,No MIM Number,DYNC2I2,1,Retinal ciliopathy,Genetically heterogeneous,,,15.0,HP:0000613; HP:0000662; HP:0007703; HP:0000529; HP:0000543; HP:0000551; HP:0000603; HP:0001105; HP:0007641; HP:0007737; HP:0007843; HP:0030466; HP:0000505; HP:0000639; HP:0012508,Photophobia; Nyctalopia; Abnormal retinal pigmentation; Progressive visual loss; Optic disc pallor; Color vision defect; Central scotoma; Retinal atrophy; Dyschromatopsia; Spicular pigmentation of the retina; Attenuation of retinal blood vessels; Abnormal full-field electroretinogram; Visual impairment; Nystagmus; Metamorphopsia,0.0,1.0,0.0,1.0,0.0,0.0,0.0,0.0,0.0,0.0,1.0,0.0,0.0,0.0,0.0,exact_name_db,ORPHA:1872
CILP_0073,Secondary,Congenital Heart Disease,Congenital Heart Disease [OMIM phenotype 600001],HDCA,600001,GATA6,1,Atypical / secondary ciliopathy,AD,HP:0000006,Autosomal dominant inheritance,35.0,HP:0000023; HP:0004388; HP:0001250; HP:0001195; HP:0003076; HP:0011611; HP:0003074; HP:0031369; HP:0000819; HP:0011581; HP:0001508; HP:0001629; HP:0011682; HP:0001669; HP:0001643; HP:0001642; HP:0000776; HP:0004415; HP:0000891; HP:0000252; HP:0001660; HP:0011629; HP:0000073; HP:0002594; HP:0001263; HP:0011467; HP:0011573; HP:0009112; HP:0001636; HP:0001537; HP:0001511; HP:0001631; HP:0005912; HP:0002566; HP:0001655,Inguinal hernia; Microcolon; Seizure; Single umbilical artery; Glycosuria; Interrupted aortic arch; Hyperglycemia; Colon perforation; Diabetes mellitus; Double outlet left ventricle; Failure to thrive; Ventricular septal defect; Perimembranous ventricular septal defect; Transposition of the great arteries; Patent ductus arteriosus; Pulmonic stenosis; Congenital diaphragmatic hernia; Pulmonary artery stenosis; Cervical ribs; Microcephaly; Truncus arteriosus; Total absence of the pericardium; Ureteral duplication; Pancreatic hypoplasia; Global developmental delay; Absent gallbladder; Hypoplastic tricuspid valve; Aplasia of the left hemidiaphragm; Tetralogy of Fallot; Umbilical hernia; Intrauterine growth retardation; Atrial septal defect; Biliary atresia; Intestinal malrotation; Patent foramen ovale,1.0,1.0,1.0,0.0,0.0,1.0,0.0,1.0,1.0,0.0,1.0,1.0,1.0,1.0,0.0,exact_omim,OMIM:600001
CILP_0074,Secondary,Cornelia de Lange Syndrome,Cornelia de Lange Syndrome [OMIM phenotype 122470],CDLS1,122470,NIPBL,1,Atypical / secondary ciliopathy,SPORADIC; AD,HP:0003745; HP:0000006,Sporadic; Autosomal dominant inheritance,125.0,HP:0000483; HP:0002023; HP:0000365; HP:0000486; HP:0000089; HP:0004322; HP:0002021; HP:0000086; HP:0000482; HP:0003196; HP:0002020; HP:0000085; HP:0000639; HP:0008897; HP:0009623; HP:0000879; HP:0002036; HP:0002553; HP:0000252; HP:0002033; HP:0004691; HP:0000093; HP:0003083; HP:0000407; HP:0000527; HP:0000648; HP:0004209; HP:0000405; HP:0005815; HP:0007678; HP:0000520; HP:0000248; HP:0000369; HP:0001612; HP:0000126; HP:0003997; HP:0001276; HP:0000341; HP:0000343; HP:0004785; HP:0000463; HP:0001156; HP:0002120; HP:0004383; HP:0001270; HP:0000739; HP:0011120; HP:0000733; HP:0000219; HP:0030084; HP:0007665; HP:0000218; HP:0000455; HP:0000059; HP:0001545; HP:0000076; HP:0000750; HP:0009829; HP:0000470; HP:0002090; HP:0012165; HP:0000508; HP:0000107; HP:0008743; HP:0100716; HP:0001159; HP:0007018; HP:0000347; HP:0000588; HP:0002983; HP:0001770; HP:0002188; HP:0000684; HP:0001377; HP:0001773; HP:0001250; HP:0001252; HP:0410030; HP:0009380; HP:0031228; HP:0000319; HP:0000718; HP:0001647; HP:0000954; HP:0001643; HP:0001642; HP:0001007; HP:0001249; HP:0000175; HP:0000453; HP:0030148; HP:0000574; HP:0002750; HP:0011968; HP:0000050; HP:0001263; HP:0000294; HP:0012385; HP:0000729; HP:0000965; HP:0002987; HP:0000047; HP:0000204; HP:0002984; HP:0001655; HP:0000687; HP:0000023; HP:0002162; HP:0001629; HP:0002714; HP:0002557; HP:0000776; HP:0001640; HP:0005565; HP:0005280; HP:0010066; HP:0001636; HP:0001511; HP:0200055; HP:0000664; HP:0001631; HP:0000388; HP:0001873; HP:0000028; HP:0000545,Astigmatism; Anal atresia; Hearing impairment; Strabismus; Renal hypoplasia; Short stature; Pyloric stenosis; Ectopic kidney; Microcornea; Short nose; Gastroesophageal reflux; Horseshoe kidney; Nystagmus; Postnatal growth retardation; Proximal placement of thumb; Short sternum; Hiatus hernia; Highly arched eyebrow; Microcephaly; Poor suck; 2-3 toe syndactyly; Proteinuria; Dislocated radial head; Sensorineural hearing impairment; Long eyelashes; Optic atrophy; Clinodactyly of the 5th finger; Conductive hearing impairment; Supernumerary ribs; Lacrimal duct stenosis; Proptosis; Brachycephaly; Low-set ears; Weak cry; Hydronephrosis; Hypoplastic radial head; Hypertonia; Narrow forehead; Long philtrum; Malrotation of colon; Anteverted nares; Brachydactyly; Cerebral cortical atrophy; Hypoplastic left ventricle; Motor delay; Anxiety; Concave nasal ridge; Motor stereotypy; Thin upper lip vermilion; Clinodactyly; Curly eyelashes; High palate; Broad nasal tip; Hypoplastic labia majora; Anteriorly placed anus; Vesicoureteral reflux; Delayed speech and language development; Phocomelia; Short neck; Pneumonia; Oligodactyly; Ptosis; Renal cyst; Coronal hypospadias; Self-injurious behavior; Syndactyly; Attention deficit hyperactivity disorder; Micrognathia; Optic disc coloboma; Micromelia; Toe syndactyly; Delayed CNS myelination; Delayed eruption of teeth; Limited elbow extension; Short foot; Seizure; Hypotonia; Cleft lip; Finger aplasia; Abnormal incisura morphology; Smooth philtrum; Aggressive behavior; Bicuspid aortic valve; Single transverse palmar crease; Patent ductus arteriosus; Pulmonic stenosis; Hirsutism; Intellectual disability; Cleft palate; Choanal atresia; Heart murmur; Thick eyebrow; Delayed skeletal maturation; Feeding difficulties; Hypoplastic male external genitalia; Global developmental delay; Low anterior hairline; Camptodactyly; Autistic behavior; Cutis marmorata; Elbow flexion contracture; Hypospadias; Cleft upper lip; Hypoplasia of the radius; Patent foramen ovale; Widely spaced teeth; Inguinal hernia; Low posterior hairline; Ventricular septal defect; Downturned corners of mouth; Hypoplastic nipples; Congenital diaphragmatic hernia; Cardiomegaly; Reduced renal corticomedullary differentiation; Depressed nasal bridge; Duplication of phalanx of hallux; Tetralogy of Fallot; Intrauterine growth retardation; Small hand; Synophrys; Atrial septal defect; Otitis media; Thrombocytopenia; Cryptorchidism; Myopia,1.0,1.0,0.0,1.0,1.0,1.0,1.0,1.0,1.0,1.0,1.0,1.0,1.0,1.0,1.0,exact_omim,OMIM:122470
CILP_0075,Secondary,Cornelia de Lange Syndrome,Cornelia de Lange Syndrome [OMIM phenotype 300590],CDLS2,300590,SMC1A,1,Atypical / secondary ciliopathy,XLD; XLR,HP:0001423; HP:0001419,X-linked dominant inheritance; X-linked recessive inheritance,37.0,HP:0000341; HP:0002465; HP:0001773; HP:0004322; HP:0000463; HP:0001156; HP:0001250; HP:0002020; HP:0100543; HP:0000319; HP:0000219; HP:0002119; HP:0009623; HP:0008897; HP:0002714; HP:0000218; HP:0030084; HP:0001249; HP:0001007; HP:0002996; HP:0002553; HP:0000252; HP:0000494; HP:0000574; HP:0001263; HP:0000470; HP:0000294; HP:0001639; HP:0000508; HP:0000426; HP:0000965; HP:0000527; HP:0001511; HP:0000664; HP:0200055; HP:0000248; HP:0000347,Narrow forehead; Poor speech; Short foot; Short stature; Anteverted nares; Brachydactyly; Seizure; Gastroesophageal reflux; Cognitive impairment; Smooth philtrum; Thin upper lip vermilion; Ventriculomegaly; Proximal placement of thumb; Postnatal growth retardation; Downturned corners of mouth; High palate; Clinodactyly; Intellectual disability; Hirsutism; Limited elbow movement; Highly arched eyebrow; Microcephaly; Downslanted palpebral fissures; Thick eyebrow; Global developmental delay; Short neck; Low anterior hairline; Hypertrophic cardiomyopathy; Ptosis; Prominent nasal bridge; Cutis marmorata; Long eyelashes; Intrauterine growth retardation; Synophrys; Small hand; Brachycephaly; Micrognathia,1.0,1.0,0.0,1.0,0.0,0.0,0.0,1.0,1.0,1.0,1.0,0.0,0.0,1.0,1.0,exact_omim,OMIM:300590
CILP_0076,Secondary,Cornelia de Lange Syndrome,Cornelia de Lange Syndrome [OMIM phenotype 300882],CDLS5,300882,HDAC8,1,Atypical / secondary ciliopathy,XL; XLD,HP:0001417; HP:0001423,X-linked inheritance; X-linked dominant inheritance,50.0,HP:0001770; HP:0001773; HP:0001377; HP:0000365; HP:0004322; HP:0001250; HP:0002020; HP:0001290; HP:0000316; HP:0009623; HP:0008897; HP:0008734; HP:0000278; HP:0001007; HP:0001249; HP:0002553; HP:0000175; HP:0000054; HP:0000252; HP:0003764; HP:0000490; HP:0001263; HP:0000294; HP:0000965; HP:0000527; HP:0004209; HP:0000248; HP:0000687; HP:0000343; HP:0000463; HP:0040082; HP:0008872; HP:0002119; HP:0002714; HP:0000218; HP:0000455; HP:0000135; HP:0000233; HP:0000470; HP:0005280; HP:0000708; HP:0000506; HP:0000508; HP:0000426; HP:0001956; HP:0000664; HP:0200055; HP:0000347; HP:0000545; HP:0000028,Toe syndactyly; Short foot; Limited elbow extension; Hearing impairment; Short stature; Seizure; Gastroesophageal reflux; Generalized hypotonia; Hypertelorism; Proximal placement of thumb; Postnatal growth retardation; Decreased testicular size; Retrognathia; Hirsutism; Intellectual disability; Highly arched eyebrow; Cleft palate; Micropenis; Microcephaly; Nevus; Deeply set eye; Global developmental delay; Low anterior hairline; Cutis marmorata; Long eyelashes; Clinodactyly of the 5th finger; Brachycephaly; Widely spaced teeth; Long philtrum; Anteverted nares; Happy demeanor; Feeding difficulties in infancy; Ventriculomegaly; Downturned corners of mouth; High palate; Broad nasal tip; Hypogonadism; Thin vermilion border; Short neck; Depressed nasal bridge; Atypical behavior; Telecanthus; Ptosis; Prominent nasal bridge; Truncal obesity; Synophrys; Small hand; Micrognathia; Myopia; Cryptorchidism,1.0,1.0,1.0,1.0,1.0,1.0,0.0,1.0,1.0,1.0,1.0,0.0,0.0,1.0,1.0,exact_omim,OMIM:300882
CILP_0077,Secondary,Cornelia de Lange Syndrome,Cornelia de Lange Syndrome [OMIM phenotype 610759],CDLS3,610759,SMC3,1,Atypical / secondary ciliopathy,AD,HP:0000006,Autosomal dominant inheritance,80.0,HP:0000286; HP:0002465; HP:0001770; HP:0000365; HP:0001773; HP:0004322; HP:0001052; HP:0001250; HP:0002020; HP:0010047; HP:0000319; HP:0001647; HP:0000954; HP:0009623; HP:0001643; HP:0001642; HP:0000278; HP:0001007; HP:0001249; HP:0000358; HP:0002553; HP:0000175; HP:0030820; HP:0000252; HP:0000574; HP:0000331; HP:0011968; HP:0001263; HP:0000691; HP:0000294; HP:0004691; HP:0002194; HP:0010750; HP:0010044; HP:0011451; HP:0000965; HP:0000527; HP:0004209; HP:0000248; HP:0000369; HP:0000324; HP:0001655; HP:0000687; HP:0000341; HP:0001476; HP:0000343; HP:0000463; HP:0001156; HP:0012368; HP:0012210; HP:0100543; HP:0001508; HP:0001629; HP:0000414; HP:0008872; HP:0000579; HP:0000219; HP:0007665; HP:0002714; HP:0000218; HP:0000455; HP:0002996; HP:0000233; HP:0000072; HP:0005484; HP:0000470; HP:0005280; HP:0100874; HP:0011230; HP:0000508; HP:0000426; HP:0009237; HP:0002007; HP:0001357; HP:0200055; HP:0000664; HP:0001631; HP:0000028; HP:0000347; HP:0000545,Epicanthus; Poor speech; Toe syndactyly; Hearing impairment; Short foot; Short stature; Nevus flammeus; Seizure; Gastroesophageal reflux; Short 5th metacarpal; Smooth philtrum; Bicuspid aortic valve; Single transverse palmar crease; Proximal placement of thumb; Patent ductus arteriosus; Pulmonic stenosis; Retrognathia; Hirsutism; Intellectual disability; Posteriorly rotated ears; Highly arched eyebrow; Cleft palate; Hooded eyelid; Microcephaly; Thick eyebrow; Short chin; Feeding difficulties; Global developmental delay; Microdontia; Low anterior hairline; 2-3 toe syndactyly; Delayed gross motor development; Dermatochalasis; Short 4th metacarpal; Primary microcephaly; Cutis marmorata; Long eyelashes; Clinodactyly of the 5th finger; Brachycephaly; Low-set ears; Facial asymmetry; Patent foramen ovale; Widely spaced teeth; Narrow forehead; Delayed closure of the anterior fontanelle; Long philtrum; Anteverted nares; Brachydactyly; Flat face; Abnormal renal morphology; Cognitive impairment; Failure to thrive; Ventricular septal defect; Bulbous nose; Feeding difficulties in infancy; Nasolacrimal duct obstruction; Thin upper lip vermilion; Curly eyelashes; Downturned corners of mouth; High palate; Broad nasal tip; Limited elbow movement; Thin vermilion border; Hydroureter; Secondary microcephaly; Short neck; Depressed nasal bridge; Thick hair; Laterally extended eyebrow; Ptosis; Prominent nasal bridge; Short 5th finger; Frontal bossing; Plagiocephaly; Small hand; Synophrys; Atrial septal defect; Cryptorchidism; Micrognathia; Myopia,1.0,1.0,0.0,1.0,1.0,1.0,0.0,1.0,1.0,1.0,1.0,0.0,0.0,1.0,1.0,exact_omim,OMIM:610759
CILP_0078,Secondary,Cornelia de Lange Syndrome,Cornelia de Lange Syndrome [OMIM phenotype 614701],CDLS4,614701,RAD21,1,Atypical / secondary ciliopathy,AD,HP:0000006,Autosomal dominant inheritance,45.0,HP:0000220; HP:0000582; HP:0000343; HP:0001156; HP:0004322; HP:0000463; HP:0000381; HP:0001250; HP:0003196; HP:0002020; HP:0033785; HP:0012368; HP:0100864; HP:0000319; HP:0002937; HP:0000954; HP:0000316; HP:0006870; HP:0000219; HP:0002812; HP:0002119; HP:0002678; HP:0001488; HP:0002974; HP:0002553; HP:0000176; HP:0000175; HP:0000252; HP:0000574; HP:0000431; HP:0000233; HP:0001263; HP:0004691; HP:0100777; HP:0000965; HP:0001636; HP:0000601; HP:0004209; HP:0000768; HP:0001159; HP:0000664; HP:0008428; HP:0002566; HP:0000248; HP:0000369,Velopharyngeal insufficiency; Upslanted palpebral fissure; Long philtrum; Brachydactyly; Short stature; Anteverted nares; Stapes ankylosis; Seizure; Short nose; Gastroesophageal reflux; Enamel agenesis; Flat face; Short femoral neck; Smooth philtrum; Hemivertebrae; Single transverse palmar crease; Hypertelorism; Lobar holoprosencephaly; Thin upper lip vermilion; Coxa vara; Ventriculomegaly; Skull asymmetry; Bilateral ptosis; Radioulnar synostosis; Highly arched eyebrow; Submucous cleft hard palate; Cleft palate; Microcephaly; Thick eyebrow; Wide nasal bridge; Thin vermilion border; Global developmental delay; 2-3 toe syndactyly; Exostoses; Cutis marmorata; Tetralogy of Fallot; Hypotelorism; Clinodactyly of the 5th finger; Pectus carinatum; Syndactyly; Synophrys; Vertebral clefting; Intestinal malrotation; Brachycephaly; Low-set ears,1.0,1.0,0.0,1.0,1.0,0.0,0.0,1.0,1.0,1.0,1.0,0.0,0.0,1.0,1.0,exact_omim,OMIM:614701
CILP_0079,Secondary,Cornelia de Lange Syndrome,Cornelia de Lange Syndrome [OMIM phenotype No MIM Number],,No MIM Number,ANKRD11,1,Atypical / secondary ciliopathy,Needs curation,,,100.0,HP:0000218; HP:0000233; HP:0000248; HP:0000252; HP:0000294; HP:0000343; HP:0000347; HP:0000413; HP:0000463; HP:0000470; HP:0000527; HP:0000574; HP:0000664; HP:0000684; HP:0000687; HP:0001249; HP:0001276; HP:0001770; HP:0001773; HP:0002020; HP:0002162; HP:0002230; HP:0002553; HP:0002714; HP:0002750; HP:0002983; HP:0003196; HP:0004322; HP:0005280; HP:0007665; HP:0009623; HP:0010034; HP:0010300; HP:0010864; HP:0200055; HP:0000003; HP:0000028; HP:0000047; HP:0000059; HP:0000076; HP:0000405; HP:0000407; HP:0000482; HP:0000498; HP:0000508; HP:0000545; HP:0000667; HP:0000722; HP:0000739; HP:0000965; HP:0001387; HP:0001508; HP:0001511; HP:0001622; HP:0002167; HP:0002360; HP:0002557; HP:0002974; HP:0003042; HP:0004209; HP:0007018; HP:0007598; HP:0008736; HP:0008850; HP:0008872; HP:0000083; HP:0000130; HP:0000175; HP:0000400; HP:0000453; HP:0000486; HP:0000501; HP:0000518; HP:0000639; HP:0000717; HP:0000767; HP:0000776; HP:0000786; HP:0000823; HP:0001250; HP:0001252; HP:0001385; HP:0001557; HP:0001629; HP:0001631; HP:0001883; HP:0001956; HP:0002021; HP:0002119; HP:0002120; HP:0002566; HP:0002580; HP:0002827; HP:0007360; HP:0009830; HP:0010880; HP:0012165; HP:0030680; HP:0040071; HP:0000358,High palate; Thin vermilion border; Brachycephaly; Microcephaly; Low anterior hairline; Long philtrum; Micrognathia; Atresia of the external auditory canal; Anteverted nares; Short neck; Long eyelashes; Thick eyebrow; Synophrys; Delayed eruption of teeth; Widely spaced teeth; Intellectual disability; Hypertonia; Toe syndactyly; Short foot; Gastroesophageal reflux; Low posterior hairline; Generalized hirsutism; Highly arched eyebrow; Downturned corners of mouth; Delayed skeletal maturation; Micromelia; Short nose; Short stature; Depressed nasal bridge; Curly eyelashes; Proximal placement of thumb; Short 1st metacarpal; Abnormally low-pitched voice; Severe intellectual disability; Small hand; Multicystic kidney dysplasia; Cryptorchidism; Hypospadias; Hypoplastic labia majora; Vesicoureteral reflux; Conductive hearing impairment; Sensorineural hearing impairment; Microcornea; Blepharitis; Ptosis; Myopia; Phthisis bulbi; Compulsive behaviors; Anxiety; Cutis marmorata; Joint stiffness; Failure to thrive; Intrauterine growth retardation; Premature birth; Abnormal speech pattern; Sleep disturbance; Hypoplastic nipples; Radioulnar synostosis; Elbow dislocation; Clinodactyly of the 5th finger; Attention deficit hyperactivity disorder; Bilateral single transverse palmar creases; Hypoplasia of penis; Severe postnatal growth retardation; Feeding difficulties in infancy; Renal insufficiency; Abnormality of the uterus; Cleft palate; Macrotia; Choanal atresia; Strabismus; Glaucoma; Cataract; Nystagmus; Autism; Pectus excavatum; Congenital diaphragmatic hernia; Primary amenorrhea; Delayed puberty; Seizure; Hypotonia; Hip dysplasia; Prenatal movement abnormality; Ventricular septal defect; Atrial septal defect; Talipes; Truncal obesity; Pyloric stenosis; Ventriculomegaly; Cerebral cortical atrophy; Intestinal malrotation; Volvulus; Hip dislocation; Aplasia/Hypoplasia of the cerebellum; Peripheral neuropathy; Increased nuchal translucency; Oligodactyly; Abnormal cardiovascular system morphology; Abnormal morphology of ulna; Posteriorly rotated ears,1.0,1.0,1.0,1.0,1.0,1.0,1.0,1.0,1.0,1.0,1.0,1.0,0.0,1.0,1.0,exact_name_db,ORPHA:199
CILP_0080,Secondary,Cornelia de Lange Syndrome,Cornelia de Lange Syndrome [OMIM phenotype nan],,,BRD4,1,Atypical / secondary ciliopathy,Needs curation,,,100.0,HP:0000218; HP:0000233; HP:0000248; HP:0000252; HP:0000294; HP:0000343; HP:0000347; HP:0000413; HP:0000463; HP:0000470; HP:0000527; HP:0000574; HP:0000664; HP:0000684; HP:0000687; HP:0001249; HP:0001276; HP:0001770; HP:0001773; HP:0002020; HP:0002162; HP:0002230; HP:0002553; HP:0002714; HP:0002750; HP:0002983; HP:0003196; HP:0004322; HP:0005280; HP:0007665; HP:0009623; HP:0010034; HP:0010300; HP:0010864; HP:0200055; HP:0000003; HP:0000028; HP:0000047; HP:0000059; HP:0000076; HP:0000405; HP:0000407; HP:0000482; HP:0000498; HP:0000508; HP:0000545; HP:0000667; HP:0000722; HP:0000739; HP:0000965; HP:0001387; HP:0001508; HP:0001511; HP:0001622; HP:0002167; HP:0002360; HP:0002557; HP:0002974; HP:0003042; HP:0004209; HP:0007018; HP:0007598; HP:0008736; HP:0008850; HP:0008872; HP:0000083; HP:0000130; HP:0000175; HP:0000400; HP:0000453; HP:0000486; HP:0000501; HP:0000518; HP:0000639; HP:0000717; HP:0000767; HP:0000776; HP:0000786; HP:0000823; HP:0001250; HP:0001252; HP:0001385; HP:0001557; HP:0001629; HP:0001631; HP:0001883; HP:0001956; HP:0002021; HP:0002119; HP:0002120; HP:0002566; HP:0002580; HP:0002827; HP:0007360; HP:0009830; HP:0010880; HP:0012165; HP:0030680; HP:0040071; HP:0000358,High palate; Thin vermilion border; Brachycephaly; Microcephaly; Low anterior hairline; Long philtrum; Micrognathia; Atresia of the external auditory canal; Anteverted nares; Short neck; Long eyelashes; Thick eyebrow; Synophrys; Delayed eruption of teeth; Widely spaced teeth; Intellectual disability; Hypertonia; Toe syndactyly; Short foot; Gastroesophageal reflux; Low posterior hairline; Generalized hirsutism; Highly arched eyebrow; Downturned corners of mouth; Delayed skeletal maturation; Micromelia; Short nose; Short stature; Depressed nasal bridge; Curly eyelashes; Proximal placement of thumb; Short 1st metacarpal; Abnormally low-pitched voice; Severe intellectual disability; Small hand; Multicystic kidney dysplasia; Cryptorchidism; Hypospadias; Hypoplastic labia majora; Vesicoureteral reflux; Conductive hearing impairment; Sensorineural hearing impairment; Microcornea; Blepharitis; Ptosis; Myopia; Phthisis bulbi; Compulsive behaviors; Anxiety; Cutis marmorata; Joint stiffness; Failure to thrive; Intrauterine growth retardation; Premature birth; Abnormal speech pattern; Sleep disturbance; Hypoplastic nipples; Radioulnar synostosis; Elbow dislocation; Clinodactyly of the 5th finger; Attention deficit hyperactivity disorder; Bilateral single transverse palmar creases; Hypoplasia of penis; Severe postnatal growth retardation; Feeding difficulties in infancy; Renal insufficiency; Abnormality of the uterus; Cleft palate; Macrotia; Choanal atresia; Strabismus; Glaucoma; Cataract; Nystagmus; Autism; Pectus excavatum; Congenital diaphragmatic hernia; Primary amenorrhea; Delayed puberty; Seizure; Hypotonia; Hip dysplasia; Prenatal movement abnormality; Ventricular septal defect; Atrial septal defect; Talipes; Truncal obesity; Pyloric stenosis; Ventriculomegaly; Cerebral cortical atrophy; Intestinal malrotation; Volvulus; Hip dislocation; Aplasia/Hypoplasia of the cerebellum; Peripheral neuropathy; Increased nuchal translucency; Oligodactyly; Abnormal cardiovascular system morphology; Abnormal morphology of ulna; Posteriorly rotated ears,1.0,1.0,1.0,1.0,1.0,1.0,1.0,1.0,1.0,1.0,1.0,1.0,0.0,1.0,1.0,exact_name_db,ORPHA:199
CILP_0081,Primary,Cranioectodermal Dysplasia,Cranioectodermal Dysplasia [OMIM phenotype 218330],CED1,218330,IFT122,1,Skeletal ciliopathy,AR,HP:0000007,Autosomal recessive inheritance,65.0,HP:0000286; HP:0003038; HP:0001970; HP:0004442; HP:0003071; HP:0012622; HP:0012623; HP:0000639; HP:0000954; HP:0001647; HP:0009466; HP:0001407; HP:0002217; HP:0000674; HP:0000556; HP:0001249; HP:0001382; HP:0000293; HP:0000691; HP:0001816; HP:0000968; HP:0000767; HP:0000601; HP:0002705; HP:0001538; HP:0002901; HP:0000369; HP:0000687; HP:0003774; HP:0030799; HP:0008905; HP:0001399; HP:0000023; HP:0001156; HP:0000463; HP:0001395; HP:0005792; HP:0002240; HP:0010306; HP:0032612; HP:0008070; HP:0000939; HP:0009880; HP:0009882; HP:0006297; HP:0000218; HP:0030084; HP:0000411; HP:0000774; HP:0000773; HP:0005567; HP:0002213; HP:0000431; HP:0000232; HP:0000506; HP:0001837; HP:0000668; HP:0006563; HP:0000348; HP:0002205; HP:0002007; HP:0000268; HP:0001799; HP:0000545; HP:0001831,"Epicanthus; Fibular hypoplasia; Tubulointerstitial nephritis; Sagittal craniosynostosis; Flattened epiphysis; Chronic kidney disease; Stage 1 chronic kidney disease; Nystagmus; Single transverse palmar crease; Bicuspid aortic valve; Radial deviation of finger; Hepatic cysts; Slow-growing hair; Anodontia; Retinal dystrophy; Intellectual disability; Joint hypermobility; Full cheeks; Microdontia; Thin nail; Ectodermal dysplasia; Pectus excavatum; Hypotelorism; High, narrow palate; Protuberant abdomen; Hypocalcemia; Low-set ears; Widely spaced teeth; Stage 5 chronic kidney disease; Scaphocephaly; Rhizomelia; Hepatic failure; Inguinal hernia; Brachydactyly; Anteverted nares; Hepatic fibrosis; Short humerus; Hepatomegaly; Short thorax; Triphalangeal hallux; Sparse hair; Osteoporosis; Broad distal phalanges of all fingers; Short distal phalanx of finger; Enamel hypoplasia; High palate; Clinodactyly; Protruding ear; Narrow chest; Short ribs; Renal magnesium wasting; Fine hair; Wide nasal bridge; Everted lower lip vermilion; Telecanthus; Broad toe; Hypodontia; Malformation of the hepatic ductal plate; High forehead; Recurrent respiratory infections; Frontal bossing; Dolichocephaly; Short nail; Myopia; Short toe",1.0,1.0,0.0,1.0,1.0,1.0,1.0,1.0,1.0,1.0,1.0,1.0,1.0,1.0,1.0,exact_omim,OMIM:218330
CILP_0082,Primary,Cranioectodermal Dysplasia,Cranioectodermal Dysplasia [OMIM phenotype 613610],CED2,613610,WDR35,1,Skeletal ciliopathy,AR,HP:0000007,Autosomal recessive inheritance,78.0,HP:0000286; HP:0000486; HP:0004322; HP:0000083; HP:0010442; HP:0045075; HP:0000639; HP:0001408; HP:0000319; HP:0000316; HP:0007687; HP:0001643; HP:0002613; HP:0000476; HP:0000278; HP:0001249; HP:0020206; HP:0000175; HP:0000293; HP:0001382; HP:0001263; HP:0000691; HP:0011800; HP:0006580; HP:0000968; HP:0002904; HP:0011330; HP:0000888; HP:0000767; HP:0030151; HP:0000289; HP:0000369; HP:0001655; HP:0000687; HP:0011090; HP:0000341; HP:0001396; HP:0000582; HP:0008905; HP:0001156; HP:0000023; HP:0000540; HP:0000581; HP:0002240; HP:0008070; HP:0001789; HP:0001748; HP:0030084; HP:0000218; HP:0006532; HP:0000774; HP:0000653; HP:0002910; HP:0000773; HP:0000256; HP:0002676; HP:0001744; HP:0000973; HP:0001363; HP:0003027; HP:0001561; HP:0000431; HP:0000232; HP:0001162; HP:0000470; HP:0045025; HP:0005280; HP:0000506; HP:0000822; HP:0000107; HP:0000348; HP:0001712; HP:0000268; HP:0002007; HP:0001357; HP:0001159; HP:0001631; HP:0000347,Epicanthus; Strabismus; Short stature; Renal insufficiency; Polydactyly; Sparse eyebrow; Nystagmus; Bile duct proliferation; Smooth philtrum; Hypertelorism; Unilateral ptosis; Patent ductus arteriosus; Biliary cirrhosis; Cystic hygroma; Retrognathia; Intellectual disability; Simple ear; Cleft palate; Full cheeks; Joint hypermobility; Global developmental delay; Microdontia; Midface retrusion; Portal fibrosis; Ectodermal dysplasia; Hyperbilirubinemia; Metopic synostosis; Horizontal ribs; Pectus excavatum; Cholangitis; Broad philtrum; Low-set ears; Patent foramen ovale; Widely spaced teeth; Fused teeth; Narrow forehead; Cholestasis; Upslanted palpebral fissure; Rhizomelia; Brachydactyly; Inguinal hernia; Hypermetropia; Blepharophimosis; Hepatomegaly; Sparse hair; Hydrops fetalis; Polysplenia; Clinodactyly; High palate; Recurrent pneumonia; Narrow chest; Sparse eyelashes; Elevated circulating hepatic transaminase concentration; Short ribs; Macrocephaly; Cloverleaf skull; Splenomegaly; Cutis laxa; Craniosynostosis; Mesomelia; Polyhydramnios; Wide nasal bridge; Everted lower lip vermilion; Postaxial hand polydactyly; Short neck; Narrow palpebral fissure; Depressed nasal bridge; Telecanthus; Hypertension; Renal cyst; High forehead; Left ventricular hypertrophy; Dolichocephaly; Frontal bossing; Plagiocephaly; Syndactyly; Atrial septal defect; Micrognathia,1.0,1.0,0.0,1.0,1.0,1.0,1.0,1.0,1.0,1.0,1.0,1.0,1.0,1.0,1.0,exact_omim,OMIM:613610
CILP_0083,Primary,Cranioectodermal Dysplasia,Cranioectodermal Dysplasia [OMIM phenotype 614099],CED3,614099,IFT43,1,Skeletal ciliopathy,AR,HP:0000007,Autosomal recessive inheritance,30.0,HP:0030799; HP:0003774; HP:0008905; HP:0001156; HP:0004322; HP:0004442; HP:0001394; HP:0008070; HP:0000958; HP:0000774; HP:0000256; HP:0001821; HP:0000973; HP:0002213; HP:0000232; HP:0010714; HP:0001382; HP:0004691; HP:0000090; HP:0100259; HP:0000968; HP:0000506; HP:0004969; HP:0000268; HP:0002007; HP:0001852; HP:0000685; HP:0000347; HP:0001799; HP:0000687,Scaphocephaly; Stage 5 chronic kidney disease; Rhizomelia; Brachydactyly; Short stature; Sagittal craniosynostosis; Cirrhosis; Sparse hair; Dry skin; Narrow chest; Macrocephaly; Broad nail; Cutis laxa; Fine hair; Everted lower lip vermilion; 2-4 toe syndactyly; Joint hypermobility; 2-3 toe syndactyly; Nephronophthisis; Postaxial polydactyly; Ectodermal dysplasia; Telecanthus; Peripheral pulmonary artery stenosis; Dolichocephaly; Frontal bossing; Sandal gap; Hypoplasia of teeth; Micrognathia; Short nail; Widely spaced teeth,1.0,1.0,0.0,0.0,0.0,1.0,0.0,1.0,1.0,1.0,0.0,0.0,1.0,1.0,1.0,exact_omim,OMIM:614099
CILP_0084,Primary,Cranioectodermal Dysplasia,Cranioectodermal Dysplasia [OMIM phenotype 614378],CED4,614378,WDR19,1,Skeletal ciliopathy,AR,HP:0000007,Autosomal recessive inheritance,31.0,HP:0003774; HP:0000286; HP:0000662; HP:0000540; HP:0004322; HP:0000463; HP:0004442; HP:0001805; HP:0000319; HP:0010174; HP:0009882; HP:0000679; HP:6001070; HP:0006532; HP:0005528; HP:0000774; HP:0000411; HP:0000510; HP:0000973; HP:0001385; HP:0000233; HP:0000293; HP:0001382; HP:0033036; HP:0010554; HP:0008081; HP:0000767; HP:0000505; HP:0001319; HP:0002007; HP:0009836,Stage 5 chronic kidney disease; Epicanthus; Nyctalopia; Hypermetropia; Short stature; Anteverted nares; Sagittal craniosynostosis; Onychogryphosis; Smooth philtrum; Broad phalanx of the toes; Short distal phalanx of finger; Taurodontia; Subdural hygroma; Recurrent pneumonia; Bone marrow hypocellularity; Narrow chest; Protruding ear; Rod-cone dystrophy; Cutis laxa; Hip dysplasia; Thin vermilion border; Full cheeks; Joint hypermobility; Decreased nasal nitric oxide; Cutaneous finger syndactyly; Pes valgus; Pectus excavatum; Visual impairment; Neonatal hypotonia; Frontal bossing; Broad distal phalanx of finger,0.0,0.0,0.0,1.0,1.0,1.0,1.0,1.0,1.0,1.0,1.0,0.0,1.0,1.0,1.0,exact_omim,OMIM:614378
CILP_0085,Primary,Cranioectodermal Dysplasia,Cranioectodermal Dysplasia [OMIM phenotype No MIM Number],,No MIM Number,IFT140; IFT52,2,Skeletal ciliopathy,AR,HP:0000007,Autosomal recessive inheritance,77.0,HP:0000286; HP:0003038; HP:0001970; HP:0004442; HP:0003071; HP:0012622; HP:0012623; HP:0000639; HP:0000954; HP:0001647; HP:0009466; HP:0001407; HP:0002217; HP:0000674; HP:0000556; HP:0001249; HP:0001382; HP:0000293; HP:0000691; HP:0001816; HP:0000968; HP:0000767; HP:0000601; HP:0002705; HP:0001538; HP:0002901; HP:0000369; HP:0000687; HP:0003774; HP:0030799; HP:0008905; HP:0001399; HP:0000023; HP:0001156; HP:0000463; HP:0001395; HP:0005792; HP:0002240; HP:0010306; HP:0032612; HP:0008070; HP:0000939; HP:0009880; HP:0009882; HP:0006297; HP:0000218; HP:0030084; HP:0000411; HP:0000774; HP:0000773; HP:0005567; HP:0002213; HP:0000431; HP:0000232; HP:0000506; HP:0001837; HP:0000668; HP:0006563; HP:0000348; HP:0002205; HP:0002007; HP:0000268; HP:0001799; HP:0000545; HP:0001831; HP:0001363; HP:0006101; HP:0000679; HP:0000682; HP:0004209; HP:0008499; HP:0000164; HP:0000269; HP:0000940; HP:0000944; HP:0001231; HP:0008388,"Epicanthus; Fibular hypoplasia; Tubulointerstitial nephritis; Sagittal craniosynostosis; Flattened epiphysis; Chronic kidney disease; Stage 1 chronic kidney disease; Nystagmus; Single transverse palmar crease; Bicuspid aortic valve; Radial deviation of finger; Hepatic cysts; Slow-growing hair; Anodontia; Retinal dystrophy; Intellectual disability; Joint hypermobility; Full cheeks; Microdontia; Thin nail; Ectodermal dysplasia; Pectus excavatum; Hypotelorism; High, narrow palate; Protuberant abdomen; Hypocalcemia; Low-set ears; Widely spaced teeth; Stage 5 chronic kidney disease; Scaphocephaly; Rhizomelia; Hepatic failure; Inguinal hernia; Brachydactyly; Anteverted nares; Hepatic fibrosis; Short humerus; Hepatomegaly; Short thorax; Triphalangeal hallux; Sparse hair; Osteoporosis; Broad distal phalanges of all fingers; Short distal phalanx of finger; Enamel hypoplasia; High palate; Clinodactyly; Protruding ear; Narrow chest; Short ribs; Renal magnesium wasting; Fine hair; Wide nasal bridge; Everted lower lip vermilion; Telecanthus; Broad toe; Hypodontia; Malformation of the hepatic ductal plate; High forehead; Recurrent respiratory infections; Frontal bossing; Dolichocephaly; Short nail; Myopia; Short toe; Craniosynostosis; Finger syndactyly; Taurodontia; Abnormal dental enamel morphology; Clinodactyly of the 5th finger; High hypermetropia; Abnormality of the dentition; Prominent occiput; Abnormal diaphysis morphology; Abnormal metaphysis morphology; Abnormal fingernail morphology; Abnormal toenail morphology",1.0,1.0,0.0,1.0,1.0,1.0,1.0,1.0,1.0,1.0,1.0,1.0,1.0,1.0,1.0,exact_name_db,OMIM:218330; ORPHA:1515
CILP_0086,Primary,Ellis-van Creveld Syndrome,Ellis-van Creveld Syndrome [OMIM phenotype 225500],EVC,225500,EVC; EVC2,2,Skeletal ciliopathy,AR,HP:0000007,Autosomal recessive inheritance,29.0,HP:0000684; HP:0002164; HP:0008873; HP:0001305; HP:0006035; HP:0002857; HP:0006477; HP:0000774; HP:0000773; HP:0000039; HP:0001249; HP:0003026; HP:0000695; HP:0001762; HP:0001162; HP:0001241; HP:0011565; HP:0010454; HP:0000968; HP:0000668; HP:0000888; HP:0000768; HP:0008921; HP:0001830; HP:0000047; HP:0001631; HP:0002866; HP:0000028; HP:0000204,Delayed eruption of teeth; Nail dysplasia; Disproportionate short-limb short stature; Dandy-Walker malformation; Cone-shaped epiphyses of phalanges 2 to 5; Genu valgum; Abnormal alveolar ridge morphology; Narrow chest; Short ribs; Epispadias; Intellectual disability; Short long bone; Natal tooth; Talipes equinovarus; Postaxial hand polydactyly; Capitate-hamate fusion; Common atrium; Acetabular spurs; Ectodermal dysplasia; Hypodontia; Horizontal ribs; Pectus carinatum; Neonatal short-limb short stature; Postaxial foot polydactyly; Hypospadias; Atrial septal defect; Hypoplastic iliac wing; Cryptorchidism; Cleft upper lip,0.0,1.0,0.0,0.0,0.0,1.0,0.0,1.0,1.0,1.0,1.0,0.0,0.0,1.0,1.0,exact_omim,OMIM:225500
CILP_0087,Primary,Greig Cephalopolysyndactyly Syndrome,Greig Cephalopolysyndactyly Syndrome [OMIM phenotype 175700],GCPS,175700,GLI3,1,Skeletal ciliopathy,AD,HP:0000006,Autosomal dominant inheritance,51.0,HP:0011939; HP:0001177; HP:0002023; HP:0001256; HP:0000563; HP:0000243; HP:0001250; HP:0003074; HP:0010567; HP:0010055; HP:0000316; HP:0000238; HP:0001841; HP:0001007; HP:0000494; HP:0002079; HP:0001263; HP:0011330; HP:0001537; HP:0001459; HP:0001539; HP:0005616; HP:0000047; HP:0004303; HP:0030799; HP:0002683; HP:0001156; HP:0000023; HP:0002164; HP:0001274; HP:0001627; HP:0002119; HP:0000256; HP:0001363; HP:0000750; HP:0000431; HP:0001321; HP:0001162; HP:0000270; HP:0010059; HP:0011304; HP:0009473; HP:0006042; HP:0000348; HP:0001836; HP:0000268; HP:0002007; HP:0001830; HP:0001159; HP:0001631; HP:0000028,3-4 finger cutaneous syndactyly; Preaxial hand polydactyly; Anal atresia; Mild intellectual disability; Keratoconus; Trigonocephaly; Seizure; Hyperglycemia; Y-shaped metatarsals; Broad hallux; Hypertelorism; Hydrocephalus; Preaxial foot polydactyly; Hirsutism; Downslanted palpebral fissures; Hypoplasia of the corpus callosum; Global developmental delay; Metopic synostosis; Umbilical hernia; 1-3 toe syndactyly; Omphalocele; Accelerated skeletal maturation; Hypospadias; Abnormal muscle fiber morphology; Scaphocephaly; Abnormal calvaria morphology; Brachydactyly; Inguinal hernia; Nail dysplasia; Agenesis of corpus callosum; Abnormal heart morphology; Ventriculomegaly; Macrocephaly; Craniosynostosis; Delayed speech and language development; Wide nasal bridge; Cerebellar hypoplasia; Postaxial hand polydactyly; Delayed cranial suture closure; Broad hallux phalanx; Broad thumb; Joint contracture of the hand; Y-shaped metacarpals; High forehead; Camptodactyly of toe; Dolichocephaly; Frontal bossing; Postaxial foot polydactyly; Syndactyly; Atrial septal defect; Cryptorchidism,1.0,1.0,0.0,1.0,0.0,1.0,0.0,0.0,1.0,1.0,1.0,1.0,0.0,1.0,1.0,exact_omim,OMIM:175700
CILP_0088,Secondary,Holoprosencephaly,Holoprosencephaly [OMIM phenotype 142945],HPE3,142945,SHH,1,Neurodevelopmental ciliopathy,INCOMPLETE_PENETRANCE; AD,HP:0003829; HP:0000006,Typified by incomplete penetrance; Autosomal dominant inheritance,21.0,HP:0009914; HP:0000252; HP:0000175; HP:0001360; HP:0000193; HP:0002000; HP:0012806; HP:0001263; HP:0000272; HP:0011800; HP:0410030; HP:0005280; HP:0000601; HP:0002119; HP:0000366; HP:0000520; HP:0009932; HP:0006315; HP:0001249; HP:0000126; HP:0000863,Cyclopia; Microcephaly; Cleft palate; Holoprosencephaly; Bifid uvula; Short columella; Proboscis; Global developmental delay; Malar flattening; Midface retrusion; Cleft lip; Depressed nasal bridge; Hypotelorism; Ventriculomegaly; Abnormality of the nose; Proptosis; Single naris; Solitary median maxillary central incisor; Intellectual disability; Hydronephrosis; Central diabetes insipidus,0.0,0.0,1.0,1.0,0.0,1.0,0.0,0.0,1.0,0.0,1.0,0.0,0.0,1.0,0.0,exact_omim,OMIM:142945
CILP_0089,Secondary,Holoprosencephaly,Holoprosencephaly [OMIM phenotype 142946],HPE4,142946,TGIF1,1,Neurodevelopmental ciliopathy,AD,HP:0000006,Autosomal dominant inheritance,15.0,HP:0000252; HP:0001332; HP:0000161; HP:0001250; HP:0005273; HP:0010757; HP:0005280; HP:0009099; HP:0000508; HP:0000437; HP:0006870; HP:0000601; HP:0002507; HP:0000873; HP:0020128,Microcephaly; Dystonia; Median cleft upper lip; Seizure; Absent nasal septal cartilage; Aplasia of the premaxilla; Depressed nasal bridge; Median cleft palate; Ptosis; Depressed nasal tip; Lobar holoprosencephaly; Hypotelorism; Semilobar holoprosencephaly; Diabetes insipidus; Aplasia of the olfactory tract,0.0,0.0,1.0,1.0,0.0,0.0,0.0,0.0,1.0,0.0,1.0,0.0,0.0,1.0,0.0,exact_omim,OMIM:142946
CILP_0090,Secondary,Holoprosencephaly,Holoprosencephaly [OMIM phenotype 157170],HPE2,157170,SIX3,1,Neurodevelopmental ciliopathy,INCOMPLETE_PENETRANCE; SPORADIC; AD,HP:0003829; HP:0003745; HP:0000006,Typified by incomplete penetrance; Sporadic; Autosomal dominant inheritance,37.0,HP:0006988; HP:0009914; HP:0010626; HP:0001750; HP:0001250; HP:0000161; HP:0001274; HP:0001252; HP:0012806; HP:0001290; HP:0005273; HP:0010941; HP:0000612; HP:0000835; HP:0000873; HP:0002019; HP:0001249; HP:0006315; HP:0000176; HP:0000252; HP:0007968; HP:0002650; HP:0001321; HP:0001360; HP:0000193; HP:0001263; HP:0000272; HP:0011800; HP:0010757; HP:0100336; HP:0100337; HP:0009099; HP:0000601; HP:0000568; HP:0002507; HP:0000520; HP:0000567,Alobar holoprosencephaly; Cyclopia; Anterior pituitary agenesis; Single ventricle; Seizure; Median cleft upper lip; Agenesis of corpus callosum; Hypotonia; Proboscis; Generalized hypotonia; Absent nasal septal cartilage; Aplasia of the nasal bone; Iris coloboma; Adrenal hypoplasia; Diabetes insipidus; Constipation; Intellectual disability; Solitary median maxillary central incisor; Submucous cleft hard palate; Microcephaly; Remnants of the hyaloid vascular system; Scoliosis; Cerebellar hypoplasia; Holoprosencephaly; Bifid uvula; Global developmental delay; Malar flattening; Midface retrusion; Aplasia of the premaxilla; Bilateral cleft lip; Bilateral cleft palate; Median cleft palate; Hypotelorism; Microphthalmia; Semilobar holoprosencephaly; Proptosis; Chorioretinal coloboma,1.0,1.0,1.0,1.0,0.0,0.0,0.0,0.0,1.0,0.0,1.0,0.0,0.0,1.0,0.0,exact_omim,OMIM:157170
CILP_0091,Secondary,Holoprosencephaly,Holoprosencephaly [OMIM phenotype 301043],HPE13,301043,STAG2,1,Neurodevelopmental ciliopathy,XLR,HP:0001419,X-linked recessive inheritance,31.0,HP:0006988; HP:0009914; HP:0000365; HP:0000161; HP:0001250; HP:0001274; HP:0002020; HP:0004383; HP:0100842; HP:0001629; HP:0008551; HP:0001643; HP:0001249; HP:0006315; HP:0000176; HP:0000175; HP:0000252; HP:0030048; HP:0009927; HP:0001263; HP:0000609; HP:0009099; HP:0001719; HP:0002507; HP:0008467; HP:0003316; HP:0000347; HP:0000369; HP:0008428; HP:0002247; HP:0001655,Alobar holoprosencephaly; Cyclopia; Hearing impairment; Median cleft upper lip; Seizure; Agenesis of corpus callosum; Gastroesophageal reflux; Hypoplastic left ventricle; Septo-optic dysplasia; Ventricular septal defect; Microtia; Patent ductus arteriosus; Intellectual disability; Solitary median maxillary central incisor; Submucous cleft hard palate; Cleft palate; Microcephaly; Colpocephaly; Aplasia of the nose; Global developmental delay; Optic nerve hypoplasia; Median cleft palate; Double outlet right ventricle; Semilobar holoprosencephaly; Thoracic hemivertebrae; Butterfly vertebrae; Micrognathia; Low-set ears; Vertebral clefting; Duodenal atresia; Patent foramen ovale,1.0,1.0,0.0,1.0,1.0,0.0,0.0,0.0,1.0,0.0,1.0,0.0,0.0,1.0,0.0,exact_omim,OMIM:301043
CILP_0092,Secondary,Holoprosencephaly,Holoprosencephaly [OMIM phenotype 609637],HPE5,609637,ZIC2,1,Neurodevelopmental ciliopathy,AD,HP:0000006,Autosomal dominant inheritance,34.0,HP:0006988; HP:0000341; HP:0000340; HP:0000582; HP:0000463; HP:0002002; HP:0000243; HP:0001272; HP:0001250; HP:0100702; HP:0000316; HP:0006870; HP:0000337; HP:0000238; HP:0002119; HP:0000218; HP:0001249; HP:0001347; HP:0032549; HP:0006956; HP:0000252; HP:0025670; HP:0001360; HP:0001263; HP:0005280; HP:0012385; HP:0000348; HP:0000601; HP:0002507; HP:0000400; HP:0000202; HP:0000664; HP:0000520; HP:0000863,Alobar holoprosencephaly; Narrow forehead; Sloping forehead; Upslanted palpebral fissure; Anteverted nares; Deep philtrum; Trigonocephaly; Cerebellar atrophy; Seizure; Arachnoid cyst; Hypertelorism; Lobar holoprosencephaly; Broad forehead; Hydrocephalus; Ventriculomegaly; High palate; Intellectual disability; Hyperreflexia; Persistent asymmetrical tonic neck reflex; Lateral ventricle dilatation; Microcephaly; Syntelencephaly; Holoprosencephaly; Global developmental delay; Depressed nasal bridge; Camptodactyly; High forehead; Hypotelorism; Semilobar holoprosencephaly; Macrotia; Orofacial cleft; Synophrys; Proptosis; Central diabetes insipidus,0.0,0.0,1.0,1.0,1.0,0.0,0.0,0.0,1.0,0.0,1.0,0.0,0.0,1.0,1.0,exact_omim,OMIM:609637
CILP_0093,Secondary,Holoprosencephaly,Holoprosencephaly [OMIM phenotype 610828],HPE7,610828,PTCH1,1,Neurodevelopmental ciliopathy,INCOMPLETE_PENETRANCE; AD,HP:0003829; HP:0000006,Typified by incomplete penetrance; Autosomal dominant inheritance,50.0,HP:0006988; HP:0000242; HP:0010649; HP:0000161; HP:0001250; HP:0004122; HP:0003196; HP:0000283; HP:0100333; HP:0010650; HP:0000437; HP:0000316; HP:0006870; HP:0000238; HP:0006315; HP:0005469; HP:0000175; HP:0000252; HP:0005104; HP:0011803; HP:0001263; HP:0011800; HP:0100336; HP:0100337; HP:0100334; HP:0009099; HP:0009891; HP:0000601; HP:0000568; HP:0001338; HP:0002507; HP:0001539; HP:0007633; HP:0000400; HP:0000582; HP:0002365; HP:0001274; HP:0005273; HP:0010664; HP:0012368; HP:0000612; HP:0002436; HP:0000256; HP:0000871; HP:0000431; HP:0001360; HP:0002007; HP:0000664; HP:0000267; HP:0000586,Alobar holoprosencephaly; Parietal bossing; Flat nasal alae; Median cleft upper lip; Seizure; Midline defect of the nose; Short nose; Broad face; Unilateral cleft lip; Hypoplasia of the premaxilla; Depressed nasal tip; Hypertelorism; Lobar holoprosencephaly; Hydrocephalus; Solitary median maxillary central incisor; Flat occiput; Cleft palate; Microcephaly; Hypoplastic nasal septum; Bifid nose; Global developmental delay; Midface retrusion; Bilateral cleft lip; Bilateral cleft palate; Unilateral cleft palate; Median cleft palate; Underdeveloped supraorbital ridges; Hypotelorism; Microphthalmia; Partial agenesis of the corpus callosum; Semilobar holoprosencephaly; Omphalocele; Bilateral microphthalmos; Macrotia; Upslanted palpebral fissure; Hypoplasia of the brainstem; Agenesis of corpus callosum; Absent nasal septal cartilage; Fusion of the left and right thalami; Flat face; Iris coloboma; Occipital meningocele; Macrocephaly; Panhypopituitarism; Wide nasal bridge; Holoprosencephaly; Frontal bossing; Synophrys; Cranial asymmetry; Shallow orbits,1.0,0.0,1.0,1.0,1.0,0.0,0.0,0.0,1.0,0.0,1.0,0.0,0.0,1.0,1.0,exact_omim,OMIM:610828
CILP_0094,Secondary,Holoprosencephaly,Holoprosencephaly [OMIM phenotype 610829],HPE9,610829,GLI2,1,Neurodevelopmental ciliopathy,INCOMPLETE_PENETRANCE; SPORADIC; AD,HP:0003829; HP:0003745; HP:0000006,Typified by incomplete penetrance; Sporadic; Autosomal dominant inheritance,56.0,HP:0006988; HP:0000286; HP:0004322; HP:0001250; HP:0003196; HP:0001092; HP:0033725; HP:0010650; HP:0011220; HP:0000238; HP:0010290; HP:0002536; HP:0000358; HP:0006315; HP:0000175; HP:0000252; HP:0000054; HP:0000453; HP:0001263; HP:0011800; HP:0100336; HP:0100337; HP:0000609; HP:0000528; HP:0000327; HP:0000689; HP:0000601; HP:0000568; HP:0001338; HP:0000400; HP:0000322; HP:0009932; HP:0000204; HP:0000324; HP:0000384; HP:0010627; HP:0010626; HP:0000260; HP:0010864; HP:0002714; HP:0000455; HP:0002436; HP:0000179; HP:0000395; HP:0000871; HP:0001360; HP:0001162; HP:0000272; HP:0000470; HP:0005280; HP:0100960; HP:0011272; HP:0000508; HP:0006485; HP:0000824; HP:0000028,Alobar holoprosencephaly; Epicanthus; Short stature; Seizure; Short nose; Absent lacrimal punctum; Thin corpus callosum; Hypoplasia of the premaxilla; Prominent forehead; Hydrocephalus; Short hard palate; Abnormal cortical gyration; Posteriorly rotated ears; Solitary median maxillary central incisor; Cleft palate; Microcephaly; Micropenis; Choanal atresia; Global developmental delay; Midface retrusion; Bilateral cleft lip; Bilateral cleft palate; Optic nerve hypoplasia; Anophthalmia; Hypoplasia of the maxilla; Dental malocclusion; Hypotelorism; Microphthalmia; Partial agenesis of the corpus callosum; Macrotia; Short philtrum; Single naris; Cleft upper lip; Facial asymmetry; Preauricular skin tag; Anterior pituitary hypoplasia; Anterior pituitary agenesis; Wide anterior fontanel; Severe intellectual disability; Downturned corners of mouth; Broad nasal tip; Occipital meningocele; Thick lower lip vermilion; Prominent antihelix; Panhypopituitarism; Holoprosencephaly; Postaxial hand polydactyly; Malar flattening; Short neck; Depressed nasal bridge; Lateral ventricular asymmetry; Underdeveloped tragus; Ptosis; Agenesis of incisor; Decreased response to growth hormone stimulation test; Cryptorchidism,0.0,0.0,1.0,1.0,1.0,1.0,0.0,1.0,1.0,1.0,1.0,0.0,0.0,1.0,1.0,exact_omim,OMIM:610829
CILP_0095,Secondary,Holoprosencephaly,Holoprosencephaly [OMIM phenotype 614226],HPE11,614226,CDON,1,Neurodevelopmental ciliopathy,SPORADIC; AD,HP:0003745; HP:0000006,Sporadic; Autosomal dominant inheritance,11.0,HP:0000252; HP:0000175; HP:0000574; HP:0001360; HP:0001274; HP:0001263; HP:0410030; HP:0000601; HP:0001748; HP:0000664; HP:0000520,Microcephaly; Cleft palate; Thick eyebrow; Holoprosencephaly; Agenesis of corpus callosum; Global developmental delay; Cleft lip; Hypotelorism; Polysplenia; Synophrys; Proptosis,1.0,1.0,0.0,1.0,0.0,0.0,1.0,0.0,1.0,0.0,1.0,0.0,0.0,1.0,1.0,exact_omim,OMIM:614226
CILP_0096,Secondary,Holoprosencephaly,Holoprosencephaly [OMIM phenotype 618500],HPE12,618500,CNOT1,1,Neurodevelopmental ciliopathy,AD,HP:0000006,Autosomal dominant inheritance,35.0,HP:0001331; HP:0000286; HP:0000340; HP:0001234; HP:0000343; HP:0002384; HP:0001250; HP:0001274; HP:0001290; HP:0010669; HP:0100651; HP:0031964; HP:0008551; HP:0100801; HP:0006870; HP:0000218; HP:0000873; HP:0001324; HP:0000252; HP:0002079; HP:0001263; HP:0011467; HP:0030948; HP:0005280; HP:0001738; HP:0000407; HP:0001518; HP:0000601; HP:0002507; HP:0000405; HP:0001511; HP:0001510; HP:0001257; HP:0000369; HP:0000269,Absent septum pellucidum; Epicanthus; Sloping forehead; Hitchhiker thumb; Long philtrum; Focal impaired awareness seizure; Seizure; Agenesis of corpus callosum; Generalized hypotonia; Hypoplasia of the zygomatic bone; Type I diabetes mellitus; Elevated circulating alanine aminotransferase concentration; Microtia; Pancreatic aplasia; Lobar holoprosencephaly; High palate; Diabetes insipidus; Muscle weakness; Microcephaly; Hypoplasia of the corpus callosum; Global developmental delay; Absent gallbladder; Elevated gamma-glutamyltransferase level; Depressed nasal bridge; Exocrine pancreatic insufficiency; Sensorineural hearing impairment; Small for gestational age; Hypotelorism; Semilobar holoprosencephaly; Conductive hearing impairment; Intrauterine growth retardation; Growth delay; Spasticity; Low-set ears; Prominent occiput,1.0,0.0,1.0,1.0,1.0,0.0,0.0,1.0,1.0,1.0,1.0,1.0,0.0,1.0,0.0,exact_omim,OMIM:618500
CILP_0097,Primary,Hydrolethalus Syndrome,Hydrolethalus Syndrome [OMIM phenotype 236680],HLS1,236680,HYLS1,1,Neurodevelopmental ciliopathy,AR,HP:0000007,Autosomal recessive inheritance,39.0,HP:0001331; HP:0008749; HP:0001177; HP:0000142; HP:0002323; HP:0001674; HP:0002101; HP:0000161; HP:0004122; HP:0001274; HP:0002282; HP:0001629; HP:0001305; HP:0001747; HP:0002139; HP:0006379; HP:0002777; HP:0000136; HP:0002536; HP:0000377; HP:0008216; HP:0009824; HP:0000175; HP:0001561; HP:0000475; HP:0001762; HP:0011803; HP:0001162; HP:0010066; HP:0009752; HP:0000568; HP:0006882; HP:0001539; HP:0001511; HP:0008986; HP:0000047; HP:0000369; HP:0000347; HP:0000126,Absent septum pellucidum; Laryngeal hypoplasia; Preaxial hand polydactyly; Abnormal vagina morphology; Anencephaly; Complete atrioventricular canal defect; Abnormal lung lobation; Median cleft upper lip; Midline defect of the nose; Agenesis of corpus callosum; Gray matter heterotopia; Ventricular septal defect; Dandy-Walker malformation; Accessory spleen; Arrhinencephaly; Proximal tibial hypoplasia; Tracheal stenosis; Bifid uterus; Abnormal cortical gyration; Abnormal pinna morphology; Adrenal gland dysgenesis; Upper limb undergrowth; Cleft palate; Polyhydramnios; Broad neck; Talipes equinovarus; Bifid nose; Postaxial hand polydactyly; Duplication of phalanx of hallux; Cleft in skull base; Microphthalmia; Severe hydrocephalus; Omphalocele; Intrauterine growth retardation; Agenesis of the diaphragm; Hypospadias; Low-set ears; Micrognathia; Hydronephrosis,1.0,1.0,1.0,1.0,1.0,1.0,1.0,1.0,1.0,1.0,1.0,0.0,1.0,1.0,0.0,exact_omim,OMIM:236680
CILP_0098,Primary,Hydrolethalus Syndrome,Hydrolethalus Syndrome [OMIM phenotype 614120],HLS2,614120,KIF7,1,Neurodevelopmental ciliopathy,AR,HP:0000007,Autosomal recessive inheritance,10.0,HP:0000175; HP:0002323; HP:0001162; HP:0001274; HP:0000238; HP:0002419; HP:0002119; HP:0001830; HP:0001841; HP:0000347,Cleft palate; Anencephaly; Postaxial hand polydactyly; Agenesis of corpus callosum; Hydrocephalus; Molar tooth sign on MRI; Ventriculomegaly; Postaxial foot polydactyly; Preaxial foot polydactyly; Micrognathia,0.0,0.0,0.0,0.0,0.0,0.0,0.0,0.0,1.0,1.0,1.0,0.0,0.0,1.0,0.0,exact_omim,OMIM:614120
CILP_0099,Primary,Infantile Polycystic Kidney Disease,Infantile Polycystic Kidney Disease [OMIM phenotype No MIM Number],PKD,No MIM Number,HNF1B,1,Renal-hepatic ciliopathy,INCOMPLETE_PENETRANCE; AD; AR,HP:0003829; HP:0000006; HP:0000007,Typified by incomplete penetrance; Autosomal dominant inheritance; Autosomal recessive inheritance,107.0,HP:0003774; HP:0000010; HP:0001696; HP:0001651; HP:0003155; HP:0000083; HP:0005562; HP:0002240; HP:0011800; HP:0030948; HP:0006254; HP:0000822; HP:0001407; HP:0002900; HP:0000113; HP:0003259; HP:0000952; HP:0000324; HP:0012213; HP:0001997; HP:0001410; HP:0004944; HP:0009717; HP:0006772; HP:0000023; HP:0000074; HP:0012624; HP:0012625; HP:0000093; HP:0012626; HP:0033261; HP:0000003; HP:0000787; HP:0001634; HP:0002089; HP:0005576; HP:0001395; HP:0002040; HP:0001409; HP:0004719; HP:0001944; HP:0001405; HP:0001744; HP:0008659; HP:0001562; HP:0005564; HP:0000107; HP:0001737; HP:0002009; HP:0000105; HP:0002248; HP:0004322; HP:0000097; HP:0000090; HP:0001959; HP:0001712; HP:0000103; HP:0012585; HP:0032948; HP:0005565; HP:0001433; HP:0001396; HP:0001510; HP:0001971; HP:0002612; HP:0002630; HP:0002878; HP:0002902; HP:0004905; HP:0006560; HP:0011040; HP:0011892; HP:0011968; HP:0012202; HP:0100512; HP:0100513; HP:0001541; HP:0001873; HP:0001919; HP:0002239; HP:0002243; HP:0002791; HP:0002884; HP:0006532; HP:0030151; HP:0100520; HP:0000347; HP:0000369; HP:0000457; HP:0002108; HP:0030153; HP:0040064; HP:0100543; HP:0000790; HP:0012591; HP:0012592; HP:0012622; HP:0030157; HP:0000791; HP:0002616; HP:0006557; HP:0008672; HP:0011004; HP:0012207; HP:0012330; HP:0100702; HP:0011760,Stage 5 chronic kidney disease; Recurrent urinary tract infections; Situs inversus totalis; Dextrocardia; Elevated circulating alkaline phosphatase concentration; Renal insufficiency; Multiple renal cysts; Hepatomegaly; Midface retrusion; Elevated gamma-glutamyltransferase level; Elevated circulating alpha-fetoprotein concentration; Hypertension; Hepatic cysts; Hypokalemia; Polycystic kidney dysplasia; Elevated circulating creatinine concentration; Jaundice; Facial asymmetry; Decreased glomerular filtration rate; Gout; Decreased liver function; Dilatation of the cerebral artery; Cortical tubers; Renal angiomyolipoma; Inguinal hernia; Ureteropelvic junction obstruction; Stage 2 chronic kidney disease; Stage 3 chronic kidney disease; Proteinuria; Stage 4 chronic kidney disease; Renal artery aneurysm; Multicystic kidney dysplasia; Nephrolithiasis; Mitral valve prolapse; Pulmonary hypoplasia; Tubulointerstitial fibrosis; Hepatic fibrosis; Esophageal varix; Portal hypertension; Hyperechogenic kidneys; Dehydration; Periportal fibrosis; Splenomegaly; Multiple small medullary renal cysts; Oligohydramnios; Absence of renal corticomedullary differentiation; Renal cyst; Pancreatic cysts; Potter facies; Enlarged kidney; Hematemesis; Short stature; Focal segmental glomerulosclerosis; Nephronophthisis; Polydipsia; Left ventricular hypertrophy; Polyuria; Renal atrophy; Renal interstitial fibrosis; Reduced renal corticomedullary differentiation; Hepatosplenomegaly; Cholestasis; Growth delay; Hypersplenism; Congenital hepatic fibrosis; Fat malabsorption; Respiratory failure; Hyponatremia; Reduced circulating vitamin A concentration; Biliary hyperplasia; Abnormal intrahepatic bile duct morphology; Decreased circulating vitamin K concentration; Feeding difficulties; Increased serum bile acid concentration; Decreased circulating vitamin D concentration; Decreased circulating vitamin E concentration; Ascites; Thrombocytopenia; Acute kidney injury; Gastrointestinal hemorrhage; Protein-losing enteropathy; Hypoventilation; Hepatoblastoma; Recurrent pneumonia; Cholangitis; Oliguria; Micrognathia; Low-set ears; Depressed nasal ridge; Spontaneous pneumothorax; Cholangiocarcinoma; Abnormality of limbs; Cognitive impairment; Hematuria; Abnormal urinary electrolyte concentration; Albuminuria; Chronic kidney disease; Flank pain; Uric acid nephrolithiasis; Aortic root aneurysm; Polycystic liver disease; Calcium oxalate nephrolithiasis; Abnormal systemic arterial morphology; Reduced sperm motility; Pyelonephritis; Arachnoid cyst; Pituitary growth hormone cell adenoma,1.0,1.0,1.0,0.0,1.0,1.0,1.0,1.0,1.0,1.0,1.0,1.0,1.0,1.0,1.0,keyword_family_match,OMIM:263200; OMIM:600273; OMIM:600666; OMIM:613095; OMIM:617610; OMIM:618061; OMIM:620056; OMIM:620903; OMIM:621164; ORPHA:730; ORPHA:731
CILP_0100,Primary,Joubert Syndrome,Joubert Syndrome [OMIM phenotype 200990],JBTS12,200990,KIF7,1,Neurodevelopmental ciliopathy,AR,HP:0000007,Autosomal recessive inheritance,81.0,HP:0001177; HP:0000286; HP:0001770; HP:0000486; HP:0000365; HP:0010803; HP:0002023; HP:0001250; HP:0002263; HP:0010808; HP:0000160; HP:0003196; HP:0001252; HP:0001290; HP:0010291; HP:0000639; HP:0000319; HP:0012471; HP:0011220; HP:0000316; HP:0008897; HP:0009942; HP:0001841; HP:0000358; HP:0001249; HP:0000054; HP:0000494; HP:0000175; HP:0005148; HP:0001182; HP:0001537; HP:0006101; HP:0000648; HP:0000207; HP:0004209; HP:0009611; HP:0000322; HP:0000047; HP:0000685; HP:0000369; HP:0000204; HP:0000143; HP:0000384; HP:0006329; HP:0001671; HP:0000343; HP:0000023; HP:0001156; HP:0000260; HP:0001274; HP:0010864; HP:0001508; HP:0000337; HP:0030680; HP:0000218; HP:0002714; HP:0006335; HP:0000256; HP:0000212; HP:0000377; HP:0000154; HP:0000431; HP:0000233; HP:0001641; HP:0001162; HP:0000194; HP:0003781; HP:0000193; HP:0000190; HP:0010576; HP:0007370; HP:0000308; HP:0010066; HP:0007894; HP:0001830; HP:0002007; HP:0001510; HP:0000303; HP:0000028; HP:0000589; HP:0000269,Preaxial hand polydactyly; Epicanthus; Toe syndactyly; Strabismus; Hearing impairment; Everted upper lip vermilion; Anal atresia; Seizure; Exaggerated cupid's bow; Protruding tongue; Narrow mouth; Short nose; Hypotonia; Generalized hypotonia; Prominent palatine ridges; Nystagmus; Smooth philtrum; Thick vermilion border; Prominent forehead; Hypertelorism; Postnatal growth retardation; Duplication of thumb phalanx; Preaxial foot polydactyly; Posteriorly rotated ears; Intellectual disability; Micropenis; Downslanted palpebral fissures; Cleft palate; Pulmonary valve defects; Tapered finger; Umbilical hernia; Finger syndactyly; Optic atrophy; Triangular mouth; Clinodactyly of the 5th finger; Bifid distal phalanx of the thumb; Short philtrum; Hypospadias; Hypoplasia of teeth; Low-set ears; Cleft upper lip; Rectovaginal fistula; Preauricular skin tag; Alveolar process hypoplasia; Abnormal cardiac septum morphology; Long philtrum; Inguinal hernia; Brachydactyly; Wide anterior fontanel; Agenesis of corpus callosum; Severe intellectual disability; Failure to thrive; Broad forehead; Abnormal cardiovascular system morphology; High palate; Downturned corners of mouth; Persistence of primary teeth; Macrocephaly; Gingival overgrowth; Abnormal pinna morphology; Wide mouth; Wide nasal bridge; Thin vermilion border; Abnormal pulmonary valve morphology; Postaxial hand polydactyly; Open mouth; Excessive salivation; Bifid uvula; Abnormal oral frenulum morphology; Intracranial cystic lesion; Aplasia/Hypoplasia of the corpus callosum; Microretrognathia; Duplication of phalanx of hallux; Fundus hypopigmentation; Postaxial foot polydactyly; Frontal bossing; Growth delay; Mandibular prognathia; Cryptorchidism; Coloboma; Prominent occiput,1.0,1.0,0.0,1.0,1.0,1.0,0.0,1.0,1.0,1.0,1.0,0.0,0.0,1.0,1.0,exact_omim,OMIM:200990
CILP_0101,Primary,Joubert Syndrome,Joubert Syndrome [OMIM phenotype 213300],JBTS1,213300,INPP5E,1,Neurodevelopmental ciliopathy,AR,HP:0000007,Autosomal recessive inheritance,53.0,HP:0000286; HP:0002421; HP:0000486; HP:0010808; HP:0001252; HP:0001251; HP:0001290; HP:0011933; HP:0000718; HP:0011220; HP:0002419; HP:0025336; HP:0000752; HP:0000158; HP:0002335; HP:0001249; HP:0000556; HP:0002553; HP:0000252; HP:0002871; HP:0000570; HP:0002195; HP:0001263; HP:0002790; HP:0007271; HP:0002508; HP:0000567; HP:0000369; HP:0000463; HP:0002365; HP:0001395; HP:0010828; HP:0000617; HP:0000657; HP:0030084; HP:0002876; HP:0000256; HP:0001320; HP:0000750; HP:0000112; HP:0031936; HP:0001162; HP:0100951; HP:0000508; HP:0007772; HP:0000107; HP:0007973; HP:0000543; HP:0001357; HP:0001830; HP:0000588; HP:0000742; HP:0200096,Epicanthus; Poor head control; Strabismus; Protruding tongue; Hypotonia; Ataxia; Generalized hypotonia; Elongated superior cerebellar peduncle; Aggressive behavior; Prominent forehead; Molar tooth sign on MRI; Delayed ability to sit; Hyperactivity; Macroglossia; Agenesis of cerebellar vermis; Intellectual disability; Retinal dystrophy; Highly arched eyebrow; Microcephaly; Central apnea; Abnormal saccadic eye movements; Dysgenesis of the cerebellar vermis; Global developmental delay; Neonatal breathing dysregulation; Occipital myelomeningocele; Brainstem dysplasia; Chorioretinal coloboma; Low-set ears; Anteverted nares; Hypoplasia of the brainstem; Hepatic fibrosis; Hemifacial spasm; Abnormality of ocular smooth pursuit; Oculomotor apraxia; Clinodactyly; Episodic tachypnea; Macrocephaly; Cerebellar vermis hypoplasia; Delayed speech and language development; Nephropathy; Delayed ability to walk; Postaxial hand polydactyly; Enlarged fossa interpeduncularis; Ptosis; Impaired smooth pursuit; Renal cyst; Retinal dysplasia; Optic disc pallor; Plagiocephaly; Postaxial foot polydactyly; Optic disc coloboma; Self-mutilation; Triangular-shaped open mouth,1.0,0.0,0.0,1.0,1.0,1.0,0.0,0.0,1.0,1.0,1.0,0.0,1.0,1.0,1.0,exact_omim,OMIM:213300
CILP_0102,Primary,Joubert Syndrome,Joubert Syndrome [OMIM phenotype 300804],JBTS10,300804,OFD1,1,Neurodevelopmental ciliopathy,XLR,HP:0001419,X-linked recessive inheritance,36.0,HP:0000286; HP:0004325; HP:0004322; HP:0001310; HP:0002002; HP:0001156; HP:0002187; HP:0001252; HP:0001270; HP:0002280; HP:0025161; HP:0010864; HP:0002719; HP:0012471; HP:0002419; HP:0008872; HP:0000510; HP:0000256; HP:0001007; HP:0001320; HP:0001561; HP:0000252; HP:0000494; HP:0000431; HP:0001344; HP:0001162; HP:0002591; HP:0001263; HP:0033454; HP:0001954; HP:0000405; HP:0001830; HP:0002007; HP:0001510; HP:0001513; HP:0000369,Epicanthus; Decreased body weight; Short stature; Dysmetria; Deep philtrum; Brachydactyly; Profound intellectual disability; Hypotonia; Motor delay; Enlarged cisterna magna; Frequent temper tantrums; Severe intellectual disability; Recurrent infections; Thick vermilion border; Molar tooth sign on MRI; Feeding difficulties in infancy; Rod-cone dystrophy; Macrocephaly; Hirsutism; Cerebellar vermis hypoplasia; Polyhydramnios; Microcephaly; Downslanted palpebral fissures; Wide nasal bridge; Absent speech; Postaxial hand polydactyly; Polyphagia; Global developmental delay; Tube feeding; Recurrent fever; Conductive hearing impairment; Postaxial foot polydactyly; Frontal bossing; Growth delay; Obesity; Low-set ears,1.0,0.0,0.0,1.0,1.0,0.0,1.0,1.0,1.0,1.0,1.0,1.0,0.0,1.0,1.0,exact_omim,OMIM:300804
CILP_0103,Primary,Joubert Syndrome,Joubert Syndrome [OMIM phenotype 608091],JBTS2,608091,TMEM216,1,Neurodevelopmental ciliopathy,AR,HP:0000007,Autosomal recessive inheritance,47.0,HP:0002365; HP:0001250; HP:0000083; HP:0001252; HP:0001251; HP:0001273; HP:0002084; HP:0011933; HP:0000639; HP:0001508; HP:0000617; HP:0000657; HP:0000316; HP:0002419; HP:0000238; HP:0000218; HP:0002876; HP:0000256; HP:0000556; HP:0001249; HP:0002335; HP:0001760; HP:0001583; HP:0002871; HP:0001162; HP:0000050; HP:0001263; HP:0002195; HP:0000570; HP:0002790; HP:0000090; HP:0005280; HP:0100951; HP:0011330; HP:0002508; HP:0000107; HP:0007772; HP:0000568; HP:0000505; HP:0001830; HP:0002007; HP:0000565; HP:0000268; HP:0002404; HP:0000369; HP:0000567; HP:0000588,Hypoplasia of the brainstem; Seizure; Renal insufficiency; Hypotonia; Ataxia; Abnormal corpus callosum morphology; Encephalocele; Elongated superior cerebellar peduncle; Nystagmus; Failure to thrive; Abnormality of ocular smooth pursuit; Oculomotor apraxia; Hypertelorism; Molar tooth sign on MRI; Hydrocephalus; High palate; Episodic tachypnea; Macrocephaly; Retinal dystrophy; Intellectual disability; Agenesis of cerebellar vermis; Abnormal foot morphology; Rotary nystagmus; Central apnea; Postaxial hand polydactyly; Hypoplastic male external genitalia; Global developmental delay; Dysgenesis of the cerebellar vermis; Abnormal saccadic eye movements; Neonatal breathing dysregulation; Nephronophthisis; Depressed nasal bridge; Enlarged fossa interpeduncularis; Metopic synostosis; Brainstem dysplasia; Renal cyst; Impaired smooth pursuit; Microphthalmia; Visual impairment; Postaxial foot polydactyly; Frontal bossing; Esotropia; Dolichocephaly; Thickened superior cerebellar peduncle; Low-set ears; Chorioretinal coloboma; Optic disc coloboma,0.0,0.0,0.0,1.0,1.0,1.0,0.0,1.0,1.0,1.0,1.0,0.0,1.0,1.0,0.0,exact_omim,OMIM:608091
CILP_0104,Primary,Joubert Syndrome,Joubert Syndrome [OMIM phenotype 608629],JBTS3,608629,AHI1,1,Neurodevelopmental ciliopathy,AR,HP:0000007,Autosomal recessive inheritance,31.0,HP:0000286; HP:0003774; HP:0000463; HP:0001252; HP:0001251; HP:0000580; HP:0011933; HP:0001270; HP:0033725; HP:0000639; HP:0000657; HP:0002419; HP:0002876; HP:0000512; HP:0001249; HP:0000556; HP:0001320; HP:0002553; HP:0006956; HP:0000431; HP:0002871; HP:0031936; HP:0000194; HP:0002790; HP:0000090; HP:0100951; HP:0000508; HP:0000505; HP:0001631; HP:0000369; HP:0006821,Epicanthus; Stage 5 chronic kidney disease; Anteverted nares; Hypotonia; Ataxia; Pigmentary retinopathy; Elongated superior cerebellar peduncle; Motor delay; Thin corpus callosum; Nystagmus; Oculomotor apraxia; Molar tooth sign on MRI; Episodic tachypnea; Abnormal electroretinogram; Intellectual disability; Retinal dystrophy; Cerebellar vermis hypoplasia; Highly arched eyebrow; Lateral ventricle dilatation; Wide nasal bridge; Central apnea; Delayed ability to walk; Open mouth; Neonatal breathing dysregulation; Nephronophthisis; Enlarged fossa interpeduncularis; Ptosis; Visual impairment; Atrial septal defect; Low-set ears; Frontal polymicrogyria,0.0,1.0,0.0,1.0,1.0,1.0,0.0,0.0,1.0,0.0,1.0,0.0,1.0,1.0,1.0,exact_omim,OMIM:608629
CILP_0105,Primary,Joubert Syndrome,Joubert Syndrome [OMIM phenotype 609583],JBTS4,609583,NPHP1,1,Neurodevelopmental ciliopathy,AR,HP:0000007,Autosomal recessive inheritance,17.0,HP:0003774; HP:0001320; HP:0000571; HP:0000083; HP:0001252; HP:0001263; HP:0001251; HP:0001290; HP:0002172; HP:0000090; HP:0002194; HP:0011933; HP:0000639; HP:0100957; HP:0000657; HP:0002419; HP:0002404,Stage 5 chronic kidney disease; Cerebellar vermis hypoplasia; Hypometric saccades; Renal insufficiency; Hypotonia; Global developmental delay; Ataxia; Generalized hypotonia; Postural instability; Nephronophthisis; Delayed gross motor development; Elongated superior cerebellar peduncle; Nystagmus; Abnormal renal medulla morphology; Oculomotor apraxia; Molar tooth sign on MRI; Thickened superior cerebellar peduncle,0.0,0.0,0.0,1.0,0.0,1.0,0.0,0.0,0.0,0.0,1.0,0.0,0.0,1.0,0.0,exact_omim,OMIM:609583
CILP_0106,Primary,Joubert Syndrome,Joubert Syndrome [OMIM phenotype 610188],JBTS5,610188,CEP290,1,Neurodevelopmental ciliopathy,AR,HP:0000007,Autosomal recessive inheritance,27.0,HP:0003774; HP:0000480; HP:0001252; HP:0002085; HP:0001251; HP:0001290; HP:0000639; HP:0000718; HP:0000657; HP:0002419; HP:0007663; HP:0002876; HP:0000510; HP:0002335; HP:0001249; HP:0000175; HP:0002871; HP:0005565; HP:0006817; HP:0001263; HP:0002790; HP:0000090; HP:0000803; HP:0000508; HP:0004727; HP:0007875; HP:0002404,Stage 5 chronic kidney disease; Retinal coloboma; Hypotonia; Occipital encephalocele; Ataxia; Generalized hypotonia; Nystagmus; Aggressive behavior; Oculomotor apraxia; Molar tooth sign on MRI; Reduced visual acuity; Episodic tachypnea; Rod-cone dystrophy; Agenesis of cerebellar vermis; Intellectual disability; Cleft palate; Central apnea; Reduced renal corticomedullary differentiation; Aplasia/Hypoplasia of the cerebellar vermis; Global developmental delay; Neonatal breathing dysregulation; Nephronophthisis; Renal cortical cysts; Ptosis; Impaired renal concentrating ability; Congenital blindness; Thickened superior cerebellar peduncle,0.0,0.0,0.0,1.0,0.0,1.0,0.0,0.0,1.0,0.0,1.0,0.0,1.0,1.0,0.0,exact_omim,OMIM:610188
CILP_0107,Primary,Joubert Syndrome,Joubert Syndrome [OMIM phenotype 610688],JBTS6,610688,TMEM67,1,Neurodevelopmental ciliopathy,AR,HP:0000007,Autosomal recessive inheritance,21.0,HP:0001320; HP:0003774; HP:0002365; HP:0002198; HP:0001263; HP:0001395; HP:0001252; HP:0001251; HP:0000090; HP:0011933; HP:0100951; HP:0001408; HP:0000618; HP:0000657; HP:0002419; HP:0000546; HP:0000733; HP:0005957; HP:0002404; HP:0000567; HP:0001249,Cerebellar vermis hypoplasia; Stage 5 chronic kidney disease; Hypoplasia of the brainstem; Dilated fourth ventricle; Global developmental delay; Hepatic fibrosis; Hypotonia; Ataxia; Nephronophthisis; Elongated superior cerebellar peduncle; Enlarged fossa interpeduncularis; Bile duct proliferation; Blindness; Oculomotor apraxia; Molar tooth sign on MRI; Retinal degeneration; Motor stereotypy; Breathing dysregulation; Thickened superior cerebellar peduncle; Chorioretinal coloboma; Intellectual disability,1.0,0.0,0.0,1.0,0.0,1.0,0.0,0.0,0.0,0.0,1.0,0.0,1.0,1.0,0.0,exact_omim,OMIM:610688
CILP_0108,Primary,Joubert Syndrome,Joubert Syndrome [OMIM phenotype 611560],JBTS7,611560,RPGRIP1L,1,Neurodevelopmental ciliopathy,AR,HP:0000007,Autosomal recessive inheritance,24.0,HP:0003774; HP:0002365; HP:0001273; HP:0001251; HP:0001290; HP:0002084; HP:0000639; HP:0000657; HP:0002419; HP:0002857; HP:0002876; HP:0001249; HP:0000556; HP:0002650; HP:0002871; HP:0001162; HP:0001263; HP:0002790; HP:0000090; HP:0100259; HP:0002508; HP:0000508; HP:0000107; HP:0002789,Stage 5 chronic kidney disease; Hypoplasia of the brainstem; Abnormal corpus callosum morphology; Ataxia; Generalized hypotonia; Encephalocele; Nystagmus; Oculomotor apraxia; Molar tooth sign on MRI; Genu valgum; Episodic tachypnea; Intellectual disability; Retinal dystrophy; Scoliosis; Central apnea; Postaxial hand polydactyly; Global developmental delay; Neonatal breathing dysregulation; Nephronophthisis; Postaxial polydactyly; Brainstem dysplasia; Ptosis; Renal cyst; Tachypnea,0.0,0.0,0.0,1.0,0.0,1.0,0.0,0.0,1.0,1.0,1.0,0.0,1.0,1.0,0.0,exact_omim,OMIM:611560
CILP_0109,Primary,Joubert Syndrome,Joubert Syndrome [OMIM phenotype 612285],JBTS9,612285,CC2D2A,1,Neurodevelopmental ciliopathy,AR,HP:0000007,Autosomal recessive inheritance,17.0,HP:0003774; HP:0000483; HP:0002650; HP:0001250; HP:0001263; HP:0001395; HP:0002084; HP:0000518; HP:0000639; HP:0100704; HP:0000657; HP:0002419; HP:0002119; HP:0002876; HP:0001249; HP:0002104; HP:0000556,Stage 5 chronic kidney disease; Astigmatism; Scoliosis; Seizure; Global developmental delay; Hepatic fibrosis; Encephalocele; Cataract; Nystagmus; Cerebral visual impairment; Oculomotor apraxia; Molar tooth sign on MRI; Ventriculomegaly; Episodic tachypnea; Intellectual disability; Apnea; Retinal dystrophy,1.0,0.0,0.0,1.0,0.0,1.0,0.0,0.0,1.0,0.0,1.0,0.0,1.0,1.0,0.0,exact_omim,OMIM:612285
CILP_0110,Primary,Joubert Syndrome,Joubert Syndrome [OMIM phenotype 612291],JBTS8,612291,ARL13B,1,Neurodevelopmental ciliopathy,AR,HP:0000007,Autosomal recessive inheritance,18.0,HP:0002883; HP:0001276; HP:0001344; HP:0031936; HP:0002085; HP:0001252; HP:0001263; HP:0000580; HP:0002240; HP:0001251; HP:0001290; HP:0000508; HP:0000657; HP:0002419; HP:0000543; HP:0006579; HP:0001513; HP:0001249,Hyperventilation; Hypertonia; Absent speech; Delayed ability to walk; Occipital encephalocele; Hypotonia; Global developmental delay; Pigmentary retinopathy; Hepatomegaly; Ataxia; Generalized hypotonia; Ptosis; Oculomotor apraxia; Molar tooth sign on MRI; Optic disc pallor; Prolonged neonatal jaundice; Obesity; Intellectual disability,1.0,0.0,0.0,1.0,0.0,0.0,0.0,1.0,1.0,0.0,1.0,0.0,1.0,1.0,1.0,exact_omim,OMIM:612291
CILP_0111,Primary,Joubert Syndrome,Joubert Syndrome [OMIM phenotype 613820],JBTS11,613820,TTC21B,1,Neurodevelopmental ciliopathy,AR; AD,HP:0000007; HP:0000006,Autosomal recessive inheritance; Autosomal dominant inheritance,2.0,HP:0003774; HP:0000090,Stage 5 chronic kidney disease; Nephronophthisis,0.0,0.0,0.0,0.0,0.0,1.0,0.0,0.0,0.0,0.0,0.0,0.0,0.0,0.0,0.0,exact_omim,OMIM:613820
CILP_0112,Primary,Joubert Syndrome,Joubert Syndrome [OMIM phenotype 614173],JBTS13,614173,TCTN1,1,Neurodevelopmental ciliopathy,AR,HP:0000007,Autosomal recessive inheritance,3.0,HP:0001320; HP:0002419; HP:0001302,Cerebellar vermis hypoplasia; Molar tooth sign on MRI; Pachygyria,0.0,0.0,0.0,0.0,0.0,0.0,0.0,0.0,0.0,0.0,1.0,0.0,0.0,0.0,0.0,exact_omim,OMIM:614173
CILP_0113,Primary,Joubert Syndrome,Joubert Syndrome [OMIM phenotype 614175],JBTS34,614175,B9D2,1,Neurodevelopmental ciliopathy,AR,HP:0000007,Autosomal recessive inheritance,24.0,HP:0000286; HP:0002323; HP:0001250; HP:0002085; HP:0009487; HP:0002419; HP:0001305; HP:0000377; HP:0000054; HP:0000175; HP:0001321; HP:0001162; HP:0002198; HP:0000193; HP:0045025; HP:0100259; HP:0012385; HP:0000508; HP:0000107; HP:0006563; HP:0001830; HP:0002007; HP:0000960; HP:0000047,Epicanthus; Anencephaly; Seizure; Occipital encephalocele; Ulnar deviation of the hand; Molar tooth sign on MRI; Dandy-Walker malformation; Abnormal pinna morphology; Micropenis; Cleft palate; Cerebellar hypoplasia; Postaxial hand polydactyly; Dilated fourth ventricle; Bifid uvula; Narrow palpebral fissure; Postaxial polydactyly; Camptodactyly; Ptosis; Renal cyst; Malformation of the hepatic ductal plate; Postaxial foot polydactyly; Frontal bossing; Sacral dimple; Hypospadias,1.0,0.0,0.0,1.0,1.0,1.0,0.0,0.0,1.0,1.0,1.0,0.0,0.0,1.0,1.0,exact_omim,OMIM:614175
CILP_0114,Primary,Joubert Syndrome,Joubert Syndrome [OMIM phenotype 614424],JBTS14,614424,TMEM237,1,Neurodevelopmental ciliopathy,AR,HP:0000007,Autosomal recessive inheritance,43.0,HP:0000286; HP:0010804; HP:0000486; HP:0002365; HP:0001252; HP:0001251; HP:0001290; HP:0002084; HP:0010864; HP:0000639; HP:0001629; HP:0000737; HP:0100704; HP:0000316; HP:0001305; HP:0000238; HP:0002419; HP:0025514; HP:0000358; HP:0002335; HP:0002435; HP:0002553; HP:0001320; HP:0000494; HP:0000175; HP:0002079; HP:0000194; HP:0000490; HP:0001263; HP:0000272; HP:0002170; HP:0100259; HP:0000508; HP:0000822; HP:0000426; HP:0000107; HP:0000348; HP:0000568; HP:0000648; HP:0001510; HP:0000322; HP:0000589; HP:0000369,Epicanthus; Tented upper lip vermilion; Strabismus; Hypoplasia of the brainstem; Hypotonia; Ataxia; Generalized hypotonia; Encephalocele; Severe intellectual disability; Nystagmus; Ventricular septal defect; Irritability; Cerebral visual impairment; Hypertelorism; Dandy-Walker malformation; Hydrocephalus; Molar tooth sign on MRI; Morning glory anomaly; Posteriorly rotated ears; Agenesis of cerebellar vermis; Meningocele; Highly arched eyebrow; Cerebellar vermis hypoplasia; Downslanted palpebral fissures; Cleft palate; Hypoplasia of the corpus callosum; Open mouth; Deeply set eye; Global developmental delay; Malar flattening; Intracranial hemorrhage; Postaxial polydactyly; Ptosis; Hypertension; Prominent nasal bridge; Renal cyst; High forehead; Microphthalmia; Optic atrophy; Growth delay; Short philtrum; Coloboma; Low-set ears,0.0,1.0,0.0,1.0,1.0,1.0,0.0,1.0,1.0,1.0,1.0,0.0,0.0,1.0,1.0,exact_omim,OMIM:614424
CILP_0115,Primary,Joubert Syndrome,Joubert Syndrome [OMIM phenotype 614464],JBTS15,614464,CEP41,1,Neurodevelopmental ciliopathy,AR,HP:0000007,Autosomal recessive inheritance,15.0,HP:0000054; HP:0000062; HP:0001263; HP:0001252; HP:0001251; HP:0001290; HP:0000090; HP:0030769; HP:0100258; HP:0000657; HP:0002419; HP:0000488; HP:0001249; HP:0000556; HP:0000589,Micropenis; Ambiguous genitalia; Global developmental delay; Hypotonia; Ataxia; Generalized hypotonia; Nephronophthisis; Exencephaly; Preaxial polydactyly; Oculomotor apraxia; Molar tooth sign on MRI; Retinopathy; Intellectual disability; Retinal dystrophy; Coloboma,0.0,0.0,0.0,1.0,0.0,1.0,0.0,0.0,0.0,1.0,1.0,0.0,0.0,1.0,0.0,exact_omim,OMIM:614464
CILP_0116,Primary,Joubert Syndrome,Joubert Syndrome [OMIM phenotype 614465],JBTS16,614465,TMEM138,1,Neurodevelopmental ciliopathy,AR,HP:0000007,Autosomal recessive inheritance,10.0,HP:0000657; HP:0000107; HP:0000316; HP:0000090; HP:0001305; HP:0002084; HP:0002419; HP:0010442; HP:0000589; HP:0000556,Oculomotor apraxia; Renal cyst; Hypertelorism; Nephronophthisis; Dandy-Walker malformation; Encephalocele; Molar tooth sign on MRI; Polydactyly; Coloboma; Retinal dystrophy,0.0,0.0,0.0,1.0,0.0,1.0,0.0,0.0,1.0,1.0,1.0,0.0,0.0,1.0,0.0,exact_omim,OMIM:614465
CILP_0117,Primary,Joubert Syndrome,Joubert Syndrome [OMIM phenotype 614615],JBTS17,614615,CPLANE1,1,Neurodevelopmental ciliopathy,AR,HP:0000007,Autosomal recessive inheritance,10.0,HP:0002883; HP:0100259; HP:0011939; HP:0012210; HP:0100258; HP:0001263; HP:0001251; HP:0000657; HP:0002419; HP:0000479,Hyperventilation; Postaxial polydactyly; 3-4 finger cutaneous syndactyly; Abnormal renal morphology; Preaxial polydactyly; Global developmental delay; Ataxia; Oculomotor apraxia; Molar tooth sign on MRI; Abnormal retinal morphology,0.0,0.0,0.0,1.0,0.0,1.0,0.0,0.0,0.0,1.0,1.0,0.0,1.0,1.0,0.0,exact_omim,OMIM:614615
CILP_0118,Primary,Joubert Syndrome,Joubert Syndrome [OMIM phenotype 614815],JBTS18,614815,TCTN3,1,Neurodevelopmental ciliopathy,AR,HP:0000007,Autosomal recessive inheritance,22.0,HP:0002085; HP:0001274; HP:0000085; HP:0000180; HP:0001629; HP:0034044; HP:0002419; HP:0002139; HP:0000278; HP:0001249; HP:0002335; HP:0002751; HP:0005248; HP:0000175; HP:0001762; HP:0000496; HP:0001382; HP:0012385; HP:0100259; HP:0000107; HP:0006487; HP:0001511,Occipital encephalocele; Agenesis of corpus callosum; Horseshoe kidney; Lobulated tongue; Ventricular septal defect; Trident pelvis; Molar tooth sign on MRI; Arrhinencephaly; Retrognathia; Intellectual disability; Agenesis of cerebellar vermis; Kyphoscoliosis; Intrahepatic biliary atresia; Cleft palate; Talipes equinovarus; Abnormality of eye movement; Joint hypermobility; Camptodactyly; Postaxial polydactyly; Renal cyst; Bowing of the long bones; Intrauterine growth retardation,1.0,1.0,0.0,1.0,0.0,1.0,0.0,1.0,1.0,1.0,1.0,0.0,0.0,1.0,0.0,exact_omim,OMIM:614815
CILP_0119,Primary,Joubert Syndrome,Joubert Syndrome [OMIM phenotype 614844],JBTS19,614844,ZNF423,1,Neurodevelopmental ciliopathy,AR; AD,HP:0000007; HP:0000006,Autosomal recessive inheritance; Autosomal dominant inheritance,5.0,HP:0001320; HP:0001696; HP:0000090; HP:0000546; HP:0000113,Cerebellar vermis hypoplasia; Situs inversus totalis; Nephronophthisis; Retinal degeneration; Polycystic kidney dysplasia,0.0,1.0,0.0,1.0,0.0,1.0,0.0,0.0,0.0,0.0,1.0,0.0,0.0,0.0,0.0,exact_omim,OMIM:614844
CILP_0120,Primary,Joubert Syndrome,Joubert Syndrome [OMIM phenotype 614970],JBTS20,614970,TMEM231,1,Neurodevelopmental ciliopathy,AR,HP:0000007,Autosomal recessive inheritance,12.0,HP:0001344; HP:0002540; HP:0001263; HP:0004692; HP:0002093; HP:0100259; HP:0000718; HP:0000657; HP:0000107; HP:0002419; HP:0000488; HP:0000742,Absent speech; Inability to walk; Global developmental delay; 4-5 toe syndactyly; Respiratory insufficiency; Postaxial polydactyly; Aggressive behavior; Oculomotor apraxia; Renal cyst; Molar tooth sign on MRI; Retinopathy; Self-mutilation,0.0,0.0,0.0,1.0,0.0,1.0,0.0,0.0,0.0,1.0,1.0,0.0,1.0,1.0,0.0,exact_omim,OMIM:614970
CILP_0121,Primary,Joubert Syndrome,Joubert Syndrome [OMIM phenotype 615636],JBTS21,615636,CSPP1,1,Neurodevelopmental ciliopathy,AR,HP:0000007,Autosomal recessive inheritance,33.0,HP:0002089; HP:0000486; HP:0002365; HP:0001591; HP:0001250; HP:0001252; HP:0002085; HP:0001251; HP:0002084; HP:0011933; HP:0000639; HP:0004719; HP:0000657; HP:0000316; HP:0002878; HP:0000773; HP:0001249; HP:0001744; HP:0002015; HP:0002079; HP:0001263; HP:0002094; HP:0034302; HP:0011109; HP:0007291; HP:0000528; HP:0000407; HP:0000508; HP:0000107; HP:0000648; HP:0000488; HP:0009932; HP:0002104,Pulmonary hypoplasia; Strabismus; Hypoplasia of the brainstem; Bell-shaped thorax; Seizure; Hypotonia; Occipital encephalocele; Ataxia; Encephalocele; Elongated superior cerebellar peduncle; Nystagmus; Hyperechogenic kidneys; Oculomotor apraxia; Hypertelorism; Respiratory failure; Short ribs; Intellectual disability; Splenomegaly; Dysphagia; Hypoplasia of the corpus callosum; Global developmental delay; Dyspnea; Megalopapilla; Chronic sinusitis; Posterior fossa cyst; Anophthalmia; Sensorineural hearing impairment; Ptosis; Renal cyst; Optic atrophy; Retinopathy; Single naris; Apnea,1.0,1.0,0.0,1.0,1.0,1.0,1.0,0.0,1.0,0.0,1.0,0.0,1.0,1.0,0.0,exact_omim,OMIM:615636
CILP_0122,Primary,Joubert Syndrome,Joubert Syndrome [OMIM phenotype 615665],JBTS22,615665,PDE6D,1,Neurodevelopmental ciliopathy,AR,HP:0000007,Autosomal recessive inheritance,17.0,HP:0000550; HP:0000089; HP:0002079; HP:0001162; HP:0001263; HP:0004691; HP:0001290; HP:0001999; HP:0000657; HP:0007112; HP:0000568; HP:0002419; HP:0007973; HP:0001511; HP:0001830; HP:0000589; HP:0002335,Undetectable electroretinogram; Renal hypoplasia; Hypoplasia of the corpus callosum; Postaxial hand polydactyly; Global developmental delay; 2-3 toe syndactyly; Generalized hypotonia; Abnormal facial shape; Oculomotor apraxia; Temporal cortical atrophy; Microphthalmia; Molar tooth sign on MRI; Retinal dysplasia; Intrauterine growth retardation; Postaxial foot polydactyly; Coloboma; Agenesis of cerebellar vermis,0.0,0.0,0.0,1.0,0.0,1.0,0.0,1.0,1.0,1.0,1.0,0.0,0.0,1.0,0.0,exact_omim,OMIM:615665
CILP_0123,Primary,Joubert Syndrome,Joubert Syndrome [OMIM phenotype 616490],JBTS23,616490,KIAA0586,1,Neurodevelopmental ciliopathy,AR,HP:0000007,Autosomal recessive inheritance,9.0,HP:0006989; HP:0000496; HP:0000407; HP:0007033; HP:0001263; HP:0010442; HP:0002789; HP:0000589; HP:0002104,Dysplastic corpus callosum; Abnormality of eye movement; Sensorineural hearing impairment; Cerebellar dysplasia; Global developmental delay; Polydactyly; Tachypnea; Coloboma; Apnea,0.0,0.0,0.0,1.0,1.0,0.0,0.0,0.0,0.0,1.0,1.0,0.0,1.0,1.0,0.0,exact_omim,OMIM:616490
CILP_0124,Primary,Joubert Syndrome,Joubert Syndrome [OMIM phenotype 616654],JBTS24,616654,TCTN2,1,Neurodevelopmental ciliopathy,AR,HP:0000007,Autosomal recessive inheritance,16.0,HP:0001344; HP:0001762; HP:0001321; HP:0001310; HP:0001288; HP:0000540; HP:0001162; HP:0001263; HP:0001252; HP:0001251; HP:0000639; HP:0001302; HP:0001830; HP:0001257; HP:0002126; HP:0001347,Absent speech; Talipes equinovarus; Cerebellar hypoplasia; Dysmetria; Gait disturbance; Hypermetropia; Postaxial hand polydactyly; Global developmental delay; Hypotonia; Ataxia; Nystagmus; Pachygyria; Postaxial foot polydactyly; Spasticity; Polymicrogyria; Hyperreflexia,0.0,0.0,0.0,1.0,0.0,0.0,0.0,0.0,0.0,1.0,1.0,0.0,0.0,1.0,0.0,exact_omim,OMIM:616654
CILP_0125,Primary,Joubert Syndrome,Joubert Syndrome [OMIM phenotype 616781],JBTS25,616781,CEP104,1,Neurodevelopmental ciliopathy,AR,HP:0000007,Autosomal recessive inheritance,7.0,HP:0001321; HP:0001263; HP:0001251; HP:0000657; HP:0001290; HP:0002419; HP:0000512,Cerebellar hypoplasia; Global developmental delay; Ataxia; Oculomotor apraxia; Generalized hypotonia; Molar tooth sign on MRI; Abnormal electroretinogram,0.0,0.0,0.0,1.0,0.0,0.0,0.0,0.0,0.0,0.0,1.0,0.0,0.0,1.0,0.0,exact_omim,OMIM:616781
CILP_0126,Primary,Joubert Syndrome,Joubert Syndrome [OMIM phenotype 616784],JBTS26,616784,KATNIP,1,Neurodevelopmental ciliopathy,AR,HP:0000007,Autosomal recessive inheritance,16.0,HP:0001320; HP:0000054; HP:0000175; HP:0000871; HP:0004322; HP:0000463; HP:0001263; HP:0001290; HP:0410030; HP:0011787; HP:0000639; HP:0000508; HP:0000316; HP:0000824; HP:0002007; HP:0002788,Cerebellar vermis hypoplasia; Micropenis; Cleft palate; Panhypopituitarism; Short stature; Anteverted nares; Global developmental delay; Generalized hypotonia; Cleft lip; Central hypothyroidism; Nystagmus; Ptosis; Hypertelorism; Decreased response to growth hormone stimulation test; Frontal bossing; Recurrent upper respiratory tract infections,0.0,0.0,1.0,1.0,0.0,1.0,1.0,1.0,1.0,0.0,1.0,0.0,1.0,1.0,0.0,exact_omim,OMIM:616784
CILP_0127,Primary,Joubert Syndrome,Joubert Syndrome [OMIM phenotype 617120],JBTS27,617120,B9D1,1,Neurodevelopmental ciliopathy,AR,HP:0000007,Autosomal recessive inheritance,15.0,HP:0008936; HP:0010946; HP:0002066; HP:0001263; HP:0001252; HP:0001251; HP:0010442; HP:0000657; HP:0020045; HP:0002419; HP:0002007; HP:0000488; HP:0000179; HP:0001249; HP:0000325,Axial hypotonia; Dilatation of the renal pelvis; Gait ataxia; Global developmental delay; Hypotonia; Ataxia; Polydactyly; Oculomotor apraxia; Esodeviation; Molar tooth sign on MRI; Frontal bossing; Retinopathy; Thick lower lip vermilion; Intellectual disability; Triangular face,0.0,0.0,0.0,1.0,0.0,1.0,0.0,0.0,1.0,1.0,1.0,0.0,0.0,1.0,0.0,exact_omim,OMIM:617120
CILP_0128,Primary,Joubert Syndrome,Joubert Syndrome [OMIM phenotype 617121],JBTS28,617121,MKS1,1,Neurodevelopmental ciliopathy,AR,HP:0000007,Autosomal recessive inheritance,18.0,HP:0002553; HP:0000486; HP:0000750; HP:0000431; HP:0001382; HP:0002395; HP:0001260; HP:0001263; HP:0001251; HP:0000580; HP:0001290; HP:0000639; HP:0000657; HP:0000316; HP:0002419; HP:0000337; HP:0000543; HP:0001249,Highly arched eyebrow; Strabismus; Delayed speech and language development; Wide nasal bridge; Joint hypermobility; Lower limb hyperreflexia; Dysarthria; Global developmental delay; Ataxia; Pigmentary retinopathy; Generalized hypotonia; Nystagmus; Oculomotor apraxia; Hypertelorism; Molar tooth sign on MRI; Broad forehead; Optic disc pallor; Intellectual disability,0.0,0.0,0.0,1.0,0.0,0.0,0.0,0.0,1.0,0.0,1.0,0.0,0.0,1.0,1.0,exact_omim,OMIM:617121
CILP_0129,Primary,Joubert Syndrome,Joubert Syndrome [OMIM phenotype 617562],JBTS29,617562,TMEM107,1,Neurodevelopmental ciliopathy,AR,HP:0000007,Autosomal recessive inheritance,11.0,HP:0001321; HP:0001371; HP:0001263; HP:0002085; HP:0001251; HP:0000657; HP:0002419; HP:0000488; HP:0000113; HP:0001249; HP:0000347,Cerebellar hypoplasia; Flexion contracture; Global developmental delay; Occipital encephalocele; Ataxia; Oculomotor apraxia; Molar tooth sign on MRI; Retinopathy; Polycystic kidney dysplasia; Intellectual disability; Micrognathia,0.0,0.0,0.0,1.0,0.0,1.0,0.0,0.0,1.0,0.0,1.0,0.0,0.0,1.0,0.0,exact_omim,OMIM:617562
CILP_0130,Primary,Joubert Syndrome,Joubert Syndrome [OMIM phenotype 617622],JBTS30,617622,ARMC9,1,Neurodevelopmental ciliopathy,AR,HP:0000007,Autosomal recessive inheritance,30.0,HP:0001272; HP:0001250; HP:0001274; HP:0001252; HP:0002282; HP:0010442; HP:0001305; HP:0002419; HP:0007663; HP:0000219; HP:0002119; HP:0000218; HP:0001249; HP:0000556; HP:0000054; HP:0000750; HP:0000431; HP:0000496; HP:0001162; HP:0020185; HP:0000193; HP:0001263; HP:0004691; HP:0000609; HP:0000508; HP:0002789; HP:0002104; HP:0000589; HP:0000347; HP:0002126,Cerebellar atrophy; Seizure; Agenesis of corpus callosum; Hypotonia; Gray matter heterotopia; Polydactyly; Dandy-Walker malformation; Molar tooth sign on MRI; Reduced visual acuity; Thin upper lip vermilion; Ventriculomegaly; High palate; Intellectual disability; Retinal dystrophy; Micropenis; Delayed speech and language development; Wide nasal bridge; Abnormality of eye movement; Postaxial hand polydactyly; Superior cerebellar dysplasia; Bifid uvula; Global developmental delay; 2-3 toe syndactyly; Optic nerve hypoplasia; Ptosis; Tachypnea; Apnea; Coloboma; Micrognathia; Polymicrogyria,0.0,0.0,0.0,1.0,0.0,1.0,0.0,0.0,1.0,1.0,1.0,0.0,1.0,1.0,0.0,exact_omim,OMIM:617622
CILP_0131,Primary,Joubert Syndrome,Joubert Syndrome [OMIM phenotype 617757],JBTS32,617757,SUFU,1,Neurodevelopmental ciliopathy,AR,HP:0000007,Autosomal recessive inheritance,20.0,HP:0000098; HP:0001256; HP:0001520; HP:0001162; HP:0001260; HP:0001263; HP:0001252; HP:0001251; HP:0002280; HP:0005280; HP:0000639; HP:0001639; HP:0001317; HP:0000316; HP:0000657; HP:0002419; HP:0002007; HP:0001830; HP:0000256; HP:0002126,Tall stature; Mild intellectual disability; Large for gestational age; Postaxial hand polydactyly; Dysarthria; Global developmental delay; Hypotonia; Ataxia; Enlarged cisterna magna; Depressed nasal bridge; Nystagmus; Hypertrophic cardiomyopathy; Abnormal cerebellum morphology; Hypertelorism; Oculomotor apraxia; Molar tooth sign on MRI; Frontal bossing; Postaxial foot polydactyly; Macrocephaly; Polymicrogyria,0.0,1.0,0.0,1.0,0.0,0.0,0.0,1.0,1.0,1.0,1.0,0.0,0.0,1.0,0.0,exact_omim,OMIM:617757
CILP_0132,Primary,Joubert Syndrome,Joubert Syndrome [OMIM phenotype 617761],JBTS31,617761,CEP120,1,Neurodevelopmental ciliopathy,AR,HP:0000007,Autosomal recessive inheritance,10.0,HP:0000486; HP:0002078; HP:0002079; HP:0000639; HP:0001263; HP:0001252; HP:0000657; HP:0002419; HP:0002119; HP:0009921,Strabismus; Truncal ataxia; Hypoplasia of the corpus callosum; Nystagmus; Global developmental delay; Hypotonia; Oculomotor apraxia; Molar tooth sign on MRI; Ventriculomegaly; Duane anomaly,0.0,0.0,0.0,1.0,0.0,0.0,0.0,0.0,0.0,0.0,1.0,0.0,0.0,1.0,0.0,exact_omim,OMIM:617761
CILP_0133,Primary,Joubert Syndrome,Joubert Syndrome [OMIM phenotype 617767],JBTS33,617767,PIBF1,1,Neurodevelopmental ciliopathy,AR,HP:0000007,Autosomal recessive inheritance,11.0,HP:0002188; HP:0001263; HP:0001252; HP:0001251; HP:0000657; HP:0002419; HP:0000548; HP:0001159; HP:0000256; HP:0002104; HP:0001744,Delayed CNS myelination; Global developmental delay; Hypotonia; Ataxia; Oculomotor apraxia; Molar tooth sign on MRI; Cone/cone-rod dystrophy; Syndactyly; Macrocephaly; Apnea; Splenomegaly,1.0,1.0,0.0,1.0,0.0,0.0,1.0,0.0,1.0,1.0,1.0,0.0,1.0,1.0,0.0,exact_omim,OMIM:617767
CILP_0134,Primary,Joubert Syndrome,Joubert Syndrome [OMIM phenotype 618161],JBTS35,618161,ARL3,1,Neurodevelopmental ciliopathy,AR,HP:0000007,Autosomal recessive inheritance,25.0,HP:0000662; HP:0000463; HP:0001251; HP:0001290; HP:0011933; HP:0000657; HP:0000954; HP:0002419; HP:0000510; HP:0001320; HP:0002553; HP:0000010; HP:0001263; HP:0030760; HP:0004370; HP:0005280; HP:0010535; HP:0000529; HP:0000506; HP:0000508; HP:0000768; HP:0000664; HP:0000003; HP:0000369; HP:0000126,Nyctalopia; Anteverted nares; Ataxia; Generalized hypotonia; Elongated superior cerebellar peduncle; Oculomotor apraxia; Single transverse palmar crease; Molar tooth sign on MRI; Rod-cone dystrophy; Cerebellar vermis hypoplasia; Highly arched eyebrow; Recurrent urinary tract infections; Global developmental delay; Renal fibrosis; Abnormality of temperature regulation; Depressed nasal bridge; Sleep apnea; Progressive visual loss; Telecanthus; Ptosis; Pectus carinatum; Synophrys; Multicystic kidney dysplasia; Low-set ears; Hydronephrosis,0.0,0.0,0.0,1.0,1.0,1.0,1.0,0.0,1.0,1.0,1.0,1.0,0.0,1.0,1.0,exact_omim,OMIM:618161
CILP_0135,Primary,Joubert Syndrome,Joubert Syndrome [OMIM phenotype 618763],JBTS36,618763,FAM149B1,1,Neurodevelopmental ciliopathy,AR,HP:0000007,Autosomal recessive inheritance,14.0,HP:0002553; HP:0000486; HP:0000463; HP:0000194; HP:0001250; HP:0001263; HP:0000407; HP:0011220; HP:0000508; HP:0002419; HP:0000768; HP:0006159; HP:0000256; HP:0001249,Highly arched eyebrow; Strabismus; Anteverted nares; Open mouth; Seizure; Global developmental delay; Sensorineural hearing impairment; Prominent forehead; Ptosis; Molar tooth sign on MRI; Pectus carinatum; Mesoaxial hand polydactyly; Macrocephaly; Intellectual disability,0.0,0.0,0.0,1.0,1.0,0.0,0.0,0.0,1.0,1.0,1.0,0.0,0.0,1.0,1.0,exact_omim,OMIM:618763
CILP_0136,Primary,Joubert Syndrome,Joubert Syndrome [OMIM phenotype 619185],JBTS37,619185,TOGARAM1,1,Neurodevelopmental ciliopathy,AR,HP:0000007,Autosomal recessive inheritance,34.0,HP:0025186; HP:0000463; HP:0004322; HP:0002240; HP:0001290; HP:0008070; HP:0002938; HP:0000316; HP:0000657; HP:0002419; HP:0000218; HP:0006610; HP:0008734; HP:0000358; HP:0001320; HP:0000054; HP:0000431; HP:0000475; HP:0001344; HP:0002079; HP:0005487; HP:0001382; HP:0000490; HP:0001263; HP:0100259; HP:0000729; HP:0000508; HP:0000568; HP:0002007; HP:0000369; HP:0000028; HP:0001513; HP:0000445; HP:0000126,Marcus Gunn jaw winking synkinesis; Anteverted nares; Short stature; Hepatomegaly; Generalized hypotonia; Sparse hair; Lumbar hyperlordosis; Hypertelorism; Oculomotor apraxia; Molar tooth sign on MRI; High palate; Wide intermamillary distance; Decreased testicular size; Posteriorly rotated ears; Cerebellar vermis hypoplasia; Micropenis; Wide nasal bridge; Broad neck; Absent speech; Hypoplasia of the corpus callosum; Prominent metopic ridge; Joint hypermobility; Deeply set eye; Global developmental delay; Postaxial polydactyly; Autistic behavior; Ptosis; Microphthalmia; Frontal bossing; Low-set ears; Cryptorchidism; Obesity; Wide nose; Hydronephrosis,1.0,0.0,0.0,1.0,1.0,1.0,0.0,1.0,1.0,1.0,1.0,0.0,0.0,1.0,1.0,exact_omim,OMIM:619185
CILP_0137,Primary,Joubert Syndrome,Joubert Syndrome [OMIM phenotype 619476],JBTS38,619476,KIAA0753,1,Neurodevelopmental ciliopathy,AR,HP:0000007,Autosomal recessive inheritance,20.0,HP:0001320; HP:0000286; HP:0000486; HP:0004322; HP:0000540; HP:0030353; HP:0001263; HP:0001252; HP:0011755; HP:0012506; HP:0011220; HP:0007068; HP:0000657; HP:0002419; HP:0000824; HP:0002714; HP:0000565; HP:0002007; HP:0000358; HP:0000369,Cerebellar vermis hypoplasia; Epicanthus; Strabismus; Short stature; Hypermetropia; Decreased circulating serum insulin-like growth factor 1 concentration; Global developmental delay; Hypotonia; Ectopic posterior pituitary; Small pituitary gland; Prominent forehead; Inferior cerebellar vermis hypoplasia; Oculomotor apraxia; Molar tooth sign on MRI; Decreased response to growth hormone stimulation test; Downturned corners of mouth; Esotropia; Frontal bossing; Posteriorly rotated ears; Low-set ears,0.0,0.0,1.0,1.0,1.0,0.0,0.0,1.0,1.0,0.0,1.0,0.0,0.0,1.0,0.0,exact_omim,OMIM:619476
CILP_0138,Primary,Joubert Syndrome,Joubert Syndrome [OMIM phenotype 619562],JBTS39,619562,TMEM218,1,Neurodevelopmental ciliopathy,AR,HP:0000007,Autosomal recessive inheritance,13.0,HP:0001320; HP:0002085; HP:0001263; HP:0004383; HP:0100259; HP:0040213; HP:0009183; HP:0007021; HP:0000657; HP:0002419; HP:0025502; HP:0000113; HP:0000556,Cerebellar vermis hypoplasia; Occipital encephalocele; Global developmental delay; Hypoplastic left ventricle; Postaxial polydactyly; Hypopnea; Joint contracture of the 5th finger; Pain insensitivity; Oculomotor apraxia; Molar tooth sign on MRI; Overweight; Polycystic kidney dysplasia; Retinal dystrophy,0.0,1.0,0.0,1.0,0.0,1.0,0.0,1.0,1.0,1.0,1.0,0.0,1.0,1.0,0.0,exact_omim,OMIM:619562
CILP_0139,Primary,Joubert Syndrome,Joubert Syndrome [OMIM phenotype 619582],JBTS40,619582,IFT74,1,Neurodevelopmental ciliopathy,AR,HP:0000007,Autosomal recessive inheritance,10.0,HP:0100259; HP:0000609; HP:0001263; HP:0001252; HP:0000657; HP:0002419; HP:0001270; HP:0007874; HP:0005280; HP:0001249,Postaxial polydactyly; Optic nerve hypoplasia; Global developmental delay; Hypotonia; Oculomotor apraxia; Molar tooth sign on MRI; Motor delay; Almond-shaped palpebral fissure; Depressed nasal bridge; Intellectual disability,0.0,0.0,0.0,1.0,0.0,0.0,0.0,0.0,1.0,1.0,1.0,0.0,0.0,1.0,0.0,exact_omim,OMIM:619582
CILP_0140,Primary,Joubert Syndrome,Joubert Syndrome [OMIM phenotype No MIM Number],JBTS,No MIM Number,ADAMTS9; CBY1; CC2D1A; LAMA1; LRRCC1; RNU4ATAC; TOPORS,7,Neurodevelopmental ciliopathy,AR; XLR; AD,HP:0000007; HP:0001419; HP:0000006,Autosomal recessive inheritance; X-linked recessive inheritance; Autosomal dominant inheritance,329.0,HP:0001177; HP:0000286; HP:0001770; HP:0000486; HP:0000365; HP:0010803; HP:0002023; HP:0001250; HP:0002263; HP:0010808; HP:0000160; HP:0003196; HP:0001252; HP:0001290; HP:0010291; HP:0000639; HP:0000319; HP:0012471; HP:0011220; HP:0000316; HP:0008897; HP:0009942; HP:0001841; HP:0000358; HP:0001249; HP:0000054; HP:0000494; HP:0000175; HP:0005148; HP:0001182; HP:0001537; HP:0006101; HP:0000648; HP:0000207; HP:0004209; HP:0009611; HP:0000322; HP:0000047; HP:0000685; HP:0000369; HP:0000204; HP:0000143; HP:0000384; HP:0006329; HP:0001671; HP:0000343; HP:0000023; HP:0001156; HP:0000260; HP:0001274; HP:0010864; HP:0001508; HP:0000337; HP:0030680; HP:0000218; HP:0002714; HP:0006335; HP:0000256; HP:0000212; HP:0000377; HP:0000154; HP:0000431; HP:0000233; HP:0001641; HP:0001162; HP:0000194; HP:0003781; HP:0000193; HP:0000190; HP:0010576; HP:0007370; HP:0000308; HP:0010066; HP:0007894; HP:0001830; HP:0002007; HP:0001510; HP:0000303; HP:0000028; HP:0000589; HP:0000269; HP:0002421; HP:0001251; HP:0011933; HP:0000718; HP:0002419; HP:0025336; HP:0000752; HP:0000158; HP:0002335; HP:0000556; HP:0002553; HP:0000252; HP:0002871; HP:0000570; HP:0002195; HP:0001263; HP:0002790; HP:0007271; HP:0002508; HP:0000567; HP:0000463; HP:0002365; HP:0001395; HP:0010828; HP:0000617; HP:0000657; HP:0030084; HP:0002876; HP:0001320; HP:0000750; HP:0000112; HP:0031936; HP:0100951; HP:0000508; HP:0007772; HP:0000107; HP:0007973; HP:0000543; HP:0001357; HP:0000588; HP:0000742; HP:0200096; HP:0004325; HP:0004322; HP:0001310; HP:0002002; HP:0002187; HP:0001270; HP:0002280; HP:0025161; HP:0002719; HP:0008872; HP:0000510; HP:0001007; HP:0001561; HP:0001344; HP:0002591; HP:0033454; HP:0001954; HP:0000405; HP:0001513; HP:0000083; HP:0001273; HP:0002084; HP:0000238; HP:0001760; HP:0001583; HP:0000050; HP:0000090; HP:0005280; HP:0011330; HP:0000568; HP:0000505; HP:0000565; HP:0000268; HP:0002404; HP:0003774; HP:0000580; HP:0033725; HP:0000512; HP:0006956; HP:0001631; HP:0006821; HP:0000571; HP:0002172; HP:0002194; HP:0100957; HP:0000480; HP:0002085; HP:0007663; HP:0005565; HP:0006817; HP:0000803; HP:0004727; HP:0007875; HP:0002198; HP:0001408; HP:0000618; HP:0000546; HP:0000733; HP:0005957; HP:0002857; HP:0002650; HP:0100259; HP:0002789; HP:0000483; HP:0000518; HP:0100704; HP:0002119; HP:0002104; HP:0002883; HP:0001276; HP:0002240; HP:0006579; HP:0001302; HP:0002323; HP:0009487; HP:0001305; HP:0001321; HP:0045025; HP:0012385; HP:0006563; HP:0000960; HP:0010804; HP:0001629; HP:0000737; HP:0025514; HP:0002435; HP:0002079; HP:0000490; HP:0000272; HP:0002170; HP:0000822; HP:0000426; HP:0000348; HP:0000062; HP:0030769; HP:0100258; HP:0000488; HP:0010442; HP:0011939; HP:0012210; HP:0000479; HP:0000085; HP:0000180; HP:0034044; HP:0002139; HP:0000278; HP:0002751; HP:0005248; HP:0001762; HP:0000496; HP:0001382; HP:0006487; HP:0001511; HP:0001696; HP:0000113; HP:0002540; HP:0004692; HP:0002093; HP:0002089; HP:0001591; HP:0004719; HP:0002878; HP:0000773; HP:0001744; HP:0002015; HP:0002094; HP:0034302; HP:0011109; HP:0007291; HP:0000528; HP:0000407; HP:0009932; HP:0000550; HP:0000089; HP:0004691; HP:0001999; HP:0007112; HP:0006989; HP:0007033; HP:0001288; HP:0000540; HP:0001257; HP:0002126; HP:0001347; HP:0000871; HP:0410030; HP:0011787; HP:0000824; HP:0002788; HP:0008936; HP:0010946; HP:0002066; HP:0020045; HP:0000179; HP:0000325; HP:0002395; HP:0001260; HP:0001371; HP:0000347; HP:0001272; HP:0002282; HP:0000219; HP:0020185; HP:0000609; HP:0000098; HP:0001256; HP:0001520; HP:0001639; HP:0001317; HP:0002078; HP:0009921; HP:0002188; HP:0000548; HP:0001159; HP:0000662; HP:0000954; HP:0000010; HP:0030760; HP:0004370; HP:0010535; HP:0000529; HP:0000506; HP:0000768; HP:0000664; HP:0000003; HP:0000126; HP:0006159; HP:0025186; HP:0008070; HP:0002938; HP:0006610; HP:0008734; HP:0000475; HP:0005487; HP:0000729; HP:0000445; HP:0030353; HP:0011755; HP:0012506; HP:0007068; HP:0004383; HP:0040213; HP:0009183; HP:0007021; HP:0025502; HP:0007874,Preaxial hand polydactyly; Epicanthus; Toe syndactyly; Strabismus; Hearing impairment; Everted upper lip vermilion; Anal atresia; Seizure; Exaggerated cupid's bow; Protruding tongue; Narrow mouth; Short nose; Hypotonia; Generalized hypotonia; Prominent palatine ridges; Nystagmus; Smooth philtrum; Thick vermilion border; Prominent forehead; Hypertelorism; Postnatal growth retardation; Duplication of thumb phalanx; Preaxial foot polydactyly; Posteriorly rotated ears; Intellectual disability; Micropenis; Downslanted palpebral fissures; Cleft palate; Pulmonary valve defects; Tapered finger; Umbilical hernia; Finger syndactyly; Optic atrophy; Triangular mouth; Clinodactyly of the 5th finger; Bifid distal phalanx of the thumb; Short philtrum; Hypospadias; Hypoplasia of teeth; Low-set ears; Cleft upper lip; Rectovaginal fistula; Preauricular skin tag; Alveolar process hypoplasia; Abnormal cardiac septum morphology; Long philtrum; Inguinal hernia; Brachydactyly; Wide anterior fontanel; Agenesis of corpus callosum; Severe intellectual disability; Failure to thrive; Broad forehead; Abnormal cardiovascular system morphology; High palate; Downturned corners of mouth; Persistence of primary teeth; Macrocephaly; Gingival overgrowth; Abnormal pinna morphology; Wide mouth; Wide nasal bridge; Thin vermilion border; Abnormal pulmonary valve morphology; Postaxial hand polydactyly; Open mouth; Excessive salivation; Bifid uvula; Abnormal oral frenulum morphology; Intracranial cystic lesion; Aplasia/Hypoplasia of the corpus callosum; Microretrognathia; Duplication of phalanx of hallux; Fundus hypopigmentation; Postaxial foot polydactyly; Frontal bossing; Growth delay; Mandibular prognathia; Cryptorchidism; Coloboma; Prominent occiput; Poor head control; Ataxia; Elongated superior cerebellar peduncle; Aggressive behavior; Molar tooth sign on MRI; Delayed ability to sit; Hyperactivity; Macroglossia; Agenesis of cerebellar vermis; Retinal dystrophy; Highly arched eyebrow; Microcephaly; Central apnea; Abnormal saccadic eye movements; Dysgenesis of the cerebellar vermis; Global developmental delay; Neonatal breathing dysregulation; Occipital myelomeningocele; Brainstem dysplasia; Chorioretinal coloboma; Anteverted nares; Hypoplasia of the brainstem; Hepatic fibrosis; Hemifacial spasm; Abnormality of ocular smooth pursuit; Oculomotor apraxia; Clinodactyly; Episodic tachypnea; Cerebellar vermis hypoplasia; Delayed speech and language development; Nephropathy; Delayed ability to walk; Enlarged fossa interpeduncularis; Ptosis; Impaired smooth pursuit; Renal cyst; Retinal dysplasia; Optic disc pallor; Plagiocephaly; Optic disc coloboma; Self-mutilation; Triangular-shaped open mouth; Decreased body weight; Short stature; Dysmetria; Deep philtrum; Profound intellectual disability; Motor delay; Enlarged cisterna magna; Frequent temper tantrums; Recurrent infections; Feeding difficulties in infancy; Rod-cone dystrophy; Hirsutism; Polyhydramnios; Absent speech; Polyphagia; Tube feeding; Recurrent fever; Conductive hearing impairment; Obesity; Renal insufficiency; Abnormal corpus callosum morphology; Encephalocele; Hydrocephalus; Abnormal foot morphology; Rotary nystagmus; Hypoplastic male external genitalia; Nephronophthisis; Depressed nasal bridge; Metopic synostosis; Microphthalmia; Visual impairment; Esotropia; Dolichocephaly; Thickened superior cerebellar peduncle; Stage 5 chronic kidney disease; Pigmentary retinopathy; Thin corpus callosum; Abnormal electroretinogram; Lateral ventricle dilatation; Atrial septal defect; Frontal polymicrogyria; Hypometric saccades; Postural instability; Delayed gross motor development; Abnormal renal medulla morphology; Retinal coloboma; Occipital encephalocele; Reduced visual acuity; Reduced renal corticomedullary differentiation; Aplasia/Hypoplasia of the cerebellar vermis; Renal cortical cysts; Impaired renal concentrating ability; Congenital blindness; Dilated fourth ventricle; Bile duct proliferation; Blindness; Retinal degeneration; Motor stereotypy; Breathing dysregulation; Genu valgum; Scoliosis; Postaxial polydactyly; Tachypnea; Astigmatism; Cataract; Cerebral visual impairment; Ventriculomegaly; Apnea; Hyperventilation; Hypertonia; Hepatomegaly; Prolonged neonatal jaundice; Pachygyria; Anencephaly; Ulnar deviation of the hand; Dandy-Walker malformation; Cerebellar hypoplasia; Narrow palpebral fissure; Camptodactyly; Malformation of the hepatic ductal plate; Sacral dimple; Tented upper lip vermilion; Ventricular septal defect; Irritability; Morning glory anomaly; Meningocele; Hypoplasia of the corpus callosum; Deeply set eye; Malar flattening; Intracranial hemorrhage; Hypertension; Prominent nasal bridge; High forehead; Ambiguous genitalia; Exencephaly; Preaxial polydactyly; Retinopathy; Polydactyly; 3-4 finger cutaneous syndactyly; Abnormal renal morphology; Abnormal retinal morphology; Horseshoe kidney; Lobulated tongue; Trident pelvis; Arrhinencephaly; Retrognathia; Kyphoscoliosis; Intrahepatic biliary atresia; Talipes equinovarus; Abnormality of eye movement; Joint hypermobility; Bowing of the long bones; Intrauterine growth retardation; Situs inversus totalis; Polycystic kidney dysplasia; Inability to walk; 4-5 toe syndactyly; Respiratory insufficiency; Pulmonary hypoplasia; Bell-shaped thorax; Hyperechogenic kidneys; Respiratory failure; Short ribs; Splenomegaly; Dysphagia; Dyspnea; Megalopapilla; Chronic sinusitis; Posterior fossa cyst; Anophthalmia; Sensorineural hearing impairment; Single naris; Undetectable electroretinogram; Renal hypoplasia; 2-3 toe syndactyly; Abnormal facial shape; Temporal cortical atrophy; Dysplastic corpus callosum; Cerebellar dysplasia; Gait disturbance; Hypermetropia; Spasticity; Polymicrogyria; Hyperreflexia; Panhypopituitarism; Cleft lip; Central hypothyroidism; Decreased response to growth hormone stimulation test; Recurrent upper respiratory tract infections; Axial hypotonia; Dilatation of the renal pelvis; Gait ataxia; Esodeviation; Thick lower lip vermilion; Triangular face; Lower limb hyperreflexia; Dysarthria; Flexion contracture; Micrognathia; Cerebellar atrophy; Gray matter heterotopia; Thin upper lip vermilion; Superior cerebellar dysplasia; Optic nerve hypoplasia; Tall stature; Mild intellectual disability; Large for gestational age; Hypertrophic cardiomyopathy; Abnormal cerebellum morphology; Truncal ataxia; Duane anomaly; Delayed CNS myelination; Cone/cone-rod dystrophy; Syndactyly; Nyctalopia; Single transverse palmar crease; Recurrent urinary tract infections; Renal fibrosis; Abnormality of temperature regulation; Sleep apnea; Progressive visual loss; Telecanthus; Pectus carinatum; Synophrys; Multicystic kidney dysplasia; Hydronephrosis; Mesoaxial hand polydactyly; Marcus Gunn jaw winking synkinesis; Sparse hair; Lumbar hyperlordosis; Wide intermamillary distance; Decreased testicular size; Broad neck; Prominent metopic ridge; Autistic behavior; Wide nose; Decreased circulating serum insulin-like growth factor 1 concentration; Ectopic posterior pituitary; Small pituitary gland; Inferior cerebellar vermis hypoplasia; Hypoplastic left ventricle; Hypopnea; Joint contracture of the 5th finger; Pain insensitivity; Overweight; Almond-shaped palpebral fissure,1.0,1.0,1.0,1.0,1.0,1.0,1.0,1.0,1.0,1.0,1.0,1.0,1.0,1.0,1.0,family_aggregate_from_exact_omim,OMIM:200990; OMIM:213300; OMIM:300804; OMIM:608091; OMIM:608629; OMIM:609583; OMIM:610188; OMIM:610688; OMIM:611560; OMIM:612285; OMIM:612291; OMIM:613820; OMIM:614173; OMIM:614175; OMIM:614424; OMIM:614464; OMIM:614465; OMIM:614615; OMIM:614815; OMIM:614844; OMIM:614970; OMIM:615636; OMIM:615665; OMIM:616490; OMIM:616654; OMIM:616781; OMIM:616784; OMIM:617120; OMIM:617121; OMIM:617562; OMIM:617622; OMIM:617757; OMIM:617761; OMIM:617767; OMIM:618161; OMIM:618763; OMIM:619185; OMIM:619476; OMIM:619562; OMIM:619582
CILP_0141,Motile,Juvenile Myoclonic Epilepsy,Juvenile Myoclonic Epilepsy [OMIM phenotype 254770],EJM1,254770,EFHC1,1,Atypical / secondary ciliopathy,AD,HP:0000006,Autosomal dominant inheritance,7.0,HP:0002069; HP:0012001; HP:0002133; HP:0002121; HP:0007000; HP:0032794; HP:0001249,Bilateral tonic-clonic seizure; EEG with generalized polyspikes; Status epilepticus; Generalized non-motor (absence) seizure; Morning myoclonic jerks; Myoclonic seizure; Intellectual disability,0.0,0.0,0.0,0.0,0.0,0.0,0.0,0.0,0.0,0.0,1.0,0.0,0.0,0.0,0.0,exact_omim,OMIM:254770
CILP_0142,Motile,Juvenile Myoclonic Epilepsy,Juvenile Myoclonic Epilepsy [OMIM phenotype 607628],EJM8,607628,CLCN2,1,Atypical / secondary ciliopathy,AD,HP:0000006,Autosomal dominant inheritance,3.0,HP:0007193; HP:0002123; HP:0002121,Bilateral tonic-clonic seizure on awakening; Generalized myoclonic seizure; Generalized non-motor (absence) seizure,0.0,0.0,0.0,0.0,0.0,0.0,0.0,0.0,0.0,0.0,1.0,0.0,0.0,0.0,0.0,exact_omim,OMIM:607628
CILP_0143,Motile,Juvenile Myoclonic Epilepsy,Juvenile Myoclonic Epilepsy [OMIM phenotype 607682],EJM6,607682,CACNB4,1,Atypical / secondary ciliopathy,AD,HP:0000006,Autosomal dominant inheritance,18.0,HP:0002069; HP:0002078; HP:0002373; HP:0002131; HP:0002121; HP:0001260; HP:0010818; HP:0002172; HP:0010532; HP:0002392; HP:0011147; HP:0010850; HP:0007193; HP:0007270; HP:0000639; HP:0007000; HP:0001249; HP:0001336,Bilateral tonic-clonic seizure; Truncal ataxia; Febrile seizure (within the age range of 3 months to 6 years); Episodic ataxia; Generalized non-motor (absence) seizure; Dysarthria; Generalized tonic seizure; Postural instability; Paroxysmal vertigo; EEG with polyspike wave complexes; Typical absence seizure; EEG with spike-wave complexes; Bilateral tonic-clonic seizure on awakening; Atypical absence seizure; Nystagmus; Morning myoclonic jerks; Intellectual disability; Myoclonus,0.0,0.0,0.0,1.0,1.0,0.0,0.0,0.0,0.0,0.0,1.0,0.0,0.0,0.0,0.0,exact_omim,OMIM:607682
CILP_0144,Motile,Juvenile Myoclonic Epilepsy,Juvenile Myoclonic Epilepsy [OMIM phenotype 611136],EJM5,611136,GABRA1,1,Atypical / secondary ciliopathy,Needs curation,,,10.0,HP:0002197; HP:0002392; HP:0007000; HP:0000153; HP:0000496; HP:0002121; HP:0002373; HP:0007207; HP:0000718; HP:0002133,Generalized-onset seizure; EEG with polyspike wave complexes; Morning myoclonic jerks; Abnormality of the mouth; Abnormality of eye movement; Generalized non-motor (absence) seizure; Febrile seizure (within the age range of 3 months to 6 years); Photosensitive tonic-clonic seizure; Aggressive behavior; Status epilepticus,0.0,0.0,0.0,1.0,0.0,0.0,0.0,0.0,1.0,0.0,1.0,0.0,0.0,0.0,0.0,exact_name_db,ORPHA:307
CILP_0145,Motile,Juvenile Myoclonic Epilepsy,Juvenile Myoclonic Epilepsy [OMIM phenotype 613060],EJM7,613060,GABRD,1,Atypical / secondary ciliopathy,AD,HP:0000006,Autosomal dominant inheritance,5.0,HP:0002069; HP:0002123; HP:0002373; HP:0002121; HP:0007359,Bilateral tonic-clonic seizure; Generalized myoclonic seizure; Febrile seizure (within the age range of 3 months to 6 years); Generalized non-motor (absence) seizure; Focal-onset seizure,0.0,0.0,0.0,0.0,0.0,0.0,0.0,0.0,0.0,0.0,1.0,0.0,0.0,0.0,0.0,exact_omim,OMIM:613060
CILP_0146,Motile,Juvenile Myoclonic Epilepsy,Juvenile Myoclonic Epilepsy [OMIM phenotype 617924],EJM10,617924,ICK,1,Atypical / secondary ciliopathy,INCOMPLETE_PENETRANCE; AD,HP:0003829; HP:0000006,Typified by incomplete penetrance; Autosomal dominant inheritance,4.0,HP:0002069; HP:0002123; HP:0002373; HP:0002121,Bilateral tonic-clonic seizure; Generalized myoclonic seizure; Febrile seizure (within the age range of 3 months to 6 years); Generalized non-motor (absence) seizure,0.0,0.0,0.0,0.0,0.0,0.0,0.0,0.0,0.0,0.0,1.0,0.0,0.0,0.0,0.0,exact_omim,OMIM:617924
CILP_0147,Primary,Kallmann syndrome,Kallmann syndrome [OMIM phenotype 308750],KLM,308750,WDR11,1,Endocrine / developmental ciliopathy,XL,HP:0001417,X-linked inheritance,19.0,HP:0000044; HP:0000054; HP:0001341; HP:0000771; HP:0001761; HP:0000122; HP:0030344; HP:0003782; HP:0001251; HP:0003164; HP:0030341; HP:0002929; HP:0000458; HP:0000029; HP:0000218; HP:0001335; HP:0001258; HP:0000028; HP:0002225,Hypogonadotropic hypogonadism; Micropenis; Olfactory lobe agenesis; Gynecomastia; Pes cavus; Unilateral renal agenesis; Decreased circulating luteinizing hormone level; Eunuchoid habitus; Ataxia; Gonadotropin-releasing hormone deficiency; Decreased circulating follicle stimulating hormone concentration; Leydig cell insensitivity to gonadotropin; Anosmia; Testicular atrophy; High palate; Bimanual synkinesia; Spastic paraplegia; Cryptorchidism; Sparse pubic hair,0.0,0.0,1.0,0.0,0.0,1.0,0.0,1.0,1.0,1.0,1.0,0.0,0.0,1.0,1.0,exact_omim,OMIM:308750
CILP_0148,Secondary,Laurence–Moon Syndrome,Laurence–Moon Syndrome [OMIM phenotype 245800],LNMS,245800,PNPLA6,1,Multisystem ciliopathy,AR,HP:0000007,Autosomal recessive inheritance,13.0,HP:0001155; HP:0000054; HP:0000046; HP:0004322; HP:0000580; HP:0001251; HP:0010442; HP:0000639; HP:0009830; HP:0001258; HP:0001249; HP:0001513; HP:0000533,Abnormality of the hand; Micropenis; Small scrotum; Short stature; Pigmentary retinopathy; Ataxia; Polydactyly; Nystagmus; Peripheral neuropathy; Spastic paraplegia; Intellectual disability; Obesity; Chorioretinal atrophy,0.0,0.0,0.0,1.0,0.0,1.0,0.0,1.0,0.0,1.0,1.0,0.0,0.0,1.0,0.0,exact_omim,OMIM:245800
CILP_0149,Primary,Leber Congenital Amaurosis,Leber Congenital Amaurosis [OMIM phenotype 204000],LCA1,204000,GUCY2D,1,Retinal ciliopathy,AR,HP:0000007,Autosomal recessive inheritance,19.0,HP:0001099; HP:0000563; HP:0003354; HP:0000662; HP:0001483; HP:0000580; HP:0003296; HP:0002240; HP:0012426; HP:0000639; HP:0000518; HP:0000407; HP:0000618; HP:0000613; HP:0007663; HP:0001510; HP:0007843; HP:0001249; HP:0000654,Atrophic fundus lesion; Keratoconus; Hyperthreoninemia; Nyctalopia; Eye poking; Pigmentary retinopathy; Hyperthreoninuria; Hepatomegaly; Optic disc drusen; Nystagmus; Cataract; Sensorineural hearing impairment; Blindness; Photophobia; Reduced visual acuity; Growth delay; Attenuation of retinal blood vessels; Intellectual disability; Decreased light- and dark-adapted electroretinogram amplitude,1.0,1.0,0.0,1.0,1.0,1.0,0.0,1.0,0.0,0.0,1.0,1.0,0.0,0.0,0.0,exact_omim,OMIM:204000
CILP_0150,Primary,Leber Congenital Amaurosis,Leber Congenital Amaurosis [OMIM phenotype 204100],LCA2,204100,RPE65,1,Retinal ciliopathy,AR,HP:0000007,Autosomal recessive inheritance,16.0,HP:0001320; HP:0001099; HP:0000563; HP:0000662; HP:0001483; HP:0000580; HP:0030825; HP:0000518; HP:0000639; HP:0000618; HP:0000613; HP:0007663; HP:0000543; HP:0007688; HP:0007843; HP:0001249,Cerebellar vermis hypoplasia; Atrophic fundus lesion; Keratoconus; Nyctalopia; Eye poking; Pigmentary retinopathy; Absent foveal reflex; Cataract; Nystagmus; Blindness; Photophobia; Reduced visual acuity; Optic disc pallor; Undetectable light- and dark-adapted electroretinogram; Attenuation of retinal blood vessels; Intellectual disability,0.0,1.0,0.0,1.0,0.0,0.0,0.0,0.0,0.0,0.0,1.0,0.0,0.0,0.0,0.0,exact_omim,OMIM:204100
CILP_0151,Primary,Leber Congenital Amaurosis,Leber Congenital Amaurosis [OMIM phenotype 604232],LCA3,604232,SPATA7,1,Retinal ciliopathy,AR,HP:0000007,Autosomal recessive inheritance,4.0,HP:0000572; HP:0001133; HP:0000662; HP:0000639,Visual loss; Constriction of peripheral visual field; Nyctalopia; Nystagmus,0.0,0.0,0.0,1.0,0.0,0.0,0.0,0.0,0.0,0.0,0.0,0.0,0.0,0.0,0.0,exact_omim,OMIM:604232
CILP_0152,Primary,Leber Congenital Amaurosis,Leber Congenital Amaurosis [OMIM phenotype 604393],LCA4,604393,AIPL1,1,Retinal ciliopathy,AR; AD,HP:0000007; HP:0000006,Autosomal recessive inheritance; Autosomal dominant inheritance,10.0,HP:0000563; HP:0000662; HP:0012043; HP:0000618; HP:0007663; HP:0007401; HP:0000548; HP:0000543; HP:0007688; HP:0007843,Keratoconus; Nyctalopia; Pendular nystagmus; Blindness; Reduced visual acuity; Macular atrophy; Cone/cone-rod dystrophy; Optic disc pallor; Undetectable light- and dark-adapted electroretinogram; Attenuation of retinal blood vessels,0.0,1.0,0.0,1.0,0.0,0.0,0.0,0.0,0.0,0.0,0.0,0.0,0.0,0.0,0.0,exact_omim,OMIM:604393
CILP_0153,Primary,Leber Congenital Amaurosis,Leber Congenital Amaurosis [OMIM phenotype 604537],LCA5,604537,LCA5,1,Retinal ciliopathy,AR,HP:0000007,Autosomal recessive inheritance,6.0,HP:0000550; HP:0000572; HP:0000540; HP:0000639; HP:0008499; HP:0000505,Undetectable electroretinogram; Visual loss; Hypermetropia; Nystagmus; High hypermetropia; Visual impairment,0.0,0.0,0.0,1.0,0.0,0.0,0.0,0.0,0.0,0.0,0.0,0.0,0.0,0.0,0.0,exact_omim,OMIM:604537
CILP_0154,Primary,Leber Congenital Amaurosis,Leber Congenital Amaurosis [OMIM phenotype 608133],LCA18,608133,PRPH2,1,Retinal ciliopathy,AR; AD,HP:0000007; HP:0000006,Autosomal recessive inheritance; Autosomal dominant inheritance,8.0,HP:0001133; HP:0000662; HP:0000580; HP:0007830; HP:0000510; HP:0007843; HP:0000512; HP:0000533,Constriction of peripheral visual field; Nyctalopia; Pigmentary retinopathy; Adult-onset night blindness; Rod-cone dystrophy; Attenuation of retinal blood vessels; Abnormal electroretinogram; Chorioretinal atrophy,0.0,1.0,0.0,1.0,0.0,0.0,0.0,0.0,0.0,0.0,0.0,0.0,0.0,0.0,0.0,exact_omim,OMIM:608133
CILP_0155,Primary,Leber Congenital Amaurosis,Leber Congenital Amaurosis [OMIM phenotype 608553],LCA9,608553,NMNAT1,1,Retinal ciliopathy,AR,HP:0000007,Autosomal recessive inheritance,22.0,HP:0007737; HP:0007814; HP:0000662; HP:0000563; HP:0000540; HP:0000639; HP:0032286; HP:0000613; HP:0007663; HP:0007401; HP:0007843; HP:0007988; HP:0000550; HP:0000551; HP:0001483; HP:0032123; HP:0032027; HP:0000648; HP:0200056; HP:0000543; HP:0000666; HP:0001116,Spicular pigmentation of the retina; Retinal pigment epithelial mottling; Nyctalopia; Keratoconus; Hypermetropia; Nystagmus; Ultra-low vision with retained light perception; Photophobia; Reduced visual acuity; Macular atrophy; Attenuation of retinal blood vessels; Macular hypopigmentation; Undetectable electroretinogram; Color vision defect; Eye poking; Ultra-low vision; Retinal dots; Optic atrophy; Macular scar; Optic disc pallor; Horizontal nystagmus; Macular pseudocoloboma,0.0,1.0,0.0,1.0,0.0,0.0,0.0,0.0,0.0,0.0,1.0,0.0,0.0,1.0,0.0,exact_omim,OMIM:608553
CILP_0156,Primary,Leber Congenital Amaurosis,Leber Congenital Amaurosis [OMIM phenotype 610612],LCA12,610612,RD3,1,Retinal ciliopathy,AR,HP:0000007,Autosomal recessive inheritance,3.0,HP:0000639; HP:0008002; HP:0007875,Nystagmus; Abnormal macular pigmentation; Congenital blindness,0.0,0.0,0.0,1.0,0.0,0.0,0.0,0.0,0.0,0.0,0.0,0.0,0.0,0.0,0.0,exact_omim,OMIM:610612
CILP_0157,Primary,Leber Congenital Amaurosis,Leber Congenital Amaurosis [OMIM phenotype 611755],LCA10,611755,CEP290,1,Retinal ciliopathy,AR,HP:0000007,Autosomal recessive inheritance,3.0,HP:0001250; HP:0004409; HP:0000505,Seizure; Hyposmia; Visual impairment,0.0,0.0,0.0,1.0,0.0,0.0,0.0,0.0,1.0,0.0,1.0,0.0,0.0,0.0,0.0,exact_omim,OMIM:611755
CILP_0158,Primary,Leber Congenital Amaurosis,Leber Congenital Amaurosis [OMIM phenotype 612712],LCA13,612712,RDH12,1,Retinal ciliopathy,AR; AD,HP:0000007; HP:0000006,Autosomal recessive inheritance; Autosomal dominant inheritance,5.0,HP:0007737; HP:0007663; HP:0000543; HP:0007843; HP:0000556,Spicular pigmentation of the retina; Reduced visual acuity; Optic disc pallor; Attenuation of retinal blood vessels; Retinal dystrophy,0.0,1.0,0.0,1.0,0.0,0.0,0.0,0.0,0.0,0.0,0.0,0.0,0.0,0.0,0.0,exact_omim,OMIM:612712
CILP_0159,Primary,Leber Congenital Amaurosis,Leber Congenital Amaurosis [OMIM phenotype 613341],LCA14,613341,LRAT,1,Retinal ciliopathy,AR,HP:0000007,Autosomal recessive inheritance,12.0,HP:0000550; HP:0000662; HP:0000980; HP:0000639; HP:0000613; HP:0007663; HP:0002527; HP:0000510; HP:0007875; HP:0000543; HP:0000556; HP:0000654,Undetectable electroretinogram; Nyctalopia; Pallor; Nystagmus; Photophobia; Reduced visual acuity; Falls; Rod-cone dystrophy; Congenital blindness; Optic disc pallor; Retinal dystrophy; Decreased light- and dark-adapted electroretinogram amplitude,0.0,0.0,0.0,1.0,0.0,0.0,0.0,0.0,0.0,0.0,1.0,0.0,0.0,0.0,1.0,exact_omim,OMIM:613341
CILP_0160,Primary,Leber Congenital Amaurosis,Leber Congenital Amaurosis [OMIM phenotype 613826],LCA6,613826,RPGRIP1,1,Retinal ciliopathy,AR,HP:0000007,Autosomal recessive inheritance,43.0,HP:0001133; HP:0000563; HP:0000486; HP:0030211; HP:0000518; HP:0000639; HP:0032122; HP:0008499; HP:0007720; HP:0007401; HP:0007843; HP:0000512; HP:0001249; HP:0025010; HP:0001263; HP:0001141; HP:0030825; HP:0200070; HP:0008043; HP:0000648; HP:0004327; HP:0007737; HP:0007814; HP:0000662; HP:0000540; HP:0030553; HP:0030672; HP:0030515; HP:0000613; HP:0007663; HP:0007787; HP:0000533; HP:0000577; HP:0000550; HP:0000551; HP:0001483; HP:0011504; HP:0030329; HP:0012045; HP:0012043; HP:0000546; HP:0000543; HP:0000545,Constriction of peripheral visual field; Keratoconus; Strabismus; Slow pupillary light response; Cataract; Nystagmus; Very low visual acuity; High hypermetropia; Flat cornea; Macular atrophy; Attenuation of retinal blood vessels; Abnormal electroretinogram; Intellectual disability; Foveal atrophy; Global developmental delay; Severely reduced visual acuity; Absent foveal reflex; Peripheral retinal atrophy; Focal retinal arteriolar constriction; Optic atrophy; Abnormal vitreous humor morphology; Spicular pigmentation of the retina; Retinal pigment epithelial mottling; Nyctalopia; Hypermetropia; Visual acuity no light perception; Asteroid hyalosis; Moderately reduced visual acuity; Photophobia; Reduced visual acuity; Posterior subcapsular cataract; Chorioretinal atrophy; Exotropia; Undetectable electroretinogram; Color vision defect; Eye poking; Bull's eye maculopathy; Retinal thinning on OCT; Retinal flecks; Pendular nystagmus; Retinal degeneration; Optic disc pallor; Myopia,0.0,1.0,0.0,1.0,0.0,0.0,0.0,0.0,1.0,0.0,1.0,0.0,0.0,0.0,0.0,exact_omim,OMIM:613826
CILP_0161,Primary,Leber Congenital Amaurosis,Leber Congenital Amaurosis [OMIM phenotype 613829],LCA7,613829,CRX,1,Retinal ciliopathy,AR,HP:0000007,Autosomal recessive inheritance,7.0,HP:0000550; HP:0000563; HP:0000518; HP:0000639; HP:0012043; HP:0000613; HP:0000505,Undetectable electroretinogram; Keratoconus; Cataract; Nystagmus; Pendular nystagmus; Photophobia; Visual impairment,0.0,0.0,0.0,1.0,0.0,0.0,0.0,0.0,0.0,0.0,1.0,0.0,0.0,0.0,0.0,exact_omim,OMIM:613829
CILP_0162,Primary,Leber Congenital Amaurosis,Leber Congenital Amaurosis [OMIM phenotype 613835],LCA8,613835,CRB1,1,Retinal ciliopathy,AR,HP:0000007,Autosomal recessive inheritance,13.0,HP:0000550; HP:0000563; HP:0000490; HP:0001483; HP:0000580; HP:0030505; HP:0000518; HP:0000639; HP:0008499; HP:0007663; HP:0030491; HP:0001116; HP:0000533,Undetectable electroretinogram; Keratoconus; Deeply set eye; Eye poking; Pigmentary retinopathy; Nummular pigmentation of the retina; Cataract; Nystagmus; High hypermetropia; Reduced visual acuity; Choriocapillaris atrophy; Macular pseudocoloboma; Chorioretinal atrophy,0.0,0.0,0.0,1.0,0.0,0.0,0.0,0.0,0.0,0.0,1.0,0.0,0.0,0.0,0.0,exact_omim,OMIM:613835
CILP_0163,Primary,Leber Congenital Amaurosis,Leber Congenital Amaurosis [OMIM phenotype 613837],LCA11,613837,IMPDH1,1,Retinal ciliopathy,AD,HP:0000006,Autosomal dominant inheritance,3.0,HP:0000639; HP:0007663; HP:0000505,Nystagmus; Reduced visual acuity; Visual impairment,0.0,0.0,0.0,1.0,0.0,0.0,0.0,0.0,0.0,0.0,0.0,0.0,0.0,0.0,0.0,exact_omim,OMIM:613837
CILP_0164,Primary,Leber Congenital Amaurosis,Leber Congenital Amaurosis [OMIM phenotype 613843],LCA15,613843,TULP1,1,Retinal ciliopathy,AR,HP:0000007,Autosomal recessive inheritance,20.0,HP:0001133; HP:0000662; HP:0000540; HP:0000551; HP:0030211; HP:0001483; HP:0000580; HP:0500087; HP:0034362; HP:0012047; HP:0000639; HP:0000613; HP:0007772; HP:0000546; HP:0007663; HP:0000505; HP:0007787; HP:0000543; HP:0007843; HP:0000545,Constriction of peripheral visual field; Nyctalopia; Hypermetropia; Color vision defect; Slow pupillary light response; Eye poking; Pigmentary retinopathy; Peripapillary atrophy; Dull foveal reflex; Hemeralopia; Nystagmus; Photophobia; Impaired smooth pursuit; Retinal degeneration; Reduced visual acuity; Visual impairment; Posterior subcapsular cataract; Optic disc pallor; Attenuation of retinal blood vessels; Myopia,0.0,1.0,0.0,1.0,0.0,0.0,0.0,0.0,0.0,0.0,1.0,0.0,0.0,0.0,0.0,exact_omim,OMIM:613843
CILP_0165,Primary,Leber Congenital Amaurosis,Leber Congenital Amaurosis [OMIM phenotype 614186],LCA16,614186,KCNJ13,1,Retinal ciliopathy,AR,HP:0000007,Autosomal recessive inheritance,9.0,HP:0000486; HP:0000662; HP:0001123; HP:0000639; HP:0000518; HP:0000613; HP:0007663; HP:0000505; HP:0000543,Strabismus; Nyctalopia; Visual field defect; Nystagmus; Cataract; Photophobia; Reduced visual acuity; Visual impairment; Optic disc pallor,0.0,0.0,0.0,1.0,0.0,0.0,0.0,0.0,0.0,0.0,1.0,0.0,0.0,0.0,0.0,exact_omim,OMIM:614186
CILP_0166,Primary,Leber Congenital Amaurosis,Leber Congenital Amaurosis [OMIM phenotype 615360],LCA17,615360,GDF6,1,Retinal ciliopathy,AR,HP:0000007,Autosomal recessive inheritance,1.0,HP:0032284,Ultra-low vision with retained motion projection,0.0,0.0,0.0,1.0,0.0,0.0,0.0,0.0,0.0,0.0,0.0,0.0,0.0,0.0,0.0,exact_omim,OMIM:615360
CILP_0167,Primary,Leber Congenital Amaurosis,Leber Congenital Amaurosis [OMIM phenotype 618513],LCA19,618513,USP45,1,Retinal ciliopathy,AR,HP:0000007,Autosomal recessive inheritance,6.0,HP:0000639; HP:0000546; HP:0000505; HP:0000543; HP:0007843; HP:0000654,Nystagmus; Retinal degeneration; Visual impairment; Optic disc pallor; Attenuation of retinal blood vessels; Decreased light- and dark-adapted electroretinogram amplitude,0.0,1.0,0.0,1.0,0.0,0.0,0.0,0.0,0.0,0.0,0.0,0.0,0.0,0.0,0.0,exact_omim,OMIM:618513
CILP_0168,Primary,Leber Congenital Amaurosis,Leber Congenital Amaurosis [OMIM phenotype No MIM Number],LCA,No MIM Number,INPP5E; IQCB1,2,Retinal ciliopathy,Genetically heterogeneous,,,25.0,HP:0001141; HP:0007703; HP:0012795; HP:0000512; HP:0000518; HP:0000540; HP:0000563; HP:0000613; HP:0000639; HP:0001250; HP:0001252; HP:0001483; HP:0002084; HP:0002269; HP:0004374; HP:0006817; HP:0030211; HP:0030466; HP:0000365; HP:0000543; HP:0000729; HP:0001249; HP:0001263; HP:0001270; HP:0012426,Severely reduced visual acuity; Abnormal retinal pigmentation; Abnormal optic disc morphology; Abnormal electroretinogram; Cataract; Hypermetropia; Keratoconus; Photophobia; Nystagmus; Seizure; Hypotonia; Eye poking; Encephalocele; Abnormality of neuronal migration; Hemiplegia/hemiparesis; Aplasia/Hypoplasia of the cerebellar vermis; Slow pupillary light response; Abnormal full-field electroretinogram; Hearing impairment; Optic disc pallor; Autistic behavior; Intellectual disability; Global developmental delay; Motor delay; Optic disc drusen,0.0,0.0,0.0,1.0,1.0,0.0,0.0,0.0,1.0,0.0,1.0,0.0,0.0,1.0,0.0,exact_name_db,ORPHA:65
CILP_0169,Primary,Lowe Oculocerebrorenal Syndrome,Lowe Oculocerebrorenal Syndrome [OMIM phenotype 309000],OCRL,309000,OCRL,1,Renal-hepatic ciliopathy,XLR,HP:0001419,X-linked recessive inheritance,52.0,HP:0003236; HP:0003355; HP:0004322; HP:0001250; HP:0100490; HP:0000083; HP:0001252; HP:0000718; HP:0000519; HP:0004639; HP:0003109; HP:0008897; HP:0002857; HP:0000559; HP:0002019; HP:0001249; HP:0007109; HP:0003126; HP:0025131; HP:0007948; HP:0003124; HP:0001382; HP:0001263; HP:0010562; HP:0002827; HP:0000926; HP:0002748; HP:0000568; HP:0002749; HP:0003774; HP:6000615; HP:0001508; HP:0006297; HP:0000733; HP:0007663; HP:0002119; HP:0025435; HP:0003646; HP:0001225; HP:0002756; HP:0003148; HP:0002650; HP:0001284; HP:0001482; HP:0009473; HP:0002808; HP:0001319; HP:0000505; HP:0001994; HP:0000028; HP:0000501; HP:0002049,Elevated circulating creatine kinase concentration; Aminoaciduria; Short stature; Seizure; Camptodactyly of finger; Renal insufficiency; Hypotonia; Aggressive behavior; Developmental cataract; Elevated amniotic fluid alpha-fetoprotein; Hyperphosphaturia; Postnatal growth retardation; Genu valgum; Corneal scarring; Constipation; Intellectual disability; Periventricular cysts; Low-molecular-weight proteinuria; Finger swelling; Dense posterior cortical cataract; Hypercholesterolemia; Joint hypermobility; Global developmental delay; Keloids; Hip dislocation; Platyspondyly; Rickets; Microphthalmia; Osteomalacia; Stage 5 chronic kidney disease; Reduced Inositol polyphosphate 5-phosphatase OCRL-1 activity in cultured fibroblasts; Failure to thrive; Enamel hypoplasia; Motor stereotypy; Reduced visual acuity; Ventriculomegaly; Increased circulating lactate dehydrogenase concentration; Bicarbonaturia; Wrist swelling; Pathologic fracture; Elevated serum acid phosphatase; Scoliosis; Areflexia; Subcutaneous nodule; Joint contracture of the hand; Kyphosis; Neonatal hypotonia; Visual impairment; Renal Fanconi syndrome; Cryptorchidism; Glaucoma; Proximal renal tubular acidosis,1.0,0.0,0.0,1.0,0.0,1.0,0.0,1.0,1.0,1.0,1.0,1.0,0.0,1.0,1.0,exact_omim,OMIM:309000
CILP_0170,Primary,McKusick-Kaufman Syndrome,McKusick-Kaufman Syndrome [OMIM phenotype 236700],MKKS,236700,MKKS,1,Multisystem ciliopathy,AR,HP:0000007,Autosomal recessive inheritance,19.0,HP:0000143; HP:0001374; HP:0000145; HP:0001586; HP:0002023; HP:0002089; HP:0001162; HP:0000072; HP:0002251; HP:0010741; HP:0000969; HP:0030010; HP:0030680; HP:0001159; HP:0006159; HP:0000113; HP:0000028; HP:0000126; HP:0000148,Rectovaginal fistula; Congenital hip dislocation; Transverse vaginal septum; Vesicovaginal fistula; Anal atresia; Pulmonary hypoplasia; Postaxial hand polydactyly; Hydroureter; Aganglionic megacolon; Pedal edema; Edema; Hydrometrocolpos; Abnormal cardiovascular system morphology; Syndactyly; Mesoaxial hand polydactyly; Polycystic kidney dysplasia; Cryptorchidism; Hydronephrosis; Vaginal atresia,1.0,1.0,0.0,0.0,0.0,1.0,0.0,0.0,0.0,1.0,1.0,1.0,1.0,1.0,0.0,exact_omim,OMIM:236700
CILP_0171,Primary,Meckel–Gruber Syndrome,Meckel–Gruber Syndrome [OMIM phenotype 249000],MKS1,249000,MKS1,1,Neurodevelopmental ciliopathy,AR,HP:0000007,Autosomal recessive inheritance,81.0,HP:0002023; HP:0100490; HP:0001252; HP:0001408; HP:0000319; HP:0000316; HP:0000238; HP:0002419; HP:0009466; HP:0002617; HP:0000835; HP:0006872; HP:0004639; HP:0025336; HP:0001643; HP:0000113; HP:0001600; HP:0000175; HP:0000252; HP:0001341; HP:0001583; HP:0001344; HP:0000695; HP:0002198; HP:0005343; HP:0000130; HP:0001263; HP:0003241; HP:0100259; HP:0002308; HP:0000800; HP:0000601; HP:0000568; HP:0009931; HP:0006267; HP:0001539; HP:0000204; HP:0000369; HP:0001671; HP:0002323; HP:0000340; HP:0002089; HP:0001195; HP:0000061; HP:0001274; HP:0002085; HP:0000180; HP:0001829; HP:0001746; HP:0000337; HP:0001305; HP:0000612; HP:0000219; HP:0002119; HP:0001747; HP:0030084; HP:0000537; HP:0001623; HP:0001744; HP:0000033; HP:0008936; HP:0001562; HP:0000154; HP:0001883; HP:0001321; HP:0031936; HP:0001162; HP:0001680; HP:0000470; HP:0000508; HP:0006563; HP:0006487; HP:0001511; HP:0001830; HP:0001159; HP:0000069; HP:0000465; HP:0000028; HP:0002566; HP:0000347; HP:0000104,"Anal atresia; Camptodactyly of finger; Hypotonia; Bile duct proliferation; Smooth philtrum; Hypertelorism; Hydrocephalus; Molar tooth sign on MRI; Radial deviation of finger; Vascular dilatation; Adrenal hypoplasia; Cerebral hypoplasia; Elevated amniotic fluid alpha-fetoprotein; Delayed ability to sit; Patent ductus arteriosus; Polycystic kidney dysplasia; Abnormality of the larynx; Cleft palate; Microcephaly; Olfactory lobe agenesis; Rotary nystagmus; Absent speech; Natal tooth; Dilated fourth ventricle; Hypoplasia of the bladder; Abnormality of the uterus; Global developmental delay; External genital hypoplasia; Postaxial polydactyly; Chiari malformation; Cystic renal dysplasia; Hypotelorism; Microphthalmia; Enlarged naris; Large placenta; Omphalocele; Cleft upper lip; Low-set ears; Abnormal cardiac septum morphology; Anencephaly; Sloping forehead; Pulmonary hypoplasia; Single umbilical artery; Ambiguous genitalia, female; Agenesis of corpus callosum; Occipital encephalocele; Lobulated tongue; Foot polydactyly; Asplenia; Broad forehead; Dandy-Walker malformation; Iris coloboma; Thin upper lip vermilion; Ventriculomegaly; Accessory spleen; Clinodactyly; Epicanthus inversus; Breech presentation; Splenomegaly; Ambiguous genitalia, male; Axial hypotonia; Oligohydramnios; Wide mouth; Talipes; Cerebellar hypoplasia; Delayed ability to walk; Postaxial hand polydactyly; Coarctation of aorta; Short neck; Ptosis; Malformation of the hepatic ductal plate; Bowing of the long bones; Intrauterine growth retardation; Postaxial foot polydactyly; Syndactyly; Abnormality of the ureter; Webbed neck; Cryptorchidism; Intestinal malrotation; Micrognathia; Renal agenesis",1.0,1.0,1.0,1.0,1.0,1.0,1.0,1.0,1.0,1.0,1.0,1.0,1.0,1.0,0.0,exact_omim,OMIM:249000
CILP_0172,Primary,Meckel–Gruber Syndrome,Meckel–Gruber Syndrome [OMIM phenotype 267010],MKS7,267010,NPHP3,1,Neurodevelopmental ciliopathy,AR,HP:0000007,Autosomal recessive inheritance,22.0,HP:0003774; HP:0001650; HP:0001562; HP:0001276; HP:0001396; HP:0001696; HP:0000023; HP:0002190; HP:0100611; HP:0001409; HP:0001408; HP:0000239; HP:0001305; HP:0000348; HP:0001737; HP:0001643; HP:0001830; HP:0000003; HP:0001631; HP:0002613; HP:0001433; HP:0001667,Stage 5 chronic kidney disease; Aortic valve stenosis; Oligohydramnios; Hypertonia; Cholestasis; Situs inversus totalis; Inguinal hernia; Choroid plexus cyst; Multiple glomerular cysts; Portal hypertension; Bile duct proliferation; Large fontanelles; Dandy-Walker malformation; High forehead; Pancreatic cysts; Patent ductus arteriosus; Postaxial foot polydactyly; Multicystic kidney dysplasia; Atrial septal defect; Biliary cirrhosis; Hepatosplenomegaly; Right ventricular hypertrophy,1.0,1.0,0.0,0.0,0.0,1.0,1.0,0.0,1.0,1.0,1.0,0.0,0.0,1.0,0.0,exact_omim,OMIM:267010
CILP_0173,Primary,Meckel–Gruber Syndrome,Meckel–Gruber Syndrome [OMIM phenotype 603194],MKS2,603194,TMEM216,1,Neurodevelopmental ciliopathy,AR,HP:0000007,Autosomal recessive inheritance,15.0,HP:0000175; HP:0002323; HP:0001162; HP:0002084; HP:0010442; HP:0001408; HP:0000107; HP:0000568; HP:0001305; HP:0006487; HP:0001539; HP:0001511; HP:0000476; HP:0002566; HP:0002435,Cleft palate; Anencephaly; Postaxial hand polydactyly; Encephalocele; Polydactyly; Bile duct proliferation; Renal cyst; Microphthalmia; Dandy-Walker malformation; Bowing of the long bones; Omphalocele; Intrauterine growth retardation; Cystic hygroma; Intestinal malrotation; Meningocele,1.0,0.0,0.0,1.0,0.0,1.0,0.0,1.0,1.0,1.0,1.0,0.0,0.0,1.0,0.0,exact_omim,OMIM:603194
CILP_0174,Primary,Meckel–Gruber Syndrome,Meckel–Gruber Syndrome [OMIM phenotype 607361],MKS3,607361,TMEM67,1,Neurodevelopmental ciliopathy,AR,HP:0000007,Autosomal recessive inheritance,12.0,HP:0000175; HP:0001162; HP:0002085; HP:0001395; HP:0002240; HP:0010442; HP:0001408; HP:0006563; HP:0000238; HP:0001305; HP:0001830; HP:0000003,Cleft palate; Postaxial hand polydactyly; Occipital encephalocele; Hepatic fibrosis; Hepatomegaly; Polydactyly; Bile duct proliferation; Malformation of the hepatic ductal plate; Hydrocephalus; Dandy-Walker malformation; Postaxial foot polydactyly; Multicystic kidney dysplasia,1.0,0.0,0.0,0.0,0.0,1.0,0.0,0.0,1.0,1.0,1.0,0.0,0.0,1.0,0.0,exact_omim,OMIM:607361
CILP_0175,Primary,Meckel–Gruber Syndrome,Meckel–Gruber Syndrome [OMIM phenotype 611134],MKS4,611134,CEP290,1,Neurodevelopmental ciliopathy,AR,HP:0000007,Autosomal recessive inheritance,18.0,HP:0000252; HP:0000175; HP:0002323; HP:0002079; HP:0001162; HP:0002084; HP:0001629; HP:0001408; HP:0000107; HP:0001305; HP:0000568; HP:0000238; HP:0002419; HP:0006487; HP:0001511; HP:0001631; HP:0002335; HP:0002435,Microcephaly; Cleft palate; Anencephaly; Hypoplasia of the corpus callosum; Postaxial hand polydactyly; Encephalocele; Ventricular septal defect; Bile duct proliferation; Renal cyst; Dandy-Walker malformation; Microphthalmia; Hydrocephalus; Molar tooth sign on MRI; Bowing of the long bones; Intrauterine growth retardation; Atrial septal defect; Agenesis of cerebellar vermis; Meningocele,1.0,1.0,0.0,1.0,0.0,1.0,0.0,1.0,1.0,1.0,1.0,0.0,0.0,1.0,0.0,exact_omim,OMIM:611134
CILP_0176,Primary,Meckel–Gruber Syndrome,Meckel–Gruber Syndrome [OMIM phenotype 611561],MKS5,611561,RPGRIP1L,1,Neurodevelopmental ciliopathy,AR,HP:0000007,Autosomal recessive inheritance,10.0,HP:0000175; HP:0002323; HP:0001162; HP:0001408; HP:0002085; HP:0000107; HP:0000568; HP:0006487; HP:0001830; HP:0000204,Cleft palate; Anencephaly; Postaxial hand polydactyly; Bile duct proliferation; Occipital encephalocele; Renal cyst; Microphthalmia; Bowing of the long bones; Postaxial foot polydactyly; Cleft upper lip,1.0,0.0,0.0,1.0,0.0,1.0,0.0,0.0,1.0,1.0,1.0,0.0,0.0,1.0,0.0,exact_omim,OMIM:611561
CILP_0177,Primary,Meckel–Gruber Syndrome,Meckel–Gruber Syndrome [OMIM phenotype 612284],MKS6,612284,CC2D2A,1,Neurodevelopmental ciliopathy,AR,HP:0000007,Autosomal recessive inheritance,19.0,HP:0002323; HP:0000175; HP:0002089; HP:0001762; HP:0006706; HP:0001162; HP:0001395; HP:0002085; HP:0000085; HP:0011467; HP:0010477; HP:0033183; HP:0001408; HP:0000107; HP:0000238; HP:0001407; HP:0000812; HP:0001830; HP:0000204,Anencephaly; Cleft palate; Pulmonary hypoplasia; Talipes equinovarus; Cystic liver disease; Postaxial hand polydactyly; Hepatic fibrosis; Occipital encephalocele; Horseshoe kidney; Absent gallbladder; Aplasia of the bladder; Bilobed right lung; Bile duct proliferation; Renal cyst; Hydrocephalus; Hepatic cysts; Abnormal internal genitalia; Postaxial foot polydactyly; Cleft upper lip,1.0,0.0,0.0,0.0,0.0,1.0,0.0,0.0,1.0,1.0,1.0,0.0,1.0,1.0,0.0,exact_omim,OMIM:612284
CILP_0178,Primary,Meckel–Gruber Syndrome,Meckel–Gruber Syndrome [OMIM phenotype 613885],MKS8,613885,TCTN2,1,Neurodevelopmental ciliopathy,AR,HP:0000007,Autosomal recessive inheritance,22.0,HP:0000175; HP:0000252; HP:0001762; HP:0000062; HP:0002085; HP:0003196; HP:0000470; HP:0002084; HP:0003270; HP:0010442; HP:0000528; HP:0004719; HP:0000337; HP:0000568; HP:0025700; HP:0000774; HP:0001698; HP:0000113; HP:0000204; HP:0000457; HP:0000105; HP:0000369,Cleft palate; Microcephaly; Talipes equinovarus; Ambiguous genitalia; Occipital encephalocele; Short nose; Short neck; Encephalocele; Abdominal distention; Polydactyly; Anophthalmia; Hyperechogenic kidneys; Broad forehead; Microphthalmia; Anhydramnios; Narrow chest; Pericardial effusion; Polycystic kidney dysplasia; Cleft upper lip; Depressed nasal ridge; Enlarged kidney; Low-set ears,1.0,1.0,0.0,1.0,1.0,1.0,0.0,0.0,1.0,1.0,1.0,0.0,0.0,1.0,0.0,exact_omim,OMIM:613885
CILP_0179,Primary,Meckel–Gruber Syndrome,Meckel–Gruber Syndrome [OMIM phenotype 614175],MKS10,614175,B9D2,1,Neurodevelopmental ciliopathy,AR,HP:0000007,Autosomal recessive inheritance,24.0,HP:0000286; HP:0002323; HP:0001250; HP:0002085; HP:0009487; HP:0002419; HP:0001305; HP:0000377; HP:0000054; HP:0000175; HP:0001321; HP:0001162; HP:0002198; HP:0000193; HP:0045025; HP:0100259; HP:0012385; HP:0000508; HP:0000107; HP:0006563; HP:0001830; HP:0002007; HP:0000960; HP:0000047,Epicanthus; Anencephaly; Seizure; Occipital encephalocele; Ulnar deviation of the hand; Molar tooth sign on MRI; Dandy-Walker malformation; Abnormal pinna morphology; Micropenis; Cleft palate; Cerebellar hypoplasia; Postaxial hand polydactyly; Dilated fourth ventricle; Bifid uvula; Narrow palpebral fissure; Postaxial polydactyly; Camptodactyly; Ptosis; Renal cyst; Malformation of the hepatic ductal plate; Postaxial foot polydactyly; Frontal bossing; Sacral dimple; Hypospadias,1.0,0.0,0.0,1.0,1.0,1.0,0.0,0.0,1.0,1.0,1.0,0.0,0.0,1.0,1.0,exact_omim,OMIM:614175
CILP_0180,Primary,Meckel–Gruber Syndrome,Meckel–Gruber Syndrome [OMIM phenotype 614209],MKS9,614209,B9D1,1,Neurodevelopmental ciliopathy,AR,HP:0000007,Autosomal recessive inheritance,7.0,HP:0009826; HP:0001762; HP:0000062; HP:0002085; HP:0000932; HP:0000003; HP:0034217,Limb undergrowth; Talipes equinovarus; Ambiguous genitalia; Occipital encephalocele; Abnormal posterior cranial fossa morphology; Multicystic kidney dysplasia; Sonographic non-visualized fetal bladder,0.0,0.0,0.0,0.0,0.0,1.0,0.0,0.0,1.0,1.0,1.0,0.0,0.0,1.0,0.0,exact_omim,OMIM:614209
CILP_0181,Primary,Meckel–Gruber Syndrome,Meckel–Gruber Syndrome [OMIM phenotype 615397],MKS11,615397,TMEM231,1,Neurodevelopmental ciliopathy,AR,HP:0000007,Autosomal recessive inheritance,4.0,HP:0001562; HP:0002085; HP:0010442; HP:0000113,Oligohydramnios; Occipital encephalocele; Polydactyly; Polycystic kidney dysplasia,0.0,0.0,0.0,0.0,0.0,1.0,0.0,0.0,1.0,1.0,1.0,0.0,0.0,1.0,0.0,exact_omim,OMIM:615397
CILP_0182,Primary,Meckel–Gruber Syndrome,Meckel–Gruber Syndrome [OMIM phenotype 616258],MKS12,616258,KIF14,1,Neurodevelopmental ciliopathy,AR,HP:0000007,Autosomal recessive inheritance,22.0,HP:0001562; HP:0010958; HP:0000252; HP:0000340; HP:0000013; HP:0000431; HP:0000463; HP:0001321; HP:0000089; HP:0000193; HP:0001274; HP:0032464; HP:0009760; HP:0001838; HP:0002804; HP:0006872; HP:0002139; HP:0001511; HP:0002335; HP:0000369; HP:0000347; HP:0000148,Oligohydramnios; Bilateral renal agenesis; Microcephaly; Sloping forehead; Hypoplasia of the uterus; Wide nasal bridge; Anteverted nares; Cerebellar hypoplasia; Renal hypoplasia; Bifid uvula; Agenesis of corpus callosum; Ureteral hypoplasia; Antecubital pterygium; Rocker bottom foot; Arthrogryposis multiplex congenita; Cerebral hypoplasia; Arrhinencephaly; Intrauterine growth retardation; Agenesis of cerebellar vermis; Low-set ears; Micrognathia; Vaginal atresia,0.0,0.0,0.0,0.0,1.0,1.0,0.0,1.0,1.0,1.0,1.0,0.0,0.0,1.0,1.0,exact_omim,OMIM:616258
CILP_0183,Primary,Meckel–Gruber Syndrome,Meckel–Gruber Syndrome [OMIM phenotype 617562],MKS13,617562,TMEM107,1,Neurodevelopmental ciliopathy,AR,HP:0000007,Autosomal recessive inheritance,11.0,HP:0001321; HP:0001371; HP:0001263; HP:0002085; HP:0001251; HP:0000657; HP:0002419; HP:0000488; HP:0000113; HP:0001249; HP:0000347,Cerebellar hypoplasia; Flexion contracture; Global developmental delay; Occipital encephalocele; Ataxia; Oculomotor apraxia; Molar tooth sign on MRI; Retinopathy; Polycystic kidney dysplasia; Intellectual disability; Micrognathia,0.0,0.0,0.0,1.0,0.0,1.0,0.0,0.0,1.0,0.0,1.0,0.0,0.0,1.0,0.0,exact_omim,OMIM:617562
CILP_0184,Primary,Meckel–Gruber Syndrome,Meckel–Gruber Syndrome [OMIM phenotype No MIM Number],MKS,No MIM Number,CEP55; TCTN3; TMEM218; TXNDC15,4,Neurodevelopmental ciliopathy,AR,HP:0000007,Autosomal recessive inheritance,156.0,HP:0002023; HP:0100490; HP:0001252; HP:0001408; HP:0000319; HP:0000316; HP:0000238; HP:0002419; HP:0009466; HP:0002617; HP:0000835; HP:0006872; HP:0004639; HP:0025336; HP:0001643; HP:0000113; HP:0001600; HP:0000175; HP:0000252; HP:0001341; HP:0001583; HP:0001344; HP:0000695; HP:0002198; HP:0005343; HP:0000130; HP:0001263; HP:0003241; HP:0100259; HP:0002308; HP:0000800; HP:0000601; HP:0000568; HP:0009931; HP:0006267; HP:0001539; HP:0000204; HP:0000369; HP:0001671; HP:0002323; HP:0000340; HP:0002089; HP:0001195; HP:0000061; HP:0001274; HP:0002085; HP:0000180; HP:0001829; HP:0001746; HP:0000337; HP:0001305; HP:0000612; HP:0000219; HP:0002119; HP:0001747; HP:0030084; HP:0000537; HP:0001623; HP:0001744; HP:0000033; HP:0008936; HP:0001562; HP:0000154; HP:0001883; HP:0001321; HP:0031936; HP:0001162; HP:0001680; HP:0000470; HP:0000508; HP:0006563; HP:0006487; HP:0001511; HP:0001830; HP:0001159; HP:0000069; HP:0000465; HP:0000028; HP:0002566; HP:0000347; HP:0000104; HP:0003774; HP:0001650; HP:0001276; HP:0001396; HP:0001696; HP:0000023; HP:0002190; HP:0100611; HP:0001409; HP:0000239; HP:0000348; HP:0001737; HP:0000003; HP:0001631; HP:0002613; HP:0001433; HP:0001667; HP:0002084; HP:0010442; HP:0000107; HP:0000476; HP:0002435; HP:0001395; HP:0002240; HP:0002079; HP:0001629; HP:0002335; HP:0001762; HP:0006706; HP:0000085; HP:0011467; HP:0010477; HP:0033183; HP:0001407; HP:0000812; HP:0000062; HP:0003196; HP:0003270; HP:0000528; HP:0004719; HP:0025700; HP:0000774; HP:0001698; HP:0000457; HP:0000105; HP:0000286; HP:0001250; HP:0009487; HP:0000377; HP:0000054; HP:0000193; HP:0045025; HP:0012385; HP:0002007; HP:0000960; HP:0000047; HP:0009826; HP:0000932; HP:0034217; HP:0010958; HP:0000013; HP:0000431; HP:0000463; HP:0000089; HP:0032464; HP:0009760; HP:0001838; HP:0002804; HP:0002139; HP:0000148; HP:0001371; HP:0001251; HP:0000657; HP:0000488; HP:0001249,"Anal atresia; Camptodactyly of finger; Hypotonia; Bile duct proliferation; Smooth philtrum; Hypertelorism; Hydrocephalus; Molar tooth sign on MRI; Radial deviation of finger; Vascular dilatation; Adrenal hypoplasia; Cerebral hypoplasia; Elevated amniotic fluid alpha-fetoprotein; Delayed ability to sit; Patent ductus arteriosus; Polycystic kidney dysplasia; Abnormality of the larynx; Cleft palate; Microcephaly; Olfactory lobe agenesis; Rotary nystagmus; Absent speech; Natal tooth; Dilated fourth ventricle; Hypoplasia of the bladder; Abnormality of the uterus; Global developmental delay; External genital hypoplasia; Postaxial polydactyly; Chiari malformation; Cystic renal dysplasia; Hypotelorism; Microphthalmia; Enlarged naris; Large placenta; Omphalocele; Cleft upper lip; Low-set ears; Abnormal cardiac septum morphology; Anencephaly; Sloping forehead; Pulmonary hypoplasia; Single umbilical artery; Ambiguous genitalia, female; Agenesis of corpus callosum; Occipital encephalocele; Lobulated tongue; Foot polydactyly; Asplenia; Broad forehead; Dandy-Walker malformation; Iris coloboma; Thin upper lip vermilion; Ventriculomegaly; Accessory spleen; Clinodactyly; Epicanthus inversus; Breech presentation; Splenomegaly; Ambiguous genitalia, male; Axial hypotonia; Oligohydramnios; Wide mouth; Talipes; Cerebellar hypoplasia; Delayed ability to walk; Postaxial hand polydactyly; Coarctation of aorta; Short neck; Ptosis; Malformation of the hepatic ductal plate; Bowing of the long bones; Intrauterine growth retardation; Postaxial foot polydactyly; Syndactyly; Abnormality of the ureter; Webbed neck; Cryptorchidism; Intestinal malrotation; Micrognathia; Renal agenesis; Stage 5 chronic kidney disease; Aortic valve stenosis; Hypertonia; Cholestasis; Situs inversus totalis; Inguinal hernia; Choroid plexus cyst; Multiple glomerular cysts; Portal hypertension; Large fontanelles; High forehead; Pancreatic cysts; Multicystic kidney dysplasia; Atrial septal defect; Biliary cirrhosis; Hepatosplenomegaly; Right ventricular hypertrophy; Encephalocele; Polydactyly; Renal cyst; Cystic hygroma; Meningocele; Hepatic fibrosis; Hepatomegaly; Hypoplasia of the corpus callosum; Ventricular septal defect; Agenesis of cerebellar vermis; Talipes equinovarus; Cystic liver disease; Horseshoe kidney; Absent gallbladder; Aplasia of the bladder; Bilobed right lung; Hepatic cysts; Abnormal internal genitalia; Ambiguous genitalia; Short nose; Abdominal distention; Anophthalmia; Hyperechogenic kidneys; Anhydramnios; Narrow chest; Pericardial effusion; Depressed nasal ridge; Enlarged kidney; Epicanthus; Seizure; Ulnar deviation of the hand; Abnormal pinna morphology; Micropenis; Bifid uvula; Narrow palpebral fissure; Camptodactyly; Frontal bossing; Sacral dimple; Hypospadias; Limb undergrowth; Abnormal posterior cranial fossa morphology; Sonographic non-visualized fetal bladder; Bilateral renal agenesis; Hypoplasia of the uterus; Wide nasal bridge; Anteverted nares; Renal hypoplasia; Ureteral hypoplasia; Antecubital pterygium; Rocker bottom foot; Arthrogryposis multiplex congenita; Arrhinencephaly; Vaginal atresia; Flexion contracture; Ataxia; Oculomotor apraxia; Retinopathy; Intellectual disability",1.0,1.0,1.0,1.0,1.0,1.0,1.0,1.0,1.0,1.0,1.0,1.0,1.0,1.0,1.0,family_aggregate_from_exact_omim,OMIM:249000; OMIM:267010; OMIM:603194; OMIM:607361; OMIM:611134; OMIM:611561; OMIM:612284; OMIM:613885; OMIM:614175; OMIM:614209; OMIM:615397; OMIM:616258; OMIM:617562
CILP_0185,Secondary,Medulloblastoma,Medulloblastoma [OMIM phenotype 155255],MDB,155255,BRCA2; CTNNB1; ELP1; PTCH2; SUFU,5,Atypical / secondary ciliopathy,SOMATIC_MOSAICISM; INCOMPLETE_PENETRANCE; AR; AD,HP:0001442; HP:0003829; HP:0000007; HP:0000006,Typified by somatic mosaicism; Typified by incomplete penetrance; Autosomal recessive inheritance; Autosomal dominant inheritance,1.0,HP:0002885,Medulloblastoma,0.0,0.0,0.0,0.0,0.0,0.0,0.0,0.0,0.0,0.0,1.0,0.0,0.0,0.0,0.0,exact_omim,OMIM:155255
CILP_0186,Secondary,"Mental Retardation, Truncal Obesity, Retinal Dystrophy, and Micropenis","Mental Retardation, Truncal Obesity, Retinal Dystrophy, and Micropenis [OMIM phenotype 610156]",MORMS,610156,INPP5E,1,Retinal ciliopathy,AR,HP:0000007,Autosomal recessive inheritance,11.0,HP:0000054; HP:0002342; HP:0000750; HP:0000662; HP:0008915; HP:0001252; HP:0000518; HP:0007663; HP:0001956; HP:0001257; HP:0000556,Micropenis; Moderate intellectual disability; Delayed speech and language development; Nyctalopia; Childhood-onset truncal obesity; Hypotonia; Cataract; Reduced visual acuity; Truncal obesity; Spasticity; Retinal dystrophy,0.0,0.0,0.0,1.0,0.0,1.0,0.0,1.0,0.0,0.0,1.0,0.0,0.0,1.0,0.0,exact_omim,OMIM:610156
CILP_0187,Primary,Morbid Obesity and Spermatogenic Failure,Morbid Obesity and Spermatogenic Failure [OMIM phenotype 615703],MOSPGF,615703,CEP19,1,General / needs curation,AR,HP:0000007,Autosomal recessive inheritance,16.0,HP:0001397; HP:0003233; HP:0002155; HP:0003124; HP:0003141; HP:0005181; HP:0000822; HP:0001658; HP:0000789; HP:0000855; HP:0001635; HP:0005978; HP:0001513; HP:0000798; HP:0001249; HP:0000027,Hepatic steatosis; Decreased HDL cholesterol concentration; Hypertriglyceridemia; Hypercholesterolemia; Increased LDL cholesterol concentration; Premature coronary artery atherosclerosis; Hypertension; Myocardial infarction; Infertility; Insulin resistance; Congestive heart failure; Type II diabetes mellitus; Obesity; Oligozoospermia; Intellectual disability; Azoospermia,1.0,1.0,1.0,0.0,0.0,1.0,0.0,1.0,0.0,0.0,1.0,1.0,0.0,0.0,0.0,exact_omim,OMIM:615703
CILP_0188,Secondary,"Multinucleated Neurons, Anhydramnios, Renal Dysplasia, Cerebellar Hypoplasia, and Hydranencephaly","Multinucleated Neurons, Anhydramnios, Renal Dysplasia, Cerebellar Hypoplasia, and Hydranencephaly [OMIM phenotype 236500]",MARCH,236500,CEP55,1,Renal-hepatic ciliopathy,AR,HP:0000007,Autosomal recessive inheritance,28.0,HP:0002089; HP:0000089; HP:0002365; HP:0000463; HP:0001156; HP:0012725; HP:4000150; HP:0000418; HP:0000954; HP:0000414; HP:0005989; HP:0000476; HP:0000110; HP:0001562; HP:0001762; HP:0000452; HP:0001321; HP:0000470; HP:0045025; HP:0004691; HP:0012300; HP:0000308; HP:0000107; HP:0002804; HP:0002009; HP:0004209; HP:0000369; HP:0002324,Pulmonary hypoplasia; Renal hypoplasia; Hypoplasia of the brainstem; Anteverted nares; Brachydactyly; Cutaneous syndactyly; Multinucleated neuron; Narrow nasal ridge; Single transverse palmar crease; Bulbous nose; Redundant neck skin; Cystic hygroma; Renal dysplasia; Oligohydramnios; Talipes equinovarus; Choanal stenosis; Cerebellar hypoplasia; Short neck; Narrow palpebral fissure; 2-3 toe syndactyly; Ureteral agenesis; Microretrognathia; Renal cyst; Arthrogryposis multiplex congenita; Potter facies; Clinodactyly of the 5th finger; Low-set ears; Hydranencephaly,0.0,0.0,0.0,0.0,1.0,1.0,0.0,0.0,1.0,1.0,1.0,0.0,1.0,1.0,1.0,exact_omim,OMIM:236500
CILP_0189,Secondary,Neonatal Sclerosing Cholangitis,Neonatal Sclerosing Cholangitis [OMIM phenotype 617394],NSC,617394,DCDC2,1,General / needs curation,AR,HP:0000007,Autosomal recessive inheritance,20.0,HP:0001396; HP:0000076; HP:0000365; HP:0001256; HP:0001399; HP:0001541; HP:0030991; HP:0001394; HP:0002240; HP:0030948; HP:0012852; HP:0011985; HP:0034294; HP:0001409; HP:0006580; HP:0001408; HP:0000989; HP:0002613; HP:0000952; HP:0001744,Cholestasis; Vesicoureteral reflux; Hearing impairment; Mild intellectual disability; Hepatic failure; Ascites; Sclerosing cholangitis; Cirrhosis; Hepatomegaly; Elevated gamma-glutamyltransferase level; Hepatic bridging fibrosis; Acholic stools; Ductal bile plugs; Portal hypertension; Portal fibrosis; Bile duct proliferation; Pruritus; Biliary cirrhosis; Jaundice; Splenomegaly,1.0,1.0,0.0,0.0,1.0,1.0,1.0,0.0,0.0,0.0,1.0,1.0,0.0,0.0,1.0,exact_omim,OMIM:617394
CILP_0190,Primary,Nephronophthisis,Nephronophthisis [OMIM phenotype 256100],NPHP1,256100,NPHP1,1,Renal-hepatic ciliopathy,AR,HP:0000007,Autosomal recessive inheritance,12.0,HP:0003158; HP:0003774; HP:0005576; HP:0005583; HP:0000090; HP:0000092; HP:0001959; HP:0001903; HP:0000822; HP:0000108; HP:0000103; HP:0001510,Hyposthenuria; Stage 5 chronic kidney disease; Tubulointerstitial fibrosis; Tubular basement membrane disintegration; Nephronophthisis; Renal tubular atrophy; Polydipsia; Anemia; Hypertension; Renal corticomedullary cysts; Polyuria; Growth delay,0.0,1.0,0.0,0.0,0.0,1.0,0.0,1.0,0.0,0.0,1.0,1.0,0.0,0.0,0.0,exact_omim,OMIM:256100
CILP_0191,Primary,Nephronophthisis,Nephronophthisis [OMIM phenotype 602088],NPHP2,602088,INVS,1,Renal-hepatic ciliopathy,AR,HP:0000007,Autosomal recessive inheritance,17.0,HP:0004743; HP:0001562; HP:0003774; HP:0002089; HP:0001696; HP:0005564; HP:0002153; HP:0000090; HP:0010444; HP:0002093; HP:0004719; HP:0000822; HP:0002878; HP:0003259; HP:0000105; HP:0004734; HP:0005976,Chronic tubulointerstitial nephritis; Oligohydramnios; Stage 5 chronic kidney disease; Pulmonary hypoplasia; Situs inversus totalis; Absence of renal corticomedullary differentiation; Hyperkalemia; Nephronophthisis; Pulmonic regurgitation; Respiratory insufficiency; Hyperechogenic kidneys; Hypertension; Respiratory failure; Elevated circulating creatinine concentration; Enlarged kidney; Renal cortical microcysts; Hyperkalemic metabolic acidosis,0.0,1.0,0.0,0.0,0.0,1.0,0.0,0.0,0.0,0.0,0.0,1.0,1.0,0.0,0.0,exact_omim,OMIM:602088
CILP_0192,Primary,Nephronophthisis,Nephronophthisis [OMIM phenotype 604387],NPHP3,604387,NPHP3,1,Renal-hepatic ciliopathy,AR,HP:0000007,Autosomal recessive inheritance,14.0,HP:0003774; HP:0005576; HP:0000083; HP:0000790; HP:0001395; HP:0000090; HP:0000093; HP:0000092; HP:0001508; HP:0001959; HP:0000805; HP:0000108; HP:0000103; HP:0000105,Stage 5 chronic kidney disease; Tubulointerstitial fibrosis; Renal insufficiency; Hematuria; Hepatic fibrosis; Nephronophthisis; Proteinuria; Renal tubular atrophy; Failure to thrive; Polydipsia; Enuresis; Renal corticomedullary cysts; Polyuria; Enlarged kidney,1.0,0.0,0.0,0.0,0.0,1.0,0.0,1.0,0.0,0.0,1.0,1.0,0.0,0.0,0.0,exact_omim,OMIM:604387
CILP_0193,Primary,Nephronophthisis,Nephronophthisis [OMIM phenotype 606966],NPHP4,606966,NPHP4,1,Renal-hepatic ciliopathy,AR,HP:0000007,Autosomal recessive inheritance,9.0,HP:0003774; HP:0005576; HP:0001959; HP:0001903; HP:0000090; HP:0000108; HP:0000092; HP:0000103; HP:0001510,Stage 5 chronic kidney disease; Tubulointerstitial fibrosis; Polydipsia; Anemia; Nephronophthisis; Renal corticomedullary cysts; Renal tubular atrophy; Polyuria; Growth delay,0.0,0.0,0.0,0.0,0.0,1.0,0.0,1.0,0.0,0.0,1.0,0.0,0.0,0.0,0.0,exact_omim,OMIM:606966
CILP_0194,Primary,Nephronophthisis,Nephronophthisis [OMIM phenotype 611498],NPHP7,611498,GLIS2,1,Renal-hepatic ciliopathy,AR,HP:0000007,Autosomal recessive inheritance,3.0,HP:0003774; HP:0000090; HP:0000092,Stage 5 chronic kidney disease; Nephronophthisis; Renal tubular atrophy,0.0,0.0,0.0,0.0,0.0,1.0,0.0,0.0,0.0,0.0,0.0,0.0,0.0,0.0,0.0,exact_omim,OMIM:611498
CILP_0195,Primary,Nephronophthisis,Nephronophthisis [OMIM phenotype 613159],NPHPL1,613159,XPNPEP3,1,Renal-hepatic ciliopathy,AR,HP:0000007,Autosomal recessive inheritance,14.0,HP:0003774; HP:0001250; HP:0005583; HP:0000090; HP:0000092; HP:0006280; HP:0000407; HP:0100702; HP:0004719; HP:0000822; HP:0030186; HP:0001737; HP:0000108; HP:0001249,Stage 5 chronic kidney disease; Seizure; Tubular basement membrane disintegration; Nephronophthisis; Renal tubular atrophy; Chronic pancreatitis; Sensorineural hearing impairment; Arachnoid cyst; Hyperechogenic kidneys; Hypertension; Kinetic tremor; Pancreatic cysts; Renal corticomedullary cysts; Intellectual disability,1.0,1.0,0.0,0.0,1.0,1.0,1.0,0.0,0.0,0.0,1.0,0.0,0.0,0.0,0.0,exact_omim,OMIM:613159
CILP_0196,Primary,Nephronophthisis,Nephronophthisis [OMIM phenotype 613550],NPHP11,613550,TMEM67,1,Renal-hepatic ciliopathy,AR,HP:0000007,Autosomal recessive inheritance,15.0,HP:0003774; HP:0000486; HP:0009916; HP:0001395; HP:0001263; HP:0005583; HP:0000090; HP:0000092; HP:0001959; HP:0000639; HP:0001903; HP:0000546; HP:0000108; HP:0000103; HP:0001510,Stage 5 chronic kidney disease; Strabismus; Anisocoria; Hepatic fibrosis; Global developmental delay; Tubular basement membrane disintegration; Nephronophthisis; Renal tubular atrophy; Polydipsia; Nystagmus; Anemia; Retinal degeneration; Renal corticomedullary cysts; Polyuria; Growth delay,1.0,0.0,0.0,1.0,0.0,1.0,0.0,1.0,0.0,0.0,1.0,0.0,0.0,0.0,0.0,exact_omim,OMIM:613550
CILP_0197,Primary,Nephronophthisis,Nephronophthisis [OMIM phenotype 613820],NPHP12,613820,TTC21B,1,Renal-hepatic ciliopathy,AR; AD,HP:0000007; HP:0000006,Autosomal recessive inheritance; Autosomal dominant inheritance,2.0,HP:0003774; HP:0000090,Stage 5 chronic kidney disease; Nephronophthisis,0.0,0.0,0.0,0.0,0.0,1.0,0.0,0.0,0.0,0.0,0.0,0.0,0.0,0.0,0.0,exact_omim,OMIM:613820
CILP_0198,Primary,Nephronophthisis,Nephronophthisis [OMIM phenotype 613824],NPHP9,613824,NEK8,1,Renal-hepatic ciliopathy,AR,HP:0000007,Autosomal recessive inheritance,8.0,HP:0003774; HP:0001959; HP:0001903; HP:0000090; HP:0000546; HP:0008897; HP:0000103; HP:0004734,Stage 5 chronic kidney disease; Polydipsia; Anemia; Nephronophthisis; Retinal degeneration; Postnatal growth retardation; Polyuria; Renal cortical microcysts,0.0,0.0,0.0,1.0,0.0,1.0,0.0,1.0,0.0,0.0,1.0,0.0,0.0,0.0,0.0,exact_omim,OMIM:613824
CILP_0199,Primary,Nephronophthisis,Nephronophthisis [OMIM phenotype 614377],NPHP13,614377,WDR19,1,Renal-hepatic ciliopathy,AR,HP:0000007,Autosomal recessive inheritance,14.0,HP:0003774; HP:0000089; HP:0032948; HP:0000096; HP:0000090; HP:0033149; HP:0000093; HP:0033601; HP:0033867; HP:0012595; HP:0001407; HP:0001737; HP:0004737; HP:0001510,Stage 5 chronic kidney disease; Renal hypoplasia; Renal interstitial fibrosis; Glomerular sclerosis; Nephronophthisis; Intrahepatic bile duct dilatation; Proteinuria; Glomerular subepithelial immune-complex deposits; Multilamellation of medullary peritubular capillary basement membranes; Mild proteinuria; Hepatic cysts; Pancreatic cysts; Global glomerulosclerosis; Growth delay,1.0,0.0,0.0,0.0,0.0,1.0,0.0,1.0,0.0,0.0,0.0,1.0,0.0,0.0,0.0,exact_omim,OMIM:614377
CILP_0200,Primary,Nephronophthisis,Nephronophthisis [OMIM phenotype 614844],NPHP14,614844,ZNF423,1,Renal-hepatic ciliopathy,AR; AD,HP:0000007; HP:0000006,Autosomal recessive inheritance; Autosomal dominant inheritance,5.0,HP:0001320; HP:0001696; HP:0000090; HP:0000546; HP:0000113,Cerebellar vermis hypoplasia; Situs inversus totalis; Nephronophthisis; Retinal degeneration; Polycystic kidney dysplasia,0.0,1.0,0.0,1.0,0.0,1.0,0.0,0.0,0.0,0.0,1.0,0.0,0.0,0.0,0.0,exact_omim,OMIM:614844
CILP_0201,Primary,Nephronophthisis,Nephronophthisis [OMIM phenotype 614845],NPHP15,614845,CEP164,1,Renal-hepatic ciliopathy,AR,HP:0000007,Autosomal recessive inheritance,10.0,HP:0001320; HP:0000639; HP:0001250; HP:0001263; HP:0000618; HP:0000090; HP:0000546; HP:0010442; HP:0002910; HP:0001513,Cerebellar vermis hypoplasia; Nystagmus; Seizure; Global developmental delay; Blindness; Nephronophthisis; Retinal degeneration; Polydactyly; Elevated circulating hepatic transaminase concentration; Obesity,0.0,0.0,0.0,1.0,0.0,1.0,0.0,1.0,0.0,1.0,1.0,1.0,0.0,1.0,0.0,exact_omim,OMIM:614845
CILP_0202,Primary,Nephronophthisis,Nephronophthisis [OMIM phenotype 615382],NPHP16,615382,ANKS6,1,Renal-hepatic ciliopathy,AR,HP:0000007,Autosomal recessive inheritance,12.0,HP:0001650; HP:0003774; HP:0001396; HP:0001696; HP:0000083; HP:0000090; HP:0001639; HP:0001405; HP:0001643; HP:0000113; HP:0001642; HP:0000105,Aortic valve stenosis; Stage 5 chronic kidney disease; Cholestasis; Situs inversus totalis; Renal insufficiency; Nephronophthisis; Hypertrophic cardiomyopathy; Periportal fibrosis; Patent ductus arteriosus; Polycystic kidney dysplasia; Pulmonic stenosis; Enlarged kidney,1.0,1.0,0.0,0.0,0.0,1.0,0.0,0.0,0.0,0.0,0.0,0.0,0.0,0.0,0.0,exact_omim,OMIM:615382
CILP_0203,Primary,Nephronophthisis,Nephronophthisis [OMIM phenotype 615862],NPHP18,615862,CEP83,1,Renal-hepatic ciliopathy,AR,HP:0000007,Autosomal recessive inheritance,12.0,HP:0003774; HP:0001396; HP:0000486; HP:0001970; HP:0000090; HP:0000092; HP:0032118; HP:0006580; HP:0000822; HP:0000238; HP:0001249; HP:0004722,Stage 5 chronic kidney disease; Cholestasis; Strabismus; Tubulointerstitial nephritis; Nephronophthisis; Renal tubular atrophy; Retinitis; Portal fibrosis; Hypertension; Hydrocephalus; Intellectual disability; Thickened glomerular basement membrane,1.0,1.0,0.0,1.0,0.0,1.0,0.0,0.0,0.0,0.0,1.0,0.0,0.0,0.0,0.0,exact_omim,OMIM:615862
CILP_0204,Primary,Nephronophthisis,Nephronophthisis [OMIM phenotype 616217],NPHP19,616217,DCDC2,1,Renal-hepatic ciliopathy,AR,HP:0000007,Autosomal recessive inheritance,10.0,HP:0003774; HP:0001396; HP:0032948; HP:0001408; HP:0001395; HP:0002240; HP:0004719; HP:0000090; HP:0006563; HP:0001744,Stage 5 chronic kidney disease; Cholestasis; Renal interstitial fibrosis; Bile duct proliferation; Hepatic fibrosis; Hepatomegaly; Hyperechogenic kidneys; Nephronophthisis; Malformation of the hepatic ductal plate; Splenomegaly,1.0,1.0,0.0,0.0,0.0,1.0,1.0,0.0,0.0,0.0,0.0,0.0,0.0,0.0,0.0,exact_omim,OMIM:616217
CILP_0205,Primary,Nephronophthisis,Nephronophthisis [OMIM phenotype 617271],NPHP20,617271,MAPKBP1,1,Renal-hepatic ciliopathy,AR,HP:0000007,Autosomal recessive inheritance,6.0,HP:0003774; HP:0000076; HP:0002650; HP:0000083; HP:0000107; HP:0000090,Stage 5 chronic kidney disease; Vesicoureteral reflux; Scoliosis; Renal insufficiency; Renal cyst; Nephronophthisis,0.0,0.0,0.0,0.0,0.0,1.0,0.0,0.0,0.0,0.0,0.0,0.0,0.0,1.0,0.0,exact_omim,OMIM:617271
CILP_0206,Primary,Nephronophthisis,Nephronophthisis [OMIM phenotype No MIM Number],NPHP,No MIM Number,ADAMTS9; CC2D2A; CEP290; SDCCAG8,4,Renal-hepatic ciliopathy,Autosomal recessive,,,3.0,HP:0000083; HP:0001903; HP:0007703,Renal insufficiency; Anemia; Abnormal retinal pigmentation,0.0,0.0,0.0,1.0,0.0,1.0,0.0,0.0,0.0,0.0,0.0,0.0,0.0,0.0,0.0,exact_name_db,ORPHA:655
CILP_0207,Primary,Orofaciodigital Syndrome,Orofaciodigital Syndrome [OMIM phenotype 174300],OFD5,174300,DDX59,1,Multisystem ciliopathy,AR,HP:0000007,Autosomal recessive inheritance,46.0,HP:0000365; HP:0001212; HP:0000161; HP:0001274; HP:0000085; HP:0012725; HP:0000180; HP:0012741; HP:0001629; HP:0010297; HP:0010296; HP:0000316; HP:0020045; HP:0000219; HP:0000218; HP:0007687; HP:0004736; HP:0001249; HP:0000175; HP:0000494; HP:0000252; HP:0002650; HP:0000574; HP:0011968; HP:0002197; HP:0001162; HP:0000193; HP:0001263; HP:0002251; HP:0025190; HP:0011802; HP:0100025; HP:0100259; HP:0000668; HP:0001636; HP:0000689; HP:0004209; HP:0007236; HP:0002007; HP:0001830; HP:0002205; HP:0001852; HP:0000369; HP:0000303; HP:0000324; HP:0000588,Hearing impairment; Prominent fingertip pads; Median cleft upper lip; Agenesis of corpus callosum; Horseshoe kidney; Cutaneous syndactyly; Lobulated tongue; Unilateral cryptorchidism; Ventricular septal defect; Bifid tongue; Ankyloglossia; Hypertelorism; Esodeviation; Thin upper lip vermilion; High palate; Unilateral ptosis; Crossed fused renal ectopia; Intellectual disability; Cleft palate; Downslanted palpebral fissures; Microcephaly; Scoliosis; Thick eyebrow; Feeding difficulties; Generalized-onset seizure; Postaxial hand polydactyly; Bifid uvula; Global developmental delay; Aganglionic megacolon; Bilateral tonic-clonic seizure with generalized onset; Hamartoma of tongue; Overfriendliness; Postaxial polydactyly; Hypodontia; Tetralogy of Fallot; Dental malocclusion; Clinodactyly of the 5th finger; Recurrent subcortical infarcts; Frontal bossing; Postaxial foot polydactyly; Recurrent respiratory infections; Sandal gap; Low-set ears; Mandibular prognathia; Facial asymmetry; Optic disc coloboma,1.0,1.0,0.0,1.0,1.0,1.0,1.0,0.0,1.0,1.0,1.0,0.0,1.0,1.0,1.0,exact_omim,OMIM:174300
CILP_0208,Primary,Orofaciodigital Syndrome,Orofaciodigital Syndrome [OMIM phenotype 258860],OFD4,258860,TCTN3,1,Multisystem ciliopathy,AR,HP:0000007,Autosomal recessive inheritance,22.0,HP:0000286; HP:0000175; HP:0001770; HP:0002059; HP:0000199; HP:0004322; HP:0001156; HP:0002132; HP:0001161; HP:0000180; HP:0000191; HP:0011802; HP:0100259; HP:0009381; HP:0001829; HP:0000316; HP:0000767; HP:0000218; HP:0030084; HP:0005736; HP:0000347; HP:0000369,Epicanthus; Cleft palate; Toe syndactyly; Cerebral atrophy; Tongue nodules; Short stature; Brachydactyly; Porencephalic cyst; Hand polydactyly; Lobulated tongue; Accessory oral frenulum; Hamartoma of tongue; Postaxial polydactyly; Short finger; Foot polydactyly; Hypertelorism; Pectus excavatum; High palate; Clinodactyly; Short tibia; Micrognathia; Low-set ears,1.0,0.0,0.0,1.0,1.0,0.0,0.0,1.0,1.0,1.0,1.0,0.0,0.0,1.0,0.0,exact_omim,OMIM:258860
CILP_0209,Primary,Orofaciodigital Syndrome,Orofaciodigital Syndrome [OMIM phenotype 277170],OFD6,277170,CPLANE1,1,Multisystem ciliopathy,AR,HP:0000007,Autosomal recessive inheritance,52.0,HP:0002982; HP:0001177; HP:0000286; HP:0001770; HP:0004322; HP:0001252; HP:0001290; HP:0000639; HP:0011340; HP:0000316; HP:0009466; HP:0002419; HP:0000878; HP:0001841; HP:0006159; HP:0002139; HP:0000358; HP:0001249; HP:0000175; HP:0002990; HP:0001263; HP:0011802; HP:0100259; HP:0006145; HP:0000405; HP:0000565; HP:0000369; HP:0000204; HP:0002444; HP:0001156; HP:0003097; HP:0001274; HP:0004383; HP:0000180; HP:0002280; HP:0001508; HP:0100702; HP:0000218; HP:0030084; HP:0002436; HP:0000455; HP:0000110; HP:0001320; HP:0000199; HP:0001162; HP:0002132; HP:0001680; HP:0032388; HP:0000191; HP:0002126; HP:0000347; HP:0000104,Tibial bowing; Preaxial hand polydactyly; Epicanthus; Toe syndactyly; Short stature; Hypotonia; Generalized hypotonia; Nystagmus; Incomplete cleft of the upper lip; Hypertelorism; Radial deviation of finger; Molar tooth sign on MRI; 11 pairs of ribs; Preaxial foot polydactyly; Mesoaxial hand polydactyly; Arrhinencephaly; Posteriorly rotated ears; Intellectual disability; Cleft palate; Fibular aplasia; Global developmental delay; Hamartoma of tongue; Postaxial polydactyly; Central Y-shaped metacarpal; Conductive hearing impairment; Esotropia; Low-set ears; Cleft upper lip; Hypothalamic hamartoma; Brachydactyly; Short femur; Agenesis of corpus callosum; Hypoplastic left ventricle; Lobulated tongue; Enlarged cisterna magna; Failure to thrive; Arachnoid cyst; High palate; Clinodactyly; Occipital meningocele; Broad nasal tip; Renal dysplasia; Cerebellar vermis hypoplasia; Tongue nodules; Postaxial hand polydactyly; Porencephalic cyst; Coarctation of aorta; Periventricular nodular heterotopia; Accessory oral frenulum; Polymicrogyria; Micrognathia; Renal agenesis,1.0,1.0,0.0,1.0,1.0,1.0,0.0,1.0,1.0,1.0,1.0,0.0,0.0,1.0,0.0,exact_omim,OMIM:277170
CILP_0210,Primary,Orofaciodigital Syndrome,Orofaciodigital Syndrome [OMIM phenotype 311200],OFD1,311200,OFD1,1,Multisystem ciliopathy,XLD,HP:0001423,X-linked dominant inheritance,59.0,HP:0000286; HP:0001056; HP:0000365; HP:0004322; HP:0000161; HP:0001250; HP:0010442; HP:0010297; HP:0010296; HP:0000316; HP:0000238; HP:0009466; HP:0002617; HP:0001407; HP:0001885; HP:0002536; HP:0000113; HP:0001249; HP:0000175; HP:0000494; HP:0000252; HP:0002475; HP:0002350; HP:0000093; HP:0011802; HP:0001737; HP:0000369; HP:0000204; HP:0006349; HP:0000324; HP:0002444; HP:0001596; HP:0001156; HP:0001274; HP:0001395; HP:0002282; HP:0000180; HP:0008070; HP:0011359; HP:0009085; HP:0100702; HP:0006297; HP:0001627; HP:0030084; HP:0000218; HP:0000138; HP:0000670; HP:0002059; HP:0000431; HP:0000199; HP:0000430; HP:0002132; HP:0011069; HP:0000308; HP:0000506; HP:0000822; HP:0002007; HP:0001159; HP:0000268,Epicanthus; Milia; Hearing impairment; Short stature; Median cleft upper lip; Seizure; Polydactyly; Bifid tongue; Ankyloglossia; Hypertelorism; Hydrocephalus; Radial deviation of finger; Vascular dilatation; Hepatic cysts; Short 2nd toe; Abnormal cortical gyration; Polycystic kidney dysplasia; Intellectual disability; Cleft palate; Downslanted palpebral fissures; Microcephaly; Myelomeningocele; Cerebellar cyst; Proteinuria; Hamartoma of tongue; Pancreatic cysts; Low-set ears; Cleft upper lip; Agenesis of permanent teeth; Facial asymmetry; Hypothalamic hamartoma; Alopecia; Brachydactyly; Agenesis of corpus callosum; Hepatic fibrosis; Gray matter heterotopia; Lobulated tongue; Sparse hair; Dry hair; Alveolar ridge overgrowth; Arachnoid cyst; Enamel hypoplasia; Abnormal heart morphology; Clinodactyly; High palate; Ovarian cyst; Carious teeth; Cerebral atrophy; Wide nasal bridge; Tongue nodules; Underdeveloped nasal alae; Porencephalic cyst; Supernumerary tooth; Microretrognathia; Telecanthus; Hypertension; Frontal bossing; Syndactyly; Dolichocephaly,1.0,1.0,0.0,1.0,1.0,1.0,0.0,1.0,1.0,1.0,1.0,1.0,0.0,1.0,1.0,exact_omim,OMIM:311200
CILP_0211,Primary,Orofaciodigital Syndrome,Orofaciodigital Syndrome [OMIM phenotype 615948],OFD14,615948,C2CD3,1,Multisystem ciliopathy,AR,HP:0000007,Autosomal recessive inheritance,47.0,HP:0000243; HP:0000480; HP:0001290; HP:0410030; HP:0032118; HP:0010297; HP:0010055; HP:0007165; HP:0002419; HP:0003429; HP:0001643; HP:0000039; HP:0000358; HP:0000175; HP:0000252; HP:0000054; HP:0001344; HP:0000695; HP:0002079; HP:0001263; HP:0011802; HP:0012583; HP:0100258; HP:0001338; HP:0000369; HP:0000582; HP:0002085; HP:0000180; HP:0010864; HP:0001629; HP:0001305; HP:0008753; HP:0000773; HP:0001545; HP:0001320; HP:0001321; HP:0001360; HP:0001162; HP:0011069; HP:0000308; HP:0000506; HP:0001631; HP:0000028; HP:0000347; HP:0002126; HP:0000588; HP:0009879,Trigonocephaly; Retinal coloboma; Generalized hypotonia; Cleft lip; Retinitis; Bifid tongue; Broad hallux; Periventricular heterotopia; Molar tooth sign on MRI; CNS hypomyelination; Patent ductus arteriosus; Epispadias; Posteriorly rotated ears; Cleft palate; Microcephaly; Micropenis; Absent speech; Natal tooth; Hypoplasia of the corpus callosum; Global developmental delay; Hamartoma of tongue; Unilateral renal hypoplasia; Preaxial polydactyly; Partial agenesis of the corpus callosum; Low-set ears; Upslanted palpebral fissure; Occipital encephalocele; Lobulated tongue; Severe intellectual disability; Ventricular septal defect; Dandy-Walker malformation; Aplasia of the epiglottis; Short ribs; Anteriorly placed anus; Cerebellar vermis hypoplasia; Cerebellar hypoplasia; Holoprosencephaly; Postaxial hand polydactyly; Supernumerary tooth; Microretrognathia; Telecanthus; Atrial septal defect; Cryptorchidism; Micrognathia; Polymicrogyria; Optic disc coloboma; Simplified gyral pattern,1.0,1.0,0.0,1.0,1.0,1.0,0.0,0.0,1.0,1.0,1.0,0.0,1.0,1.0,0.0,exact_omim,OMIM:615948
CILP_0212,Primary,Orofaciodigital Syndrome,Orofaciodigital Syndrome [OMIM phenotype 617127],OFD15,617127,KIAA0753,1,Multisystem ciliopathy,AR,HP:0000007,Autosomal recessive inheritance,15.0,HP:0001320; HP:0000431; HP:0000463; HP:0001162; HP:0001274; HP:0000180; HP:0012368; HP:0009084; HP:0010055; HP:0010066; HP:0000316; HP:0002419; HP:0002119; HP:0000369; HP:0000126,Cerebellar vermis hypoplasia; Wide nasal bridge; Anteverted nares; Postaxial hand polydactyly; Agenesis of corpus callosum; Lobulated tongue; Flat face; Midline notch of upper alveolar ridge; Broad hallux; Duplication of phalanx of hallux; Hypertelorism; Molar tooth sign on MRI; Ventriculomegaly; Low-set ears; Hydronephrosis,0.0,0.0,0.0,1.0,1.0,1.0,0.0,0.0,1.0,1.0,1.0,0.0,0.0,1.0,0.0,exact_omim,OMIM:617127
CILP_0213,Primary,Orofaciodigital Syndrome,Orofaciodigital Syndrome [OMIM phenotype 617563],OFD16,617563,TMEM107,1,Multisystem ciliopathy,AR,HP:0000007,Autosomal recessive inheritance,21.0,HP:0002540; HP:0000023; HP:0001162; HP:0001252; HP:0001263; HP:0001251; HP:0012745; HP:0002282; HP:0001270; HP:0011802; HP:0005280; HP:0010864; HP:0000508; HP:0000657; HP:0002419; HP:0002119; HP:0000488; HP:0001830; HP:0000278; HP:0000369; HP:0002104,Inability to walk; Inguinal hernia; Postaxial hand polydactyly; Hypotonia; Global developmental delay; Ataxia; Short palpebral fissure; Gray matter heterotopia; Motor delay; Hamartoma of tongue; Depressed nasal bridge; Severe intellectual disability; Ptosis; Oculomotor apraxia; Molar tooth sign on MRI; Ventriculomegaly; Retinopathy; Postaxial foot polydactyly; Retrognathia; Low-set ears; Apnea,1.0,0.0,0.0,1.0,1.0,0.0,0.0,0.0,1.0,1.0,1.0,0.0,1.0,1.0,0.0,exact_omim,OMIM:617563
CILP_0214,Primary,Orofaciodigital Syndrome,Orofaciodigital Syndrome [OMIM phenotype 617926],OFD17,617926,INTU,1,Multisystem ciliopathy,AR,HP:0000007,Autosomal recessive inheritance,23.0,HP:0004325; HP:0000054; HP:0000365; HP:0000750; HP:0000089; HP:0004322; HP:0000161; HP:0005487; HP:0000470; HP:0003186; HP:0010442; HP:0100759; HP:0009577; HP:0000448; HP:0001636; HP:0006145; HP:0002705; HP:0002119; HP:0003429; HP:0030084; HP:0009944; HP:0000278; HP:0000369,"Decreased body weight; Micropenis; Hearing impairment; Delayed speech and language development; Renal hypoplasia; Short stature; Median cleft upper lip; Prominent metopic ridge; Short neck; Inverted nipples; Polydactyly; Clubbing of fingers; Short middle phalanx of the 2nd finger; Prominent nose; Tetralogy of Fallot; Central Y-shaped metacarpal; High, narrow palate; Ventriculomegaly; CNS hypomyelination; Clinodactyly; Partial duplication of thumb phalanx; Retrognathia; Low-set ears",0.0,1.0,0.0,0.0,1.0,1.0,0.0,1.0,1.0,1.0,1.0,0.0,0.0,1.0,0.0,exact_omim,OMIM:617926
CILP_0215,Primary,Orofaciodigital Syndrome,Orofaciodigital Syndrome [OMIM phenotype 617927],OFD18,617927,IFT57,1,Multisystem ciliopathy,AR,HP:0000007,Autosomal recessive inheritance,21.0,HP:0000891; HP:0000582; HP:0000321; HP:0000431; HP:0001156; HP:0004322; HP:0002750; HP:0000020; HP:0000350; HP:0410030; HP:0000191; HP:0100259; HP:0100258; HP:0009882; HP:0005819; HP:0000426; HP:0000954; HP:0002857; HP:0001852; HP:0000322; HP:0000699,Cervical ribs; Upslanted palpebral fissure; Square face; Wide nasal bridge; Brachydactyly; Short stature; Delayed skeletal maturation; Urinary incontinence; Small forehead; Cleft lip; Accessory oral frenulum; Postaxial polydactyly; Preaxial polydactyly; Short distal phalanx of finger; Short middle phalanx of finger; Prominent nasal bridge; Single transverse palmar crease; Genu valgum; Sandal gap; Short philtrum; Diastema,0.0,0.0,0.0,0.0,0.0,1.0,0.0,1.0,1.0,1.0,0.0,0.0,0.0,1.0,1.0,exact_omim,OMIM:617927
CILP_0216,Secondary,Pallister-Hall Syndrome,Pallister-Hall Syndrome [OMIM phenotype 146510],PHS,146510,GLI3,1,General / needs curation,AD,HP:0000006,Autosomal dominant inheritance,68.0,HP:0001177; HP:0001770; HP:0002023; HP:0004322; HP:0000089; HP:0002101; HP:0001250; HP:0003196; HP:0000086; HP:0010564; HP:0010567; HP:0002937; HP:0000835; HP:0001841; HP:0001643; HP:0006159; HP:0008734; HP:0007601; HP:0000358; HP:0001249; HP:0006118; HP:0003048; HP:0000054; HP:0000175; HP:0000695; HP:0000453; HP:0000171; HP:0001263; HP:0010112; HP:0100259; HP:0008163; HP:0100258; HP:0010044; HP:0002827; HP:0000568; HP:0000204; HP:0000126; HP:0002444; HP:0008706; HP:0000463; HP:0002164; HP:0005151; HP:0001629; HP:0008551; HP:0008751; HP:0000413; HP:0005349; HP:0001545; HP:0000110; HP:0003027; HP:0000871; HP:0001162; HP:0001360; HP:0000072; HP:0005280; HP:0012165; HP:0000826; HP:0006042; HP:0000902; HP:0008188; HP:0000107; HP:0000824; HP:0001159; HP:0001830; HP:0001511; HP:0001510; HP:0006402; HP:0000028,Preaxial hand polydactyly; Toe syndactyly; Anal atresia; Short stature; Renal hypoplasia; Abnormal lung lobation; Seizure; Short nose; Ectopic kidney; Bifid epiglottis; Y-shaped metatarsals; Hemivertebrae; Adrenal hypoplasia; Preaxial foot polydactyly; Patent ductus arteriosus; Mesoaxial hand polydactyly; Decreased testicular size; Midline facial capillary hemangioma; Posteriorly rotated ears; Intellectual disability; Shortening of all distal phalanges of the fingers; Radial head subluxation; Micropenis; Cleft palate; Natal tooth; Choanal atresia; Microglossia; Global developmental delay; Mesoaxial foot polydactyly; Postaxial polydactyly; Decreased circulating cortisol level; Preaxial polydactyly; Short 4th metacarpal; Hip dislocation; Microphthalmia; Cleft upper lip; Hydronephrosis; Hypothalamic hamartoma; Distal urethral duplication; Anteverted nares; Nail dysplasia; Preductal coarctation of the aorta; Ventricular septal defect; Microtia; Laryngeal cleft; Atresia of the external auditory canal; Hypoplasia of the epiglottis; Anteriorly placed anus; Renal dysplasia; Mesomelia; Panhypopituitarism; Postaxial hand polydactyly; Holoprosencephaly; Hydroureter; Depressed nasal bridge; Oligodactyly; Precocious puberty; Y-shaped metacarpals; Rib fusion; Thyroid dysgenesis; Renal cyst; Decreased response to growth hormone stimulation test; Syndactyly; Postaxial foot polydactyly; Intrauterine growth retardation; Growth delay; Distal shortening of limbs; Cryptorchidism,1.0,1.0,1.0,1.0,1.0,1.0,0.0,1.0,1.0,1.0,1.0,0.0,1.0,1.0,1.0,exact_omim,OMIM:146510
CILP_0217,Primary,Polycystic Kidney Disease,Polycystic Kidney Disease [OMIM phenotype No MIM Number],PKD,No MIM Number,GLI1; GNAS; PI4KB; PMM2; STAT3; TTC30A,6,Renal-hepatic ciliopathy,INCOMPLETE_PENETRANCE; AD; AR,HP:0003829; HP:0000006; HP:0000007,Typified by incomplete penetrance; Autosomal dominant inheritance; Autosomal recessive inheritance,107.0,HP:0003774; HP:0000010; HP:0001696; HP:0001651; HP:0003155; HP:0000083; HP:0005562; HP:0002240; HP:0011800; HP:0030948; HP:0006254; HP:0000822; HP:0001407; HP:0002900; HP:0000113; HP:0003259; HP:0000952; HP:0000324; HP:0012213; HP:0001997; HP:0001410; HP:0004944; HP:0009717; HP:0006772; HP:0000023; HP:0000074; HP:0012624; HP:0012625; HP:0000093; HP:0012626; HP:0033261; HP:0000003; HP:0000787; HP:0001634; HP:0002089; HP:0005576; HP:0001395; HP:0002040; HP:0001409; HP:0004719; HP:0001944; HP:0001405; HP:0001744; HP:0008659; HP:0001562; HP:0005564; HP:0000107; HP:0001737; HP:0002009; HP:0000105; HP:0002248; HP:0004322; HP:0000097; HP:0000090; HP:0001959; HP:0001712; HP:0000103; HP:0012585; HP:0032948; HP:0005565; HP:0001433; HP:0001396; HP:0001510; HP:0001971; HP:0002612; HP:0002630; HP:0002878; HP:0002902; HP:0004905; HP:0006560; HP:0011040; HP:0011892; HP:0011968; HP:0012202; HP:0100512; HP:0100513; HP:0001541; HP:0001873; HP:0001919; HP:0002239; HP:0002243; HP:0002791; HP:0002884; HP:0006532; HP:0030151; HP:0100520; HP:0000347; HP:0000369; HP:0000457; HP:0002108; HP:0030153; HP:0040064; HP:0100543; HP:0000790; HP:0012591; HP:0012592; HP:0012622; HP:0030157; HP:0000791; HP:0002616; HP:0006557; HP:0008672; HP:0011004; HP:0012207; HP:0012330; HP:0100702; HP:0011760,Stage 5 chronic kidney disease; Recurrent urinary tract infections; Situs inversus totalis; Dextrocardia; Elevated circulating alkaline phosphatase concentration; Renal insufficiency; Multiple renal cysts; Hepatomegaly; Midface retrusion; Elevated gamma-glutamyltransferase level; Elevated circulating alpha-fetoprotein concentration; Hypertension; Hepatic cysts; Hypokalemia; Polycystic kidney dysplasia; Elevated circulating creatinine concentration; Jaundice; Facial asymmetry; Decreased glomerular filtration rate; Gout; Decreased liver function; Dilatation of the cerebral artery; Cortical tubers; Renal angiomyolipoma; Inguinal hernia; Ureteropelvic junction obstruction; Stage 2 chronic kidney disease; Stage 3 chronic kidney disease; Proteinuria; Stage 4 chronic kidney disease; Renal artery aneurysm; Multicystic kidney dysplasia; Nephrolithiasis; Mitral valve prolapse; Pulmonary hypoplasia; Tubulointerstitial fibrosis; Hepatic fibrosis; Esophageal varix; Portal hypertension; Hyperechogenic kidneys; Dehydration; Periportal fibrosis; Splenomegaly; Multiple small medullary renal cysts; Oligohydramnios; Absence of renal corticomedullary differentiation; Renal cyst; Pancreatic cysts; Potter facies; Enlarged kidney; Hematemesis; Short stature; Focal segmental glomerulosclerosis; Nephronophthisis; Polydipsia; Left ventricular hypertrophy; Polyuria; Renal atrophy; Renal interstitial fibrosis; Reduced renal corticomedullary differentiation; Hepatosplenomegaly; Cholestasis; Growth delay; Hypersplenism; Congenital hepatic fibrosis; Fat malabsorption; Respiratory failure; Hyponatremia; Reduced circulating vitamin A concentration; Biliary hyperplasia; Abnormal intrahepatic bile duct morphology; Decreased circulating vitamin K concentration; Feeding difficulties; Increased serum bile acid concentration; Decreased circulating vitamin D concentration; Decreased circulating vitamin E concentration; Ascites; Thrombocytopenia; Acute kidney injury; Gastrointestinal hemorrhage; Protein-losing enteropathy; Hypoventilation; Hepatoblastoma; Recurrent pneumonia; Cholangitis; Oliguria; Micrognathia; Low-set ears; Depressed nasal ridge; Spontaneous pneumothorax; Cholangiocarcinoma; Abnormality of limbs; Cognitive impairment; Hematuria; Abnormal urinary electrolyte concentration; Albuminuria; Chronic kidney disease; Flank pain; Uric acid nephrolithiasis; Aortic root aneurysm; Polycystic liver disease; Calcium oxalate nephrolithiasis; Abnormal systemic arterial morphology; Reduced sperm motility; Pyelonephritis; Arachnoid cyst; Pituitary growth hormone cell adenoma,1.0,1.0,1.0,0.0,1.0,1.0,1.0,1.0,1.0,1.0,1.0,1.0,1.0,1.0,1.0,keyword_family_match,OMIM:263200; OMIM:600273; OMIM:600666; OMIM:613095; OMIM:617610; OMIM:618061; OMIM:620056; OMIM:620903; OMIM:621164; ORPHA:730; ORPHA:731
CILP_0218,Motile,Primary Ciliary Dyskinesia,Primary Ciliary Dyskinesia [OMIM phenotype 244400],CILD1,244400,DNAI1,1,Motile cilia / laterality,AR,HP:0000007,Autosomal recessive inheritance,20.0,HP:0002257; HP:0001696; HP:0002110; HP:0003251; HP:0000481; HP:0100582; HP:0002090; HP:0011109; HP:0100750; HP:0012265; HP:0012256; HP:0012263; HP:0001746; HP:0002837; HP:0000458; HP:0000405; HP:0002315; HP:0000389; HP:0001334; HP:0002688,Chronic rhinitis; Situs inversus totalis; Bronchiectasis; Male infertility; Abnormal cornea morphology; Nasal polyposis; Pneumonia; Chronic sinusitis; Atelectasis; Ciliary dyskinesia; Absent outer dynein arms; Immotile cilia; Asplenia; Recurrent bronchitis; Anosmia; Conductive hearing impairment; Headache; Chronic otitis media; Communicating hydrocephalus; Absent frontal sinuses,1.0,1.0,0.0,1.0,1.0,1.0,1.0,0.0,1.0,0.0,1.0,0.0,1.0,1.0,0.0,exact_omim,OMIM:244400
CILP_0219,Motile,Primary Ciliary Dyskinesia,Primary Ciliary Dyskinesia [OMIM phenotype 300991],CILD36,300991,DNAAF6,1,Motile cilia / laterality,XLR,HP:0001419,X-linked recessive inheritance,10.0,HP:0001696; HP:0002110; HP:0003251; HP:0033036; HP:0012735; HP:0002205; HP:0000389; HP:0001742; HP:0011108; HP:0002643,Situs inversus totalis; Bronchiectasis; Male infertility; Decreased nasal nitric oxide; Cough; Recurrent respiratory infections; Chronic otitis media; Nasal congestion; Recurrent sinusitis; Neonatal respiratory distress,0.0,1.0,0.0,0.0,1.0,1.0,1.0,0.0,1.0,0.0,0.0,0.0,1.0,1.0,0.0,exact_omim,OMIM:300991
CILP_0220,Motile,Primary Ciliary Dyskinesia,Primary Ciliary Dyskinesia [OMIM phenotype 606763],CILD2,606763,DNAAF3,1,Motile cilia / laterality,AR,HP:0000007,Autosomal recessive inheritance,13.0,HP:0001696; HP:0000365; HP:0001651; HP:0002098; HP:0002110; HP:0100582; HP:0012259; HP:0012265; HP:0012263; HP:0000789; HP:0000246; HP:0002205; HP:0000388,Situs inversus totalis; Hearing impairment; Dextrocardia; Respiratory distress; Bronchiectasis; Nasal polyposis; Absent inner and outer dynein arms; Ciliary dyskinesia; Immotile cilia; Infertility; Sinusitis; Recurrent respiratory infections; Otitis media,0.0,1.0,0.0,0.0,1.0,1.0,1.0,0.0,1.0,0.0,0.0,0.0,1.0,1.0,0.0,exact_omim,OMIM:606763
CILP_0221,Motile,Primary Ciliary Dyskinesia,Primary Ciliary Dyskinesia [OMIM phenotype 608644],CILD3,608644,DNAH5,1,Motile cilia / laterality,AR,HP:0000007,Autosomal recessive inheritance,8.0,HP:0012265; HP:0001696; HP:0002110; HP:0033036; HP:0000403; HP:0002205; HP:0011108; HP:0002643,Ciliary dyskinesia; Situs inversus totalis; Bronchiectasis; Decreased nasal nitric oxide; Recurrent otitis media; Recurrent respiratory infections; Recurrent sinusitis; Neonatal respiratory distress,0.0,1.0,0.0,0.0,1.0,0.0,1.0,0.0,1.0,0.0,0.0,0.0,1.0,1.0,0.0,exact_omim,OMIM:608644
CILP_0222,Motile,Primary Ciliary Dyskinesia,Primary Ciliary Dyskinesia [OMIM phenotype 608647],CILD5,608647,HYDIN,1,Motile cilia / laterality,AR,HP:0000007,Autosomal recessive inheritance,15.0,HP:0002257; HP:0001696; HP:0002110; HP:0100582; HP:0033542; HP:0012207; HP:0011108; HP:0200073; HP:0012265; HP:0000403; HP:0002878; HP:0006532; HP:0002205; HP:0002643; HP:0004469,Chronic rhinitis; Situs inversus totalis; Bronchiectasis; Nasal polyposis; Bronchial wall thickening; Reduced sperm motility; Recurrent sinusitis; Respiratory insufficiency due to defective ciliary clearance; Ciliary dyskinesia; Recurrent otitis media; Respiratory failure; Recurrent pneumonia; Recurrent respiratory infections; Neonatal respiratory distress; Chronic bronchitis,0.0,1.0,0.0,0.0,1.0,1.0,1.0,0.0,1.0,0.0,0.0,0.0,1.0,1.0,0.0,exact_omim,OMIM:608647
CILP_0223,Motile,Primary Ciliary Dyskinesia,Primary Ciliary Dyskinesia [OMIM phenotype 610852],CILD6,610852,NME8,1,Motile cilia / laterality,AR,HP:0000007,Autosomal recessive inheritance,7.0,HP:0012265; HP:0200109; HP:0012262; HP:0005938; HP:0000246; HP:0002205; HP:0011108,Ciliary dyskinesia; Absent/shortened outer dynein arms; Abnormal ciliary motility; Abnormal respiratory motile cilium morphology; Sinusitis; Recurrent respiratory infections; Recurrent sinusitis,0.0,0.0,0.0,0.0,0.0,0.0,1.0,0.0,1.0,0.0,0.0,0.0,1.0,1.0,0.0,exact_omim,OMIM:610852
CILP_0224,Motile,Primary Ciliary Dyskinesia,Primary Ciliary Dyskinesia [OMIM phenotype 611884],CILD7,611884,DNAH11,1,Motile cilia / laterality,AR,HP:0000007,Autosomal recessive inheritance,13.0,HP:0002257; HP:0001696; HP:0001651; HP:0002110; HP:0033036; HP:0012735; HP:0012258; HP:0002091; HP:0030877; HP:0012265; HP:0012262; HP:0000403; HP:0006532,Chronic rhinitis; Situs inversus totalis; Dextrocardia; Bronchiectasis; Decreased nasal nitric oxide; Cough; Abnormal axonemal organization of respiratory motile cilia; Restrictive ventilatory defect; Reduced FEV1/FVC ratio; Ciliary dyskinesia; Abnormal ciliary motility; Recurrent otitis media; Recurrent pneumonia,0.0,1.0,0.0,0.0,1.0,0.0,1.0,0.0,1.0,0.0,0.0,0.0,1.0,0.0,0.0,exact_omim,OMIM:611884
CILP_0225,Motile,Primary Ciliary Dyskinesia,Primary Ciliary Dyskinesia [OMIM phenotype 612444],CILD9,612444,DNAI2,1,Motile cilia / laterality,AR,HP:0000007,Autosomal recessive inheritance,14.0,HP:0002257; HP:0001696; HP:0002110; HP:0003251; HP:0033036; HP:0012735; HP:0002090; HP:0011109; HP:0011108; HP:0012265; HP:0012256; HP:0000403; HP:0000389; HP:0002643,Chronic rhinitis; Situs inversus totalis; Bronchiectasis; Male infertility; Decreased nasal nitric oxide; Cough; Pneumonia; Chronic sinusitis; Recurrent sinusitis; Ciliary dyskinesia; Absent outer dynein arms; Recurrent otitis media; Chronic otitis media; Neonatal respiratory distress,0.0,1.0,0.0,0.0,1.0,1.0,1.0,0.0,1.0,0.0,0.0,0.0,1.0,1.0,0.0,exact_omim,OMIM:612444
CILP_0226,Motile,Primary Ciliary Dyskinesia,Primary Ciliary Dyskinesia [OMIM phenotype 612518],CILD10,612518,DNAAF2,1,Motile cilia / laterality,AR,HP:0000007,Autosomal recessive inheritance,6.0,HP:0012265; HP:0001696; HP:0005938; HP:0000389; HP:0011109; HP:0011108,Ciliary dyskinesia; Situs inversus totalis; Abnormal respiratory motile cilium morphology; Chronic otitis media; Chronic sinusitis; Recurrent sinusitis,0.0,1.0,0.0,0.0,1.0,0.0,1.0,0.0,1.0,0.0,0.0,0.0,1.0,1.0,0.0,exact_omim,OMIM:612518
CILP_0227,Motile,Primary Ciliary Dyskinesia,Primary Ciliary Dyskinesia [OMIM phenotype 612649],CILD11,612649,RSPH4A,1,Motile cilia / laterality,AR,HP:0000007,Autosomal recessive inheritance,13.0,HP:0002257; HP:0004322; HP:0002110; HP:0033036; HP:0012207; HP:0011108; HP:0012265; HP:0012260; HP:0012263; HP:0002205; HP:0002643; HP:0003546; HP:0004469,Chronic rhinitis; Short stature; Bronchiectasis; Decreased nasal nitric oxide; Reduced sperm motility; Recurrent sinusitis; Ciliary dyskinesia; Abnormal central microtubular pair morphology of respiratory motile cilia; Immotile cilia; Recurrent respiratory infections; Neonatal respiratory distress; Exercise intolerance; Chronic bronchitis,0.0,0.0,0.0,0.0,0.0,1.0,1.0,1.0,1.0,0.0,0.0,0.0,1.0,1.0,0.0,exact_omim,OMIM:612649
CILP_0228,Motile,Primary Ciliary Dyskinesia,Primary Ciliary Dyskinesia [OMIM phenotype 612650],CILD12,612650,RSPH9,1,Motile cilia / laterality,AR,HP:0000007,Autosomal recessive inheritance,15.0,HP:0002257; HP:0001696; HP:0004322; HP:0002110; HP:0033036; HP:0012207; HP:0012208; HP:0011109; HP:0012265; HP:0012260; HP:0006510; HP:0002205; HP:0000389; HP:0002643; HP:0003546,Chronic rhinitis; Situs inversus totalis; Short stature; Bronchiectasis; Decreased nasal nitric oxide; Reduced sperm motility; Immotile sperm; Chronic sinusitis; Ciliary dyskinesia; Abnormal central microtubular pair morphology of respiratory motile cilia; Chronic pulmonary obstruction; Recurrent respiratory infections; Chronic otitis media; Neonatal respiratory distress; Exercise intolerance,0.0,1.0,0.0,0.0,1.0,1.0,1.0,1.0,1.0,0.0,0.0,0.0,1.0,1.0,0.0,exact_omim,OMIM:612650
CILP_0229,Motile,Primary Ciliary Dyskinesia,Primary Ciliary Dyskinesia [OMIM phenotype 613193],CILD13,613193,DNAAF1,1,Motile cilia / laterality,AR,HP:0000007,Autosomal recessive inheritance,10.0,HP:0012265; HP:0001696; HP:0012256; HP:0002110; HP:0012263; HP:0000789; HP:0002837; HP:0000403; HP:0012257; HP:0011108,Ciliary dyskinesia; Situs inversus totalis; Absent outer dynein arms; Bronchiectasis; Immotile cilia; Infertility; Recurrent bronchitis; Recurrent otitis media; Absent inner dynein arms; Recurrent sinusitis,0.0,1.0,0.0,0.0,1.0,1.0,1.0,0.0,1.0,0.0,0.0,0.0,1.0,1.0,0.0,exact_omim,OMIM:613193
CILP_0230,Motile,Primary Ciliary Dyskinesia,Primary Ciliary Dyskinesia [OMIM phenotype 613807],CILD14,613807,CCDC39,1,Motile cilia / laterality,AR,HP:0000007,Autosomal recessive inheritance,20.0,HP:0030853; HP:0001696; HP:0003251; HP:0012207; HP:0012208; HP:0001748; HP:0006532; HP:0031417; HP:0002110; HP:0012735; HP:0030828; HP:0012257; HP:0011109; HP:0012258; HP:0012265; HP:0012262; HP:0002205; HP:0000388; HP:0002643; HP:0004469,Heterotaxy; Situs inversus totalis; Male infertility; Reduced sperm motility; Immotile sperm; Polysplenia; Recurrent pneumonia; Rhinorrhea; Bronchiectasis; Cough; Wheezing; Absent inner dynein arms; Chronic sinusitis; Abnormal axonemal organization of respiratory motile cilia; Ciliary dyskinesia; Abnormal ciliary motility; Recurrent respiratory infections; Otitis media; Neonatal respiratory distress; Chronic bronchitis,1.0,1.0,0.0,0.0,1.0,1.0,1.0,1.0,1.0,0.0,0.0,0.0,1.0,1.0,0.0,exact_omim,OMIM:613807
CILP_0231,Motile,Primary Ciliary Dyskinesia,Primary Ciliary Dyskinesia [OMIM phenotype 613808],CILD15,613808,CCDC40,1,Motile cilia / laterality,AR,HP:0000007,Autosomal recessive inheritance,16.0,HP:0031417; HP:0001696; HP:0002110; HP:0012735; HP:0030828; HP:0100582; HP:0012208; HP:0011109; HP:0012258; HP:0012265; HP:0000789; HP:0000403; HP:0006532; HP:0002205; HP:0002643; HP:0004469,Rhinorrhea; Situs inversus totalis; Bronchiectasis; Cough; Wheezing; Nasal polyposis; Immotile sperm; Chronic sinusitis; Abnormal axonemal organization of respiratory motile cilia; Ciliary dyskinesia; Infertility; Recurrent otitis media; Recurrent pneumonia; Recurrent respiratory infections; Neonatal respiratory distress; Chronic bronchitis,0.0,1.0,0.0,0.0,1.0,1.0,1.0,0.0,1.0,0.0,0.0,0.0,1.0,1.0,0.0,exact_omim,OMIM:613808
CILP_0232,Motile,Primary Ciliary Dyskinesia,Primary Ciliary Dyskinesia [OMIM phenotype 614017],CILD16,614017,DNAL1,1,Motile cilia / laterality,AR,HP:0000007,Autosomal recessive inheritance,9.0,HP:0002257; HP:0012265; HP:0001696; HP:0012256; HP:0002110; HP:0012262; HP:0010444; HP:0000389; HP:0011109,Chronic rhinitis; Ciliary dyskinesia; Situs inversus totalis; Absent outer dynein arms; Bronchiectasis; Abnormal ciliary motility; Pulmonic regurgitation; Chronic otitis media; Chronic sinusitis,0.0,1.0,0.0,0.0,1.0,0.0,1.0,0.0,1.0,0.0,0.0,0.0,1.0,1.0,0.0,exact_omim,OMIM:614017
CILP_0233,Motile,Primary Ciliary Dyskinesia,Primary Ciliary Dyskinesia [OMIM phenotype 614679],CILD17,614679,CCDC103,1,Motile cilia / laterality,AR,HP:0000007,Autosomal recessive inheritance,10.0,HP:0002257; HP:0012265; HP:0001696; HP:0012255; HP:0001651; HP:0002110; HP:0012735; HP:0000403; HP:0011109; HP:0002205,Chronic rhinitis; Ciliary dyskinesia; Situs inversus totalis; Dynein arm defect of respiratory motile cilia; Dextrocardia; Bronchiectasis; Cough; Recurrent otitis media; Chronic sinusitis; Recurrent respiratory infections,0.0,1.0,0.0,0.0,1.0,0.0,1.0,0.0,1.0,0.0,0.0,0.0,1.0,1.0,0.0,exact_omim,OMIM:614679
CILP_0234,Motile,Primary Ciliary Dyskinesia,Primary Ciliary Dyskinesia [OMIM phenotype 614874],CILD18,614874,DNAAF5,1,Motile cilia / laterality,AR,HP:0000007,Autosomal recessive inheritance,15.0,HP:0001696; HP:0003251; HP:0033036; HP:0012208; HP:0031565; HP:0012257; HP:0011108; HP:0200073; HP:0012265; HP:0012256; HP:0012384; HP:0012263; HP:0000403; HP:0002643; HP:0004469,Situs inversus totalis; Male infertility; Decreased nasal nitric oxide; Immotile sperm; Abdominal situs ambiguus; Absent inner dynein arms; Recurrent sinusitis; Respiratory insufficiency due to defective ciliary clearance; Ciliary dyskinesia; Absent outer dynein arms; Rhinitis; Immotile cilia; Recurrent otitis media; Neonatal respiratory distress; Chronic bronchitis,1.0,1.0,0.0,0.0,1.0,1.0,1.0,1.0,1.0,0.0,0.0,0.0,1.0,1.0,0.0,exact_omim,OMIM:614874
CILP_0235,Motile,Primary Ciliary Dyskinesia,Primary Ciliary Dyskinesia [OMIM phenotype 614935],CILD19,614935,LRRC6,1,Motile cilia / laterality,AR,HP:0000007,Autosomal recessive inheritance,13.0,HP:0001696; HP:0002110; HP:0003251; HP:0100582; HP:0011108; HP:0012259; HP:0200073; HP:0012265; HP:0012263; HP:0012384; HP:0000403; HP:0002205; HP:0004469,Situs inversus totalis; Bronchiectasis; Male infertility; Nasal polyposis; Recurrent sinusitis; Absent inner and outer dynein arms; Respiratory insufficiency due to defective ciliary clearance; Ciliary dyskinesia; Immotile cilia; Rhinitis; Recurrent otitis media; Recurrent respiratory infections; Chronic bronchitis,0.0,1.0,0.0,0.0,1.0,1.0,1.0,0.0,1.0,0.0,0.0,0.0,1.0,1.0,0.0,exact_omim,OMIM:614935
CILP_0236,Motile,Primary Ciliary Dyskinesia,Primary Ciliary Dyskinesia [OMIM phenotype 615067],CILD20,615067,ODAD1,1,Motile cilia / laterality,AR,HP:0000007,Autosomal recessive inheritance,22.0,HP:0001650; HP:0031417; HP:0001696; HP:0001651; HP:0000144; HP:0005301; HP:0002110; HP:0031245; HP:0002092; HP:0100750; HP:0011538; HP:0011108; HP:0200073; HP:0012265; HP:0012256; HP:0001629; HP:0001719; HP:0000403; HP:0006532; HP:0002205; HP:0004415; HP:0002105,Aortic valve stenosis; Rhinorrhea; Situs inversus totalis; Dextrocardia; Decreased fertility; Persistent left superior vena cava; Bronchiectasis; Productive cough; Pulmonary arterial hypertension; Atelectasis; Atrial situs inversus; Recurrent sinusitis; Respiratory insufficiency due to defective ciliary clearance; Ciliary dyskinesia; Absent outer dynein arms; Ventricular septal defect; Double outlet right ventricle; Recurrent otitis media; Recurrent pneumonia; Recurrent respiratory infections; Pulmonary artery stenosis; Hemoptysis,0.0,1.0,0.0,0.0,1.0,1.0,1.0,0.0,1.0,0.0,0.0,0.0,1.0,1.0,0.0,exact_omim,OMIM:615067
CILP_0237,Motile,Primary Ciliary Dyskinesia,Primary Ciliary Dyskinesia [OMIM phenotype 615294],CILD21,615294,DRC1,1,Motile cilia / laterality,AR,HP:0000007,Autosomal recessive inheritance,8.0,HP:0012265; HP:0002110; HP:0033036; HP:0000403; HP:0006532; HP:0100750; HP:0011109; HP:0002643,Ciliary dyskinesia; Bronchiectasis; Decreased nasal nitric oxide; Recurrent otitis media; Recurrent pneumonia; Atelectasis; Chronic sinusitis; Neonatal respiratory distress,0.0,0.0,0.0,0.0,1.0,0.0,1.0,0.0,1.0,0.0,0.0,0.0,1.0,1.0,0.0,exact_omim,OMIM:615294
CILP_0238,Motile,Primary Ciliary Dyskinesia,Primary Ciliary Dyskinesia [OMIM phenotype 615444],CILD22,615444,ZMYND10,1,Motile cilia / laterality,AR,HP:0000007,Autosomal recessive inheritance,17.0,HP:0001696; HP:0001651; HP:0002110; HP:0033036; HP:0012207; HP:0100582; HP:0011108; HP:0012259; HP:0200073; HP:0012265; HP:0012384; HP:0012263; HP:0000789; HP:0000403; HP:0002205; HP:0002643; HP:0004469,Situs inversus totalis; Dextrocardia; Bronchiectasis; Decreased nasal nitric oxide; Reduced sperm motility; Nasal polyposis; Recurrent sinusitis; Absent inner and outer dynein arms; Respiratory insufficiency due to defective ciliary clearance; Ciliary dyskinesia; Rhinitis; Immotile cilia; Infertility; Recurrent otitis media; Recurrent respiratory infections; Neonatal respiratory distress; Chronic bronchitis,0.0,1.0,0.0,0.0,1.0,1.0,1.0,0.0,1.0,0.0,0.0,0.0,1.0,1.0,0.0,exact_omim,OMIM:615444
CILP_0239,Motile,Primary Ciliary Dyskinesia,Primary Ciliary Dyskinesia [OMIM phenotype 615451],CILD23,615451,ODAD2,1,Motile cilia / laterality,AR,HP:0000007,Autosomal recessive inheritance,11.0,HP:0200073; HP:0012265; HP:0002257; HP:0001696; HP:0002110; HP:0000403; HP:0031245; HP:0006532; HP:0011108; HP:0002643; HP:0004469,Respiratory insufficiency due to defective ciliary clearance; Ciliary dyskinesia; Chronic rhinitis; Situs inversus totalis; Bronchiectasis; Recurrent otitis media; Productive cough; Recurrent pneumonia; Recurrent sinusitis; Neonatal respiratory distress; Chronic bronchitis,0.0,1.0,0.0,0.0,1.0,0.0,1.0,0.0,1.0,0.0,0.0,0.0,1.0,1.0,0.0,exact_omim,OMIM:615451
CILP_0240,Motile,Primary Ciliary Dyskinesia,Primary Ciliary Dyskinesia [OMIM phenotype 615481],CILD24,615481,RSPH1,1,Motile cilia / laterality,AR,HP:0000007,Autosomal recessive inheritance,11.0,HP:0012265; HP:0002257; HP:0001696; HP:0002110; HP:0012263; HP:0000789; HP:0033036; HP:0000403; HP:0006510; HP:0011108; HP:0002643,Ciliary dyskinesia; Chronic rhinitis; Situs inversus totalis; Bronchiectasis; Immotile cilia; Infertility; Decreased nasal nitric oxide; Recurrent otitis media; Chronic pulmonary obstruction; Recurrent sinusitis; Neonatal respiratory distress,0.0,1.0,0.0,0.0,1.0,1.0,1.0,0.0,1.0,0.0,0.0,0.0,1.0,1.0,0.0,exact_omim,OMIM:615481
CILP_0241,Motile,Primary Ciliary Dyskinesia,Primary Ciliary Dyskinesia [OMIM phenotype 615482],CILD25,615482,DNAAF4,1,Motile cilia / laterality,AR,HP:0000007,Autosomal recessive inheritance,19.0,HP:0000252; HP:0002257; HP:0001696; HP:0001651; HP:0002110; HP:0002020; HP:0031245; HP:0034315; HP:0011108; HP:0012265; HP:0012263; HP:0000789; HP:0000403; HP:0001748; HP:0006532; HP:0006510; HP:0002205; HP:0002643; HP:0004469,Microcephaly; Chronic rhinitis; Situs inversus totalis; Dextrocardia; Bronchiectasis; Gastroesophageal reflux; Productive cough; Chronic cough; Recurrent sinusitis; Ciliary dyskinesia; Immotile cilia; Infertility; Recurrent otitis media; Polysplenia; Recurrent pneumonia; Chronic pulmonary obstruction; Recurrent respiratory infections; Neonatal respiratory distress; Chronic bronchitis,1.0,1.0,0.0,0.0,1.0,1.0,1.0,0.0,1.0,0.0,1.0,0.0,1.0,1.0,0.0,exact_omim,OMIM:615482
CILP_0242,Motile,Primary Ciliary Dyskinesia,Primary Ciliary Dyskinesia [OMIM phenotype 615500],CILD26,615500,CFAP298,1,Motile cilia / laterality,AR,HP:0000007,Autosomal recessive inheritance,15.0,HP:0001696; HP:0002110; HP:0033036; HP:0012207; HP:0011108; HP:0200073; HP:0012265; HP:0012256; HP:0012384; HP:0012263; HP:0000789; HP:0000403; HP:0002205; HP:0002643; HP:0004469,Situs inversus totalis; Bronchiectasis; Decreased nasal nitric oxide; Reduced sperm motility; Recurrent sinusitis; Respiratory insufficiency due to defective ciliary clearance; Ciliary dyskinesia; Absent outer dynein arms; Rhinitis; Immotile cilia; Infertility; Recurrent otitis media; Recurrent respiratory infections; Neonatal respiratory distress; Chronic bronchitis,0.0,1.0,0.0,0.0,1.0,1.0,1.0,0.0,1.0,0.0,0.0,0.0,1.0,1.0,0.0,exact_omim,OMIM:615500
CILP_0243,Motile,Primary Ciliary Dyskinesia,Primary Ciliary Dyskinesia [OMIM phenotype 615504],CILD27,615504,CCDC65,1,Motile cilia / laterality,AR,HP:0000007,Autosomal recessive inheritance,12.0,HP:0001696; HP:0002110; HP:0033036; HP:0011109; HP:0011108; HP:0200073; HP:0012265; HP:0012384; HP:0000403; HP:0002205; HP:0002643; HP:0004469,Situs inversus totalis; Bronchiectasis; Decreased nasal nitric oxide; Chronic sinusitis; Recurrent sinusitis; Respiratory insufficiency due to defective ciliary clearance; Ciliary dyskinesia; Rhinitis; Recurrent otitis media; Recurrent respiratory infections; Neonatal respiratory distress; Chronic bronchitis,0.0,1.0,0.0,0.0,1.0,0.0,1.0,0.0,1.0,0.0,0.0,0.0,1.0,1.0,0.0,exact_omim,OMIM:615504
CILP_0244,Motile,Primary Ciliary Dyskinesia,Primary Ciliary Dyskinesia [OMIM phenotype 615505],CILD28,615505,SPAG1,1,Motile cilia / laterality,AR,HP:0000007,Autosomal recessive inheritance,12.0,HP:0001696; HP:0002110; HP:0033036; HP:0011108; HP:0200073; HP:0012265; HP:0012255; HP:0012384; HP:0000403; HP:0002205; HP:0002643; HP:0004469,Situs inversus totalis; Bronchiectasis; Decreased nasal nitric oxide; Recurrent sinusitis; Respiratory insufficiency due to defective ciliary clearance; Ciliary dyskinesia; Dynein arm defect of respiratory motile cilia; Rhinitis; Recurrent otitis media; Recurrent respiratory infections; Neonatal respiratory distress; Chronic bronchitis,0.0,1.0,0.0,0.0,1.0,0.0,1.0,0.0,1.0,0.0,0.0,0.0,1.0,1.0,0.0,exact_omim,OMIM:615505
CILP_0245,Motile,Primary Ciliary Dyskinesia,Primary Ciliary Dyskinesia [OMIM phenotype 615872],CILD29,615872,CCNO,1,Motile cilia / laterality,AR,HP:0000007,Autosomal recessive inheritance,9.0,HP:0012265; HP:0004313; HP:0001696; HP:0002110; HP:0000789; HP:0033036; HP:0002205; HP:0100750; HP:0012236,Ciliary dyskinesia; Decreased circulating immunoglobulin concentration; Situs inversus totalis; Bronchiectasis; Infertility; Decreased nasal nitric oxide; Recurrent respiratory infections; Atelectasis; Elevated sweat chloride,0.0,1.0,0.0,0.0,0.0,1.0,1.0,0.0,0.0,0.0,0.0,1.0,1.0,0.0,0.0,exact_omim,OMIM:615872
CILP_0246,Motile,Primary Ciliary Dyskinesia,Primary Ciliary Dyskinesia [OMIM phenotype 616037],CILD30,616037,ODAD3,1,Motile cilia / laterality,AR,HP:0000007,Autosomal recessive inheritance,17.0,HP:0001696; HP:0001651; HP:0002099; HP:0002110; HP:0033036; HP:0012735; HP:0100582; HP:0002093; HP:0011109; HP:0200073; HP:0012265; HP:0012256; HP:0001629; HP:0000403; HP:0001742; HP:0002205; HP:0004469,Situs inversus totalis; Dextrocardia; Asthma; Bronchiectasis; Decreased nasal nitric oxide; Cough; Nasal polyposis; Respiratory insufficiency; Chronic sinusitis; Respiratory insufficiency due to defective ciliary clearance; Ciliary dyskinesia; Absent outer dynein arms; Ventricular septal defect; Recurrent otitis media; Nasal congestion; Recurrent respiratory infections; Chronic bronchitis,0.0,1.0,0.0,0.0,1.0,0.0,1.0,0.0,1.0,0.0,0.0,0.0,1.0,1.0,0.0,exact_omim,OMIM:616037
CILP_0247,Motile,Primary Ciliary Dyskinesia,Primary Ciliary Dyskinesia [OMIM phenotype 616481],CILD32,616481,RSPH3,1,Motile cilia / laterality,AR,HP:0000007,Autosomal recessive inheritance,13.0,HP:0002257; HP:0001696; HP:0002110; HP:0033036; HP:0011109; HP:0012265; HP:0012267; HP:0012263; HP:0000789; HP:0000403; HP:0006510; HP:0002205; HP:0002643,Chronic rhinitis; Situs inversus totalis; Bronchiectasis; Decreased nasal nitric oxide; Chronic sinusitis; Ciliary dyskinesia; Absent respiratory ciliary axoneme radial spokes; Immotile cilia; Infertility; Recurrent otitis media; Chronic pulmonary obstruction; Recurrent respiratory infections; Neonatal respiratory distress,0.0,1.0,0.0,0.0,1.0,1.0,1.0,0.0,1.0,0.0,0.0,0.0,1.0,1.0,0.0,exact_omim,OMIM:616481
CILP_0248,Motile,Primary Ciliary Dyskinesia,Primary Ciliary Dyskinesia [OMIM phenotype 616726],CILD33,616726,GAS8,1,Motile cilia / laterality,AR,HP:0000007,Autosomal recessive inheritance,10.0,HP:0002257; HP:0012265; HP:0002783; HP:0002110; HP:0002837; HP:0000403; HP:0012735; HP:0006532; HP:0000405; HP:0100750,Chronic rhinitis; Ciliary dyskinesia; Recurrent lower respiratory tract infections; Bronchiectasis; Recurrent bronchitis; Recurrent otitis media; Cough; Recurrent pneumonia; Conductive hearing impairment; Atelectasis,0.0,0.0,0.0,0.0,1.0,0.0,1.0,0.0,1.0,0.0,0.0,0.0,1.0,0.0,0.0,exact_omim,OMIM:616726
CILP_0249,Motile,Primary Ciliary Dyskinesia,Primary Ciliary Dyskinesia [OMIM phenotype 617091],CILD34,617091,DNAJB13,1,Motile cilia / laterality,AR,HP:0000007,Autosomal recessive inheritance,10.0,HP:0012264; HP:0002257; HP:0002110; HP:0003251; HP:0033036; HP:0033158; HP:0002837; HP:0012208; HP:0011108; HP:0002643,Absent central microtubular pair morphology of respiratory motile cilia; Chronic rhinitis; Bronchiectasis; Male infertility; Decreased nasal nitric oxide; Reduced respiratory ciliary beating frequency; Recurrent bronchitis; Immotile sperm; Recurrent sinusitis; Neonatal respiratory distress,0.0,0.0,0.0,0.0,0.0,1.0,1.0,0.0,1.0,0.0,0.0,0.0,1.0,1.0,0.0,exact_omim,OMIM:617091
CILP_0250,Motile,Primary Ciliary Dyskinesia,Primary Ciliary Dyskinesia [OMIM phenotype 617092],CILD35,617092,ODAD4,1,Motile cilia / laterality,AR,HP:0000007,Autosomal recessive inheritance,11.0,HP:0002257; HP:0001696; HP:0002110; HP:0033036; HP:0100582; HP:0031245; HP:0031565; HP:0011109; HP:0006532; HP:0000389; HP:0002643,Chronic rhinitis; Situs inversus totalis; Bronchiectasis; Decreased nasal nitric oxide; Nasal polyposis; Productive cough; Abdominal situs ambiguus; Chronic sinusitis; Recurrent pneumonia; Chronic otitis media; Neonatal respiratory distress,1.0,1.0,0.0,0.0,1.0,0.0,1.0,1.0,1.0,0.0,0.0,0.0,1.0,1.0,0.0,exact_omim,OMIM:617092
CILP_0251,Motile,Primary Ciliary Dyskinesia,Primary Ciliary Dyskinesia [OMIM phenotype 617577],CILD37,617577,DNAH1,1,Motile cilia / laterality,AR,HP:0000007,Autosomal recessive inheritance,11.0,HP:0002257; HP:0031417; HP:0000365; HP:0001696; HP:0001651; HP:0002110; HP:0030828; HP:0012020; HP:0008222; HP:0000821; HP:0000853,Chronic rhinitis; Rhinorrhea; Hearing impairment; Situs inversus totalis; Dextrocardia; Bronchiectasis; Wheezing; Right aortic arch; Female infertility; Hypothyroidism; Goiter,0.0,1.0,1.0,0.0,1.0,1.0,0.0,0.0,1.0,0.0,0.0,0.0,1.0,0.0,0.0,exact_omim,OMIM:617577
CILP_0252,Motile,Primary Ciliary Dyskinesia,Primary Ciliary Dyskinesia [OMIM phenotype 618063],CILD38,618063,CFAP300,1,Motile cilia / laterality,AR,HP:0000007,Autosomal recessive inheritance,13.0,HP:0001696; HP:0001651; HP:0002110; HP:0033036; HP:0031245; HP:0011109; HP:0012259; HP:0012384; HP:0012263; HP:0000789; HP:0000405; HP:0000389; HP:0002643,Situs inversus totalis; Dextrocardia; Bronchiectasis; Decreased nasal nitric oxide; Productive cough; Chronic sinusitis; Absent inner and outer dynein arms; Rhinitis; Immotile cilia; Infertility; Conductive hearing impairment; Chronic otitis media; Neonatal respiratory distress,0.0,1.0,0.0,0.0,1.0,1.0,1.0,0.0,1.0,0.0,0.0,0.0,1.0,1.0,0.0,exact_omim,OMIM:618063
CILP_0253,Motile,Primary Ciliary Dyskinesia,Primary Ciliary Dyskinesia [OMIM phenotype 618254],CILD39,618254,LRRC56,1,Motile cilia / laterality,AR,HP:0000007,Autosomal recessive inheritance,9.0,HP:0031417; HP:0006528; HP:0001651; HP:0002783; HP:0002110; HP:0001719; HP:0033036; HP:0012735; HP:0000403,Rhinorrhea; Chronic lung disease; Dextrocardia; Recurrent lower respiratory tract infections; Bronchiectasis; Double outlet right ventricle; Decreased nasal nitric oxide; Cough; Recurrent otitis media,0.0,1.0,0.0,0.0,1.0,0.0,1.0,0.0,0.0,0.0,0.0,0.0,1.0,0.0,0.0,exact_omim,OMIM:618254
CILP_0254,Motile,Primary Ciliary Dyskinesia,Primary Ciliary Dyskinesia [OMIM phenotype 618300],CILD40,618300,DNAH9,1,Motile cilia / laterality,AR,HP:0000007,Autosomal recessive inheritance,17.0,HP:0002257; HP:0001696; HP:0033036; HP:0033158; HP:0012735; HP:0011109; HP:0031854; HP:0011579; HP:0012256; HP:0011540; HP:0011671; HP:0012020; HP:0032342; HP:0000789; HP:0006695; HP:0001643; HP:0000027,Chronic rhinitis; Situs inversus totalis; Decreased nasal nitric oxide; Reduced respiratory ciliary beating frequency; Cough; Chronic sinusitis; Left Isomerism; Unbalanced atrioventricular canal defect; Absent outer dynein arms; Levotransposition of the great arteries; Interrupted inferior vena cava with azygous continuation; Right aortic arch; Reduced forced expiratory volume in one second; Infertility; Atrioventricular canal defect; Patent ductus arteriosus; Azoospermia,0.0,1.0,0.0,0.0,0.0,1.0,1.0,1.0,1.0,0.0,0.0,0.0,1.0,1.0,0.0,exact_omim,OMIM:618300
CILP_0255,Motile,Primary Ciliary Dyskinesia,Primary Ciliary Dyskinesia [OMIM phenotype 618449],CILD41,618449,GAS2L2,1,Motile cilia / laterality,AR,HP:0000007,Autosomal recessive inheritance,6.0,HP:0031603; HP:0002110; HP:0000789; HP:0000403; HP:0012208; HP:0011108,Impaired nasal mucociliary clearance; Bronchiectasis; Infertility; Recurrent otitis media; Immotile sperm; Recurrent sinusitis,0.0,0.0,0.0,0.0,1.0,1.0,1.0,0.0,1.0,0.0,0.0,0.0,1.0,1.0,0.0,exact_omim,OMIM:618449
CILP_0256,Motile,Primary Ciliary Dyskinesia,Primary Ciliary Dyskinesia [OMIM phenotype 618695],CILD42,618695,MCIDAS,1,Motile cilia / laterality,AR,HP:0000007,Autosomal recessive inheritance,9.0,HP:0002257; HP:0002110; HP:0032341; HP:0033036; HP:0100582; HP:0006510; HP:0002093; HP:0002090; HP:0011108,Chronic rhinitis; Bronchiectasis; Reduced forced vital capacity; Decreased nasal nitric oxide; Nasal polyposis; Chronic pulmonary obstruction; Respiratory insufficiency; Pneumonia; Recurrent sinusitis,0.0,0.0,0.0,0.0,0.0,0.0,1.0,0.0,1.0,0.0,0.0,0.0,1.0,1.0,0.0,exact_omim,OMIM:618695
CILP_0257,Motile,Primary Ciliary Dyskinesia,Primary Ciliary Dyskinesia [OMIM phenotype 618699],CILD43,618699,FOXJ1,1,Motile cilia / laterality,AD,HP:0000006,Autosomal dominant inheritance,9.0,HP:0002257; HP:0002783; HP:0003363; HP:0002110; HP:0031245; HP:0002788; HP:0011109; HP:0010953; HP:0002643,Chronic rhinitis; Recurrent lower respiratory tract infections; Abdominal situs inversus; Bronchiectasis; Productive cough; Recurrent upper respiratory tract infections; Chronic sinusitis; Noncommunicating hydrocephalus; Neonatal respiratory distress,1.0,0.0,0.0,0.0,0.0,0.0,1.0,1.0,1.0,0.0,1.0,0.0,1.0,1.0,0.0,exact_omim,OMIM:618699
CILP_0258,Motile,Primary Ciliary Dyskinesia,Primary Ciliary Dyskinesia [OMIM phenotype 618781],CILD44,618781,NEK10,1,Motile cilia / laterality,AR,HP:0000007,Autosomal recessive inheritance,9.0,HP:0030853; HP:0002110; HP:0032341; HP:0032342; HP:0033036; HP:0011108; HP:0040128; HP:0000388; HP:0002643,Heterotaxy; Bronchiectasis; Reduced forced vital capacity; Reduced forced expiratory volume in one second; Decreased nasal nitric oxide; Recurrent sinusitis; Abnormal sweat electrolytes; Otitis media; Neonatal respiratory distress,0.0,0.0,0.0,0.0,1.0,0.0,1.0,1.0,1.0,0.0,0.0,1.0,1.0,1.0,0.0,exact_omim,OMIM:618781
CILP_0259,Motile,Primary Ciliary Dyskinesia,Primary Ciliary Dyskinesia [OMIM phenotype 618801],CILD45,618801,TTC12,1,Motile cilia / laterality,AR,HP:0000007,Autosomal recessive inheritance,6.0,HP:0002257; HP:0002110; HP:0003251; HP:0012263; HP:0002205; HP:0012259,Chronic rhinitis; Bronchiectasis; Male infertility; Immotile cilia; Recurrent respiratory infections; Absent inner and outer dynein arms,0.0,0.0,0.0,0.0,0.0,1.0,1.0,0.0,1.0,0.0,0.0,0.0,1.0,0.0,0.0,exact_omim,OMIM:618801
CILP_0260,Motile,Primary Ciliary Dyskinesia,Primary Ciliary Dyskinesia [OMIM phenotype 619436],CILD46,619436,STK36,1,Motile cilia / laterality,AR,HP:0000007,Autosomal recessive inheritance,9.0,HP:0012265; HP:0000365; HP:0002110; HP:0032341; HP:0032342; HP:0000403; HP:0012207; HP:0006532; HP:0011108,Ciliary dyskinesia; Hearing impairment; Bronchiectasis; Reduced forced vital capacity; Reduced forced expiratory volume in one second; Recurrent otitis media; Reduced sperm motility; Recurrent pneumonia; Recurrent sinusitis,0.0,0.0,0.0,0.0,1.0,1.0,1.0,0.0,1.0,0.0,0.0,0.0,1.0,1.0,0.0,exact_omim,OMIM:619436
CILP_0261,Motile,Primary Ciliary Dyskinesia,Primary Ciliary Dyskinesia [OMIM phenotype 619466],CILD47,619466,TP73,1,Motile cilia / laterality,AR,HP:0000007,Autosomal recessive inheritance,10.0,HP:0002079; HP:0002098; HP:0001250; HP:0002110; HP:0001274; HP:0001339; HP:0000389; HP:0002205; HP:0100750; HP:0031602,Hypoplasia of the corpus callosum; Respiratory distress; Seizure; Bronchiectasis; Agenesis of corpus callosum; Lissencephaly; Chronic otitis media; Recurrent respiratory infections; Atelectasis; Abnormal mucociliary clearance,0.0,0.0,0.0,0.0,1.0,0.0,1.0,0.0,0.0,0.0,1.0,0.0,1.0,0.0,0.0,exact_omim,OMIM:619466
CILP_0262,Motile,Primary Ciliary Dyskinesia,Primary Ciliary Dyskinesia [OMIM phenotype No MIM Number],CILD,No MIM Number,AKNA; BRWD1; CEP164; CFAP206; CFAP221; CFAP54; CFAP57; CFAP74; CRHR1; DNAH14; DNAH7; DYNLRB2; GOLGA3; IFT46; KRT34; NME5; NME7; OFD1; RSPH3; SPAG16; SPAG6; SPEF2; USP11; WDR16,24,Motile cilia / laterality,Autosomal recessive,,,46.0,HP:0000389; HP:0000403; HP:0001742; HP:0002257; HP:0002643; HP:0003251; HP:0005425; HP:0011109; HP:0011947; HP:0012206; HP:0031245; HP:0032016; HP:0100582; HP:0000119; HP:0000365; HP:0000405; HP:0000750; HP:0000924; HP:0001217; HP:0001627; HP:0001696; HP:0002011; HP:0002110; HP:0006536; HP:0008222; HP:0011274; HP:0011617; HP:0025177; HP:0030680; HP:0030828; HP:0032543; HP:0100750; HP:0000238; HP:0000510; HP:0001669; HP:0001719; HP:0001746; HP:0001748; HP:0002119; HP:0002566; HP:0002878; HP:0005301; HP:0010772; HP:0011535; HP:0011539; HP:0025576,Chronic otitis media; Recurrent otitis media; Nasal congestion; Chronic rhinitis; Neonatal respiratory distress; Male infertility; Recurrent sinopulmonary infections; Chronic sinusitis; Respiratory tract infection; Abnormal sperm motility; Productive cough; Abnormal sputum; Nasal polyposis; Abnormality of the genitourinary system; Hearing impairment; Conductive hearing impairment; Delayed speech and language development; Abnormality of the skeletal system; Clubbing; Abnormal heart morphology; Situs inversus totalis; Morphological central nervous system abnormality; Bronchiectasis; Airway obstruction; Female infertility; Recurrent mycobacterial infections; Pulmonary situs ambiguus; Peribronchovascular interstitial thickening; Abnormal cardiovascular system morphology; Wheezing; Lithoptysis; Atelectasis; Hydrocephalus; Rod-cone dystrophy; Transposition of the great arteries; Double outlet right ventricle; Asplenia; Polysplenia; Ventriculomegaly; Intestinal malrotation; Respiratory failure; Persistent left superior vena cava; Anomalous pulmonary venous return; Abnormal atrial arrangement; Atrial situs ambiguous; Abnormal inferior vena cava morphology,1.0,1.0,0.0,1.0,1.0,1.0,1.0,0.0,1.0,1.0,1.0,0.0,1.0,1.0,0.0,exact_name_db,ORPHA:244
CILP_0263,Primary,RHYNS  Syndrome,RHYNS  Syndrome [OMIM phenotype 602152],RHYNS,602152,TMEM67,1,General / needs curation,AR,HP:0000007,Autosomal recessive inheritance,24.0,HP:0002684; HP:0004322; HP:0001156; HP:0000083; HP:0012622; HP:0100864; HP:0000939; HP:0000938; HP:0000510; HP:0000577; HP:0000830; HP:0007824; HP:0002652; HP:0003026; HP:0002750; HP:0000490; HP:0034323; HP:0000090; HP:0000407; HP:0000508; HP:0008245; HP:0000824; HP:0000405; HP:0002986,Thickened calvaria; Short stature; Brachydactyly; Renal insufficiency; Chronic kidney disease; Short femoral neck; Osteoporosis; Osteopenia; Rod-cone dystrophy; Exotropia; Anterior hypopituitarism; Total ophthalmoplegia; Skeletal dysplasia; Short long bone; Delayed skeletal maturation; Deeply set eye; Reduced circulating growth hormone concentration; Nephronophthisis; Sensorineural hearing impairment; Ptosis; Pituitary hypothyroidism; Decreased response to growth hormone stimulation test; Conductive hearing impairment; Radial bowing,0.0,0.0,1.0,1.0,1.0,1.0,0.0,1.0,1.0,1.0,1.0,0.0,0.0,1.0,0.0,exact_omim,OMIM:602152
CILP_0264,Primary,Renal-hepatic-pancreatic Dysplasia,Renal-hepatic-pancreatic Dysplasia [OMIM phenotype 208540],RHPD1,208540,NPHP3,1,Renal-hepatic ciliopathy,AR,HP:0000007,Autosomal recessive inheritance,31.0,HP:0001650; HP:0003774; HP:0001396; HP:0004467; HP:0002089; HP:0001696; HP:0000083; HP:0001395; HP:0001394; HP:0002240; HP:0001409; HP:0001408; HP:0001746; HP:0006276; HP:0001305; HP:0001407; HP:0001748; HP:0001643; HP:0002613; HP:0000113; HP:0001744; HP:0001562; HP:0000110; HP:0100732; HP:0006563; HP:0001737; HP:0002009; HP:0001631; HP:0000105; HP:0002566; HP:0005999,Aortic valve stenosis; Stage 5 chronic kidney disease; Cholestasis; Preauricular pit; Pulmonary hypoplasia; Situs inversus totalis; Renal insufficiency; Hepatic fibrosis; Cirrhosis; Hepatomegaly; Portal hypertension; Bile duct proliferation; Asplenia; Hyperechogenic pancreas; Dandy-Walker malformation; Hepatic cysts; Polysplenia; Patent ductus arteriosus; Biliary cirrhosis; Polycystic kidney dysplasia; Splenomegaly; Oligohydramnios; Renal dysplasia; Pancreatic fibrosis; Malformation of the hepatic ductal plate; Pancreatic cysts; Potter facies; Atrial septal defect; Enlarged kidney; Intestinal malrotation; Ureteral atresia,1.0,1.0,0.0,0.0,0.0,1.0,1.0,0.0,1.0,0.0,1.0,0.0,1.0,1.0,1.0,exact_omim,OMIM:208540
CILP_0265,Primary,Renal-hepatic-pancreatic Dysplasia,Renal-hepatic-pancreatic Dysplasia [OMIM phenotype 615415],RHPD2,615415,NEK8,1,Renal-hepatic ciliopathy,AR,HP:0000007,Autosomal recessive inheritance,19.0,HP:0001650; HP:0001562; HP:0001396; HP:0001660; HP:0002980; HP:0002089; HP:0001696; HP:0001762; HP:0002101; HP:0001395; HP:0002240; HP:0002280; HP:0001639; HP:0001746; HP:0000800; HP:0006563; HP:0001407; HP:0001642; HP:0000105,Aortic valve stenosis; Oligohydramnios; Cholestasis; Truncus arteriosus; Femoral bowing; Pulmonary hypoplasia; Situs inversus totalis; Talipes equinovarus; Abnormal lung lobation; Hepatic fibrosis; Hepatomegaly; Enlarged cisterna magna; Hypertrophic cardiomyopathy; Asplenia; Cystic renal dysplasia; Malformation of the hepatic ductal plate; Hepatic cysts; Pulmonic stenosis; Enlarged kidney,1.0,1.0,0.0,0.0,0.0,1.0,1.0,0.0,1.0,1.0,0.0,0.0,1.0,1.0,0.0,exact_omim,OMIM:615415
CILP_0266,Primary,Renal-hepatic-pancreatic Dysplasia,Renal-hepatic-pancreatic Dysplasia [OMIM phenotype No MIM Number],RHPD,No MIM Number,DNAJB11,1,Renal-hepatic ciliopathy,Needs curation,,,34.0,HP:0000110; HP:0002240; HP:0000083; HP:0000105; HP:0000107; HP:0001562; HP:0002643; HP:0002904; HP:0005232; HP:0006566; HP:0030146; HP:0030948; HP:0030992; HP:0031956; HP:0031964; HP:0100651; HP:0100732; HP:0000104; HP:0000952; HP:0001394; HP:0001395; HP:0001407; HP:0001642; HP:0001643; HP:0001650; HP:0001737; HP:0001744; HP:0001746; HP:0001790; HP:0002089; HP:0003312; HP:0004890; HP:0033478; HP:0410288,Renal dysplasia; Hepatomegaly; Renal insufficiency; Enlarged kidney; Renal cyst; Oligohydramnios; Neonatal respiratory distress; Hyperbilirubinemia; Pancreatic dysplasia; Neonatal cholestatic liver disease; Abnormal liver parenchyma morphology; Elevated gamma-glutamyltransferase level; Abnormal pancreatic duct morphology; Elevated circulating aspartate aminotransferase concentration; Elevated circulating alanine aminotransferase concentration; Type I diabetes mellitus; Pancreatic fibrosis; Renal agenesis; Jaundice; Cirrhosis; Hepatic fibrosis; Hepatic cysts; Pulmonic stenosis; Patent ductus arteriosus; Aortic valve stenosis; Pancreatic cysts; Splenomegaly; Asplenia; Nonimmune hydrops fetalis; Pulmonary hypoplasia; Abnormal form of the vertebral bodies; Elevated pulmonary artery pressure; Increased circulating lipoprotein lipase concentration; Hyperamylasemia,1.0,1.0,1.0,0.0,0.0,1.0,1.0,0.0,0.0,0.0,0.0,1.0,1.0,1.0,1.0,exact_name_db,ORPHA:294415
CILP_0267,Primary,Retinal Dystrophy,Retinal Dystrophy [OMIM phenotype 617547],RDMS,617547,CFAP410,1,Retinal ciliopathy,AR,HP:0000007,Autosomal recessive inheritance,13.0,HP:0007814; HP:0007737; HP:0000662; HP:0004322; HP:0030856; HP:0100018; HP:0000613; HP:0007663; HP:0001956; HP:0000603; HP:0007787; HP:0007843; HP:0000556,Retinal pigment epithelial mottling; Spicular pigmentation of the retina; Nyctalopia; Short stature; Posterior staphyloma; Nuclear cataract; Photophobia; Reduced visual acuity; Truncal obesity; Central scotoma; Posterior subcapsular cataract; Attenuation of retinal blood vessels; Retinal dystrophy,0.0,1.0,0.0,1.0,0.0,0.0,0.0,1.0,0.0,0.0,1.0,0.0,0.0,0.0,0.0,exact_omim,OMIM:617547
CILP_0268,Primary,Retinal Dystrophy,Retinal Dystrophy [OMIM phenotype No MIM Number],RDMS,No MIM Number,CEP83; TTC21B,2,Retinal ciliopathy,AR,HP:0000007,Autosomal recessive inheritance,13.0,HP:0007814; HP:0007737; HP:0000662; HP:0004322; HP:0030856; HP:0100018; HP:0000613; HP:0007663; HP:0001956; HP:0000603; HP:0007787; HP:0007843; HP:0000556,Retinal pigment epithelial mottling; Spicular pigmentation of the retina; Nyctalopia; Short stature; Posterior staphyloma; Nuclear cataract; Photophobia; Reduced visual acuity; Truncal obesity; Central scotoma; Posterior subcapsular cataract; Attenuation of retinal blood vessels; Retinal dystrophy,0.0,1.0,0.0,1.0,0.0,0.0,0.0,1.0,0.0,0.0,1.0,0.0,0.0,0.0,0.0,family_aggregate_from_exact_omim,OMIM:617547
CILP_0269,Secondary,Retinitis Pigmentosa,Retinitis Pigmentosa [OMIM phenotype 153870],RP91,153870,IMPG1,1,Retinal ciliopathy,AD,HP:0000006,Autosomal dominant inheritance,3.0,HP:0008001; HP:0007641; HP:0007754,Foveal hyperpigmentation; Dyschromatopsia; Macular dystrophy,0.0,0.0,0.0,1.0,0.0,0.0,0.0,0.0,0.0,0.0,0.0,0.0,0.0,0.0,0.0,exact_omim,OMIM:153870
CILP_0270,Secondary,Retinitis Pigmentosa,Retinitis Pigmentosa [OMIM phenotype 180100],RP1,180100,RP1,1,Retinal ciliopathy,AR; AD,HP:0000007; HP:0000006,Autosomal recessive inheritance; Autosomal dominant inheritance,10.0,HP:0001133; HP:0007737; HP:0000662; HP:0007663; HP:0000510; HP:0007688; HP:0000543; HP:0007843; HP:0000575; HP:0000545,Constriction of peripheral visual field; Spicular pigmentation of the retina; Nyctalopia; Reduced visual acuity; Rod-cone dystrophy; Undetectable light- and dark-adapted electroretinogram; Optic disc pallor; Attenuation of retinal blood vessels; Scotoma; Myopia,0.0,1.0,0.0,1.0,0.0,0.0,0.0,0.0,0.0,0.0,0.0,0.0,0.0,0.0,0.0,exact_omim,OMIM:180100
CILP_0271,Secondary,Retinitis Pigmentosa,Retinitis Pigmentosa [OMIM phenotype 180104],RP9,180104,RP9,1,Retinal ciliopathy,AD,HP:0000006,Autosomal dominant inheritance,8.0,HP:0001133; HP:0007737; HP:0000662; HP:0040049; HP:0000518; HP:0007401; HP:0000510; HP:0007688,Constriction of peripheral visual field; Spicular pigmentation of the retina; Nyctalopia; Macular edema; Cataract; Macular atrophy; Rod-cone dystrophy; Undetectable light- and dark-adapted electroretinogram,0.0,0.0,0.0,1.0,0.0,0.0,0.0,0.0,0.0,0.0,0.0,0.0,0.0,0.0,0.0,exact_omim,OMIM:180104
CILP_0272,Secondary,Retinitis Pigmentosa,Retinitis Pigmentosa [OMIM phenotype 180105],RP10,180105,IMPDH1,1,Retinal ciliopathy,AD,HP:0000006,Autosomal dominant inheritance,11.0,HP:0001133; HP:0007737; HP:0000662; HP:0031609; HP:0011504; HP:0007663; HP:0000543; HP:0007787; HP:0000510; HP:0007688; HP:0007843,Constriction of peripheral visual field; Spicular pigmentation of the retina; Nyctalopia; Macular geographic atrophy; Bull's eye maculopathy; Reduced visual acuity; Optic disc pallor; Posterior subcapsular cataract; Rod-cone dystrophy; Undetectable light- and dark-adapted electroretinogram; Attenuation of retinal blood vessels,0.0,1.0,0.0,1.0,0.0,0.0,0.0,0.0,0.0,0.0,0.0,0.0,0.0,0.0,0.0,exact_omim,OMIM:180105
CILP_0273,Secondary,Retinitis Pigmentosa,Retinitis Pigmentosa [OMIM phenotype 300029],RP3,300029,RPGR,1,Retinal ciliopathy,XL,HP:0001417,X-linked inheritance,10.0,HP:0001133; HP:0007737; HP:0000662; HP:0000551; HP:0030529; HP:0011003; HP:0034272; HP:0000613; HP:0007663; HP:0000510,Constriction of peripheral visual field; Spicular pigmentation of the retina; Nyctalopia; Color vision defect; Ring scotoma; High myopia; Perifoveal hypoautofluorescence; Photophobia; Reduced visual acuity; Rod-cone dystrophy,0.0,0.0,0.0,1.0,0.0,0.0,0.0,0.0,0.0,0.0,1.0,0.0,0.0,0.0,0.0,exact_omim,OMIM:300029
CILP_0274,Secondary,Retinitis Pigmentosa,Retinitis Pigmentosa [OMIM phenotype 300424],RP23,300424,OFD1,1,Retinal ciliopathy,XLR,HP:0001419,X-linked recessive inheritance,11.0,HP:0025573; HP:0001133; HP:0000551; HP:0001141; HP:0030825; HP:0000613; HP:0000510; HP:0007787; HP:0007722; HP:0007843; HP:0025549,Mild myopia; Constriction of peripheral visual field; Color vision defect; Severely reduced visual acuity; Absent foveal reflex; Photophobia; Rod-cone dystrophy; Posterior subcapsular cataract; Retinal pigment epithelial atrophy; Attenuation of retinal blood vessels; Eccentric visual fixation,0.0,1.0,0.0,1.0,0.0,0.0,0.0,0.0,0.0,0.0,1.0,0.0,0.0,0.0,0.0,exact_omim,OMIM:300424
CILP_0275,Secondary,Retinitis Pigmentosa,Retinitis Pigmentosa [OMIM phenotype 312600],RP2,312600,RP2,1,Retinal ciliopathy,XL,HP:0001417,X-linked inheritance,13.0,HP:0001133; HP:0001099; HP:0000662; HP:0000580; HP:0011003; HP:0030529; HP:0011504; HP:0000518; HP:0007761; HP:0000603; HP:0000510; HP:0000545; HP:0000533,Constriction of peripheral visual field; Atrophic fundus lesion; Nyctalopia; Pigmentary retinopathy; High myopia; Ring scotoma; Bull's eye maculopathy; Cataract; Pericentral scotoma; Central scotoma; Rod-cone dystrophy; Myopia; Chorioretinal atrophy,0.0,0.0,0.0,1.0,0.0,0.0,0.0,0.0,0.0,0.0,0.0,0.0,0.0,0.0,0.0,exact_omim,OMIM:312600
CILP_0276,Secondary,Retinitis Pigmentosa,Retinitis Pigmentosa [OMIM phenotype 600105],RP12,600105,CRB1,1,Retinal ciliopathy,AR,HP:0000007,Autosomal recessive inheritance,10.0,HP:0000550; HP:0007737; HP:0000662; HP:0000639; HP:0008499; HP:0007663; HP:0000510; HP:0000543; HP:0007843; HP:0000577,Undetectable electroretinogram; Spicular pigmentation of the retina; Nyctalopia; Nystagmus; High hypermetropia; Reduced visual acuity; Rod-cone dystrophy; Optic disc pallor; Attenuation of retinal blood vessels; Exotropia,0.0,1.0,0.0,1.0,0.0,0.0,0.0,0.0,0.0,0.0,0.0,0.0,0.0,0.0,0.0,exact_omim,OMIM:600105
CILP_0277,Secondary,Retinitis Pigmentosa,Retinitis Pigmentosa [OMIM phenotype 600132],RP14,600132,TULP1,1,Retinal ciliopathy,AR,HP:0000007,Autosomal recessive inheritance,10.0,HP:0000550; HP:0001133; HP:0007737; HP:0000662; HP:0000639; HP:0008043; HP:0007663; HP:0000510; HP:0007787; HP:0000543,Undetectable electroretinogram; Constriction of peripheral visual field; Spicular pigmentation of the retina; Nyctalopia; Nystagmus; Focal retinal arteriolar constriction; Reduced visual acuity; Rod-cone dystrophy; Posterior subcapsular cataract; Optic disc pallor,0.0,1.0,0.0,1.0,0.0,0.0,0.0,0.0,1.0,0.0,0.0,0.0,0.0,0.0,0.0,exact_omim,OMIM:600132
CILP_0278,Secondary,Retinitis Pigmentosa,Retinitis Pigmentosa [OMIM phenotype 600138],RP11,600138,PRPF31,1,Retinal ciliopathy,INCOMPLETE_PENETRANCE; AD,HP:0003829; HP:0000006,Typified by incomplete penetrance; Autosomal dominant inheritance,11.0,HP:0001133; HP:0007737; HP:0000662; HP:0030629; HP:0040049; HP:0000608; HP:0000618; HP:0007663; HP:0007401; HP:0000510; HP:0000543,Constriction of peripheral visual field; Spicular pigmentation of the retina; Nyctalopia; Perifoveal ring of hyperautofluorescence; Macular edema; Macular degeneration; Blindness; Reduced visual acuity; Macular atrophy; Rod-cone dystrophy; Optic disc pallor,0.0,0.0,0.0,1.0,0.0,0.0,0.0,0.0,0.0,0.0,0.0,0.0,0.0,0.0,0.0,exact_omim,OMIM:600138
CILP_0279,Secondary,Retinitis Pigmentosa,Retinitis Pigmentosa [OMIM phenotype 601414],RP18,601414,PRPF31,1,Retinal ciliopathy,AD,HP:0000006,Autosomal dominant inheritance,5.0,HP:0000662; HP:0008043; HP:0000510; HP:0000575; HP:0007987,Nyctalopia; Focal retinal arteriolar constriction; Rod-cone dystrophy; Scotoma; Progressive visual field defects,0.0,1.0,0.0,1.0,0.0,0.0,0.0,0.0,1.0,0.0,0.0,0.0,0.0,0.0,0.0,exact_omim,OMIM:601414
CILP_0280,Secondary,Retinitis Pigmentosa,Retinitis Pigmentosa [OMIM phenotype 601718],RP19,601718,ABCA4,1,Retinal ciliopathy,AR,HP:0000007,Autosomal recessive inheritance,10.0,HP:0001133; HP:0007737; HP:0000662; HP:0007663; HP:0000505; HP:0000510; HP:0000543; HP:0007843; HP:0007722; HP:0000512,Constriction of peripheral visual field; Spicular pigmentation of the retina; Nyctalopia; Reduced visual acuity; Visual impairment; Rod-cone dystrophy; Optic disc pallor; Attenuation of retinal blood vessels; Retinal pigment epithelial atrophy; Abnormal electroretinogram,0.0,1.0,0.0,1.0,0.0,0.0,0.0,0.0,0.0,0.0,0.0,0.0,0.0,0.0,0.0,exact_omim,OMIM:601718
CILP_0281,Secondary,Retinitis Pigmentosa,Retinitis Pigmentosa [OMIM phenotype 602772],RP25,602772,EYS,1,Retinal ciliopathy,AR,HP:0000007,Autosomal recessive inheritance,10.0,HP:0001133; HP:0000550; HP:0007737; HP:0000662; HP:0000613; HP:0000510; HP:0000543; HP:0007787; HP:0007843; HP:0000533,Constriction of peripheral visual field; Undetectable electroretinogram; Spicular pigmentation of the retina; Nyctalopia; Photophobia; Rod-cone dystrophy; Optic disc pallor; Posterior subcapsular cataract; Attenuation of retinal blood vessels; Chorioretinal atrophy,0.0,1.0,0.0,1.0,0.0,0.0,0.0,0.0,0.0,0.0,1.0,0.0,0.0,0.0,0.0,exact_omim,OMIM:602772
CILP_0282,Secondary,Retinitis Pigmentosa,Retinitis Pigmentosa [OMIM phenotype 606068],RP28,606068,FAM161A,1,Retinal ciliopathy,AR,HP:0000007,Autosomal recessive inheritance,5.0,HP:0001133; HP:0007737; HP:0000662; HP:0000510; HP:0000543,Constriction of peripheral visual field; Spicular pigmentation of the retina; Nyctalopia; Rod-cone dystrophy; Optic disc pallor,0.0,0.0,0.0,1.0,0.0,0.0,0.0,0.0,0.0,0.0,0.0,0.0,0.0,0.0,0.0,exact_omim,OMIM:606068
CILP_0283,Secondary,Retinitis Pigmentosa,Retinitis Pigmentosa [OMIM phenotype 607921],RP30,607921,FSCN2,1,Retinal ciliopathy,AD,HP:0000006,Autosomal dominant inheritance,7.0,HP:0007737; HP:0000662; HP:0000505; HP:0000648; HP:0000510; HP:0007843; HP:0000533,Spicular pigmentation of the retina; Nyctalopia; Visual impairment; Optic atrophy; Rod-cone dystrophy; Attenuation of retinal blood vessels; Chorioretinal atrophy,0.0,1.0,0.0,1.0,0.0,0.0,0.0,0.0,0.0,0.0,0.0,0.0,0.0,0.0,0.0,exact_omim,OMIM:607921
CILP_0284,Secondary,Retinitis Pigmentosa,Retinitis Pigmentosa [OMIM phenotype 608133],RP7,608133,ROM1,1,Retinal ciliopathy,AR; AD,HP:0000007; HP:0000006,Autosomal recessive inheritance; Autosomal dominant inheritance,8.0,HP:0001133; HP:0000662; HP:0000580; HP:0007830; HP:0000510; HP:0007843; HP:0000512; HP:0000533,Constriction of peripheral visual field; Nyctalopia; Pigmentary retinopathy; Adult-onset night blindness; Rod-cone dystrophy; Attenuation of retinal blood vessels; Abnormal electroretinogram; Chorioretinal atrophy,0.0,1.0,0.0,1.0,0.0,0.0,0.0,0.0,0.0,0.0,0.0,0.0,0.0,0.0,0.0,exact_omim,OMIM:608133
CILP_0285,Secondary,Retinitis Pigmentosa,Retinitis Pigmentosa [OMIM phenotype 608380],RP26,608380,CERKL,1,Retinal ciliopathy,AR,HP:0000007,Autosomal recessive inheritance,6.0,HP:0001133; HP:0000505; HP:0000543; HP:0007688; HP:0000510; HP:0007843,Constriction of peripheral visual field; Visual impairment; Optic disc pallor; Undetectable light- and dark-adapted electroretinogram; Rod-cone dystrophy; Attenuation of retinal blood vessels,0.0,1.0,0.0,1.0,0.0,0.0,0.0,0.0,0.0,0.0,0.0,0.0,0.0,0.0,0.0,exact_omim,OMIM:608380
CILP_0286,Secondary,Retinitis Pigmentosa,Retinitis Pigmentosa [OMIM phenotype 609913],RP32,609913,CLCC1,1,Retinal ciliopathy,AR,HP:0000007,Autosomal recessive inheritance,10.0,HP:0000550; HP:0007737; HP:0000662; HP:0000580; HP:0030609; HP:0000613; HP:0000546; HP:0007663; HP:0000543; HP:0007843,Undetectable electroretinogram; Spicular pigmentation of the retina; Nyctalopia; Pigmentary retinopathy; Photoreceptor layer loss on macular OCT; Photophobia; Retinal degeneration; Reduced visual acuity; Optic disc pallor; Attenuation of retinal blood vessels,0.0,1.0,0.0,1.0,0.0,0.0,0.0,0.0,0.0,0.0,1.0,0.0,0.0,0.0,0.0,exact_omim,OMIM:609913
CILP_0287,Secondary,Retinitis Pigmentosa,Retinitis Pigmentosa [OMIM phenotype 609923],RP31,609923,TOPORS,1,Retinal ciliopathy,AD,HP:0000006,Autosomal dominant inheritance,5.0,HP:0001123; HP:0000510; HP:0007722; HP:0007843; HP:0000512,Visual field defect; Rod-cone dystrophy; Retinal pigment epithelial atrophy; Attenuation of retinal blood vessels; Abnormal electroretinogram,0.0,1.0,0.0,1.0,0.0,0.0,0.0,0.0,0.0,0.0,0.0,0.0,0.0,0.0,0.0,exact_omim,OMIM:609923
CILP_0288,Secondary,Retinitis Pigmentosa,Retinitis Pigmentosa [OMIM phenotype 610282],RP35,610282,SEMA4A,1,Retinal ciliopathy,AR,HP:0000007,Autosomal recessive inheritance,4.0,HP:0000662; HP:0000618; HP:0007663; HP:0000510,Nyctalopia; Blindness; Reduced visual acuity; Rod-cone dystrophy,0.0,0.0,0.0,1.0,0.0,0.0,0.0,0.0,0.0,0.0,0.0,0.0,0.0,0.0,0.0,exact_omim,OMIM:610282
CILP_0289,Secondary,Retinitis Pigmentosa,Retinitis Pigmentosa [OMIM phenotype 610359],RP33,610359,SNRNP200,1,Retinal ciliopathy,AD,HP:0000006,Autosomal dominant inheritance,7.0,HP:0007737; HP:0000662; HP:0000505; HP:0000543; HP:0000510; HP:0007843; HP:0007722,Spicular pigmentation of the retina; Nyctalopia; Visual impairment; Optic disc pallor; Rod-cone dystrophy; Attenuation of retinal blood vessels; Retinal pigment epithelial atrophy,0.0,1.0,0.0,1.0,0.0,0.0,0.0,0.0,0.0,0.0,0.0,0.0,0.0,0.0,0.0,exact_omim,OMIM:610359
CILP_0290,Secondary,Retinitis Pigmentosa,Retinitis Pigmentosa [OMIM phenotype 610599],RP36,610599,PRCD,1,Retinal ciliopathy,AR,HP:0000007,Autosomal recessive inheritance,6.0,HP:0000550; HP:0007737; HP:0000608; HP:0000510; HP:0000543; HP:0007843,Undetectable electroretinogram; Spicular pigmentation of the retina; Macular degeneration; Rod-cone dystrophy; Optic disc pallor; Attenuation of retinal blood vessels,0.0,1.0,0.0,1.0,0.0,0.0,0.0,0.0,0.0,0.0,0.0,0.0,0.0,0.0,0.0,exact_omim,OMIM:610599
CILP_0291,Secondary,Retinitis Pigmentosa,Retinitis Pigmentosa [OMIM phenotype 611131],RP37,611131,NR2E3,1,Retinal ciliopathy,AR; AD,HP:0000007; HP:0000006,Autosomal recessive inheritance; Autosomal dominant inheritance,12.0,HP:0001133; HP:0000662; HP:0000552; HP:0000580; HP:0100018; HP:0000613; HP:0007663; HP:0008028; HP:0007787; HP:0000642; HP:0000510; HP:0007688,Constriction of peripheral visual field; Nyctalopia; Tritanomaly; Pigmentary retinopathy; Nuclear cataract; Photophobia; Reduced visual acuity; Cystoid macular degeneration; Posterior subcapsular cataract; Red-green dyschromatopsia; Rod-cone dystrophy; Undetectable light- and dark-adapted electroretinogram,0.0,0.0,0.0,1.0,0.0,0.0,0.0,0.0,0.0,0.0,1.0,0.0,0.0,0.0,0.0,exact_omim,OMIM:611131
CILP_0292,Secondary,Retinitis Pigmentosa,Retinitis Pigmentosa [OMIM phenotype 612095],RP41,612095,PROM1,1,Retinal ciliopathy,AR,HP:0000007,Autosomal recessive inheritance,11.0,HP:0000550; HP:0007737; HP:0000662; HP:0001141; HP:0000580; HP:0000639; HP:0000608; HP:0007994; HP:0000510; HP:0000543; HP:0007843,Undetectable electroretinogram; Spicular pigmentation of the retina; Nyctalopia; Severely reduced visual acuity; Pigmentary retinopathy; Nystagmus; Macular degeneration; Peripheral visual field loss; Rod-cone dystrophy; Optic disc pallor; Attenuation of retinal blood vessels,0.0,1.0,0.0,1.0,0.0,0.0,0.0,0.0,0.0,0.0,0.0,0.0,0.0,0.0,0.0,exact_omim,OMIM:612095
CILP_0293,Secondary,Retinitis Pigmentosa,Retinitis Pigmentosa [OMIM phenotype 612572],RP46,612572,IDH3B,1,Retinal ciliopathy,AR,HP:0000007,Autosomal recessive inheritance,8.0,HP:0001133; HP:0000580; HP:0000505; HP:0000510; HP:0000543; HP:0007787; HP:0007843; HP:0000654,Constriction of peripheral visual field; Pigmentary retinopathy; Visual impairment; Rod-cone dystrophy; Optic disc pallor; Posterior subcapsular cataract; Attenuation of retinal blood vessels; Decreased light- and dark-adapted electroretinogram amplitude,0.0,1.0,0.0,1.0,0.0,0.0,0.0,0.0,0.0,0.0,0.0,0.0,0.0,0.0,0.0,exact_omim,OMIM:612572
CILP_0294,Secondary,Retinitis Pigmentosa,Retinitis Pigmentosa [OMIM phenotype 612712],RP13,612712,RDH12,1,Retinal ciliopathy,AR; AD,HP:0000007; HP:0000006,Autosomal recessive inheritance; Autosomal dominant inheritance,5.0,HP:0007737; HP:0007663; HP:0000543; HP:0007843; HP:0000556,Spicular pigmentation of the retina; Reduced visual acuity; Optic disc pallor; Attenuation of retinal blood vessels; Retinal dystrophy,0.0,1.0,0.0,1.0,0.0,0.0,0.0,0.0,0.0,0.0,0.0,0.0,0.0,0.0,0.0,exact_omim,OMIM:612712
CILP_0295,Secondary,Retinitis Pigmentosa,Retinitis Pigmentosa [OMIM phenotype 612943],RP42,612943,KLHL7,1,Retinal ciliopathy,AD,HP:0000006,Autosomal dominant inheritance,5.0,HP:0500087; HP:0007663; HP:0030629; HP:0000510; HP:0011505,Peripapillary atrophy; Reduced visual acuity; Perifoveal ring of hyperautofluorescence; Rod-cone dystrophy; Cystoid macular edema,0.0,0.0,0.0,1.0,0.0,0.0,0.0,0.0,0.0,0.0,0.0,0.0,0.0,0.0,0.0,exact_omim,OMIM:612943
CILP_0296,Secondary,Retinitis Pigmentosa,Retinitis Pigmentosa [OMIM phenotype 613194],RP50,613194,BEST1,1,Retinal ciliopathy,AD,HP:0000006,Autosomal dominant inheritance,8.0,HP:0012045; HP:0000662; HP:0000541; HP:0007663; HP:0000543; HP:0000510; HP:0007843; HP:0000512,Retinal flecks; Nyctalopia; Retinal detachment; Reduced visual acuity; Optic disc pallor; Rod-cone dystrophy; Attenuation of retinal blood vessels; Abnormal electroretinogram,0.0,1.0,0.0,1.0,0.0,0.0,0.0,0.0,0.0,0.0,0.0,0.0,0.0,0.0,0.0,exact_omim,OMIM:613194
CILP_0297,Secondary,Retinitis Pigmentosa,Retinitis Pigmentosa [OMIM phenotype 613428],RP54,613428,PCARE,1,Retinal ciliopathy,AR,HP:0000007,Autosomal recessive inheritance,7.0,HP:0007737; HP:0001099; HP:0000662; HP:0000505; HP:0000510; HP:0007843; HP:0000512,Spicular pigmentation of the retina; Atrophic fundus lesion; Nyctalopia; Visual impairment; Rod-cone dystrophy; Attenuation of retinal blood vessels; Abnormal electroretinogram,0.0,1.0,0.0,1.0,0.0,0.0,0.0,0.0,0.0,0.0,0.0,0.0,0.0,0.0,0.0,exact_omim,OMIM:613428
CILP_0298,Secondary,Retinitis Pigmentosa,Retinitis Pigmentosa [OMIM phenotype 613464],RP51,613464,TTC8,1,Retinal ciliopathy,AR,HP:0000007,Autosomal recessive inheritance,15.0,HP:0000077; HP:0007737; HP:0000662; HP:0000980; HP:0001263; HP:0010442; HP:0011003; HP:0000608; HP:0008323; HP:0000613; HP:0007663; HP:0000505; HP:0000510; HP:0007843; HP:0001513,Abnormality of the kidney; Spicular pigmentation of the retina; Nyctalopia; Pallor; Global developmental delay; Polydactyly; High myopia; Macular degeneration; Abnormal light- and dark-adapted electroretinogram; Photophobia; Reduced visual acuity; Visual impairment; Rod-cone dystrophy; Attenuation of retinal blood vessels; Obesity,0.0,1.0,0.0,1.0,0.0,1.0,0.0,1.0,0.0,1.0,1.0,0.0,0.0,1.0,1.0,exact_omim,OMIM:613464
CILP_0299,Secondary,Retinitis Pigmentosa,Retinitis Pigmentosa [OMIM phenotype 613575],RP55,613575,ARL6,1,Retinal ciliopathy,AR,HP:0000007,Autosomal recessive inheritance,1.0,HP:0000510,Rod-cone dystrophy,0.0,0.0,0.0,1.0,0.0,0.0,0.0,0.0,0.0,0.0,0.0,0.0,0.0,0.0,0.0,exact_omim,OMIM:613575
CILP_0300,Secondary,Retinitis Pigmentosa,Retinitis Pigmentosa [OMIM phenotype 613581],RP56,613581,IMPG2,1,Retinal ciliopathy,AR,HP:0000007,Autosomal recessive inheritance,12.0,HP:0007737; HP:0000662; HP:0001123; HP:0000580; HP:0030856; HP:0100018; HP:0007663; HP:0007787; HP:0000510; HP:0000543; HP:0007843; HP:0007722,Spicular pigmentation of the retina; Nyctalopia; Visual field defect; Pigmentary retinopathy; Posterior staphyloma; Nuclear cataract; Reduced visual acuity; Posterior subcapsular cataract; Rod-cone dystrophy; Optic disc pallor; Attenuation of retinal blood vessels; Retinal pigment epithelial atrophy,0.0,1.0,0.0,1.0,0.0,0.0,0.0,0.0,0.0,0.0,0.0,0.0,0.0,0.0,0.0,exact_omim,OMIM:613581
CILP_0301,Secondary,Retinitis Pigmentosa,Retinitis Pigmentosa [OMIM phenotype 613582],RP57,613582,PDE6G,1,Retinal ciliopathy,AR,HP:0000007,Autosomal recessive inheritance,8.0,HP:0001133; HP:0007737; HP:0007663; HP:0011505; HP:0000543; HP:0000510; HP:0030825; HP:0007843,Constriction of peripheral visual field; Spicular pigmentation of the retina; Reduced visual acuity; Cystoid macular edema; Optic disc pallor; Rod-cone dystrophy; Absent foveal reflex; Attenuation of retinal blood vessels,0.0,1.0,0.0,1.0,0.0,0.0,0.0,0.0,0.0,0.0,0.0,0.0,0.0,0.0,0.0,exact_omim,OMIM:613582
CILP_0302,Secondary,Retinitis Pigmentosa,Retinitis Pigmentosa [OMIM phenotype 613617],RP58,613617,ZNF513,1,Retinal ciliopathy,AR,HP:0000007,Autosomal recessive inheritance,9.0,HP:0007737; HP:0000662; HP:0000608; HP:0001141; HP:0008323; HP:0007994; HP:0000543; HP:0000510; HP:0007843,Spicular pigmentation of the retina; Nyctalopia; Macular degeneration; Severely reduced visual acuity; Abnormal light- and dark-adapted electroretinogram; Peripheral visual field loss; Optic disc pallor; Rod-cone dystrophy; Attenuation of retinal blood vessels,0.0,1.0,0.0,1.0,0.0,0.0,0.0,0.0,0.0,0.0,0.0,0.0,0.0,0.0,0.0,exact_omim,OMIM:613617
CILP_0303,Secondary,Retinitis Pigmentosa,Retinitis Pigmentosa [OMIM phenotype 613660],RP65,613660,CDHR1,1,Retinal ciliopathy,AR,HP:0000007,Autosomal recessive inheritance,8.0,HP:0001133; HP:0000662; HP:0000551; HP:0000529; HP:0000613; HP:0000510; HP:0007722; HP:0007843,Constriction of peripheral visual field; Nyctalopia; Color vision defect; Progressive visual loss; Photophobia; Rod-cone dystrophy; Retinal pigment epithelial atrophy; Attenuation of retinal blood vessels,0.0,1.0,0.0,1.0,0.0,0.0,0.0,0.0,0.0,0.0,1.0,0.0,0.0,0.0,0.0,exact_omim,OMIM:613660
CILP_0304,Secondary,Retinitis Pigmentosa,Retinitis Pigmentosa [OMIM phenotype 613731],RP4,613731,RHO,1,Retinal ciliopathy,AR; AD,HP:0000007; HP:0000006,Autosomal recessive inheritance; Autosomal dominant inheritance,11.0,HP:0007737; HP:0000662; HP:0001123; HP:0000580; HP:0000518; HP:0000618; HP:0007663; HP:0000510; HP:0007843; HP:0000512; HP:0001105,Spicular pigmentation of the retina; Nyctalopia; Visual field defect; Pigmentary retinopathy; Cataract; Blindness; Reduced visual acuity; Rod-cone dystrophy; Attenuation of retinal blood vessels; Abnormal electroretinogram; Retinal atrophy,0.0,1.0,0.0,1.0,0.0,0.0,0.0,0.0,0.0,0.0,0.0,0.0,0.0,0.0,0.0,exact_omim,OMIM:613731
CILP_0305,Secondary,Retinitis Pigmentosa,Retinitis Pigmentosa [OMIM phenotype 613750],RP27,613750,NRL,1,Retinal ciliopathy,INCOMPLETE_PENETRANCE; AD,HP:0003829; HP:0000006,Typified by incomplete penetrance; Autosomal dominant inheritance,13.0,HP:0001133; HP:0000550; HP:0007737; HP:0000662; HP:0040049; HP:0000618; HP:0007663; HP:0007950; HP:0000505; HP:0007401; HP:0000510; HP:0007843; HP:0000533,Constriction of peripheral visual field; Undetectable electroretinogram; Spicular pigmentation of the retina; Nyctalopia; Macular edema; Blindness; Reduced visual acuity; Peripapillary chorioretinal atrophy; Visual impairment; Macular atrophy; Rod-cone dystrophy; Attenuation of retinal blood vessels; Chorioretinal atrophy,0.0,1.0,0.0,1.0,0.0,0.0,0.0,0.0,0.0,0.0,0.0,0.0,0.0,0.0,0.0,exact_omim,OMIM:613750
CILP_0306,Secondary,Retinitis Pigmentosa,Retinitis Pigmentosa [OMIM phenotype 613756],RP49,613756,CNGA1,1,Retinal ciliopathy,AR,HP:0000007,Autosomal recessive inheritance,7.0,HP:0007737; HP:0000662; HP:0007663; HP:0007994; HP:0000510; HP:0000543; HP:0007843,Spicular pigmentation of the retina; Nyctalopia; Reduced visual acuity; Peripheral visual field loss; Rod-cone dystrophy; Optic disc pallor; Attenuation of retinal blood vessels,0.0,1.0,0.0,1.0,0.0,0.0,0.0,0.0,0.0,0.0,0.0,0.0,0.0,0.0,0.0,exact_omim,OMIM:613756
CILP_0307,Secondary,Retinitis Pigmentosa,Retinitis Pigmentosa [OMIM phenotype 613758],RP47,613758,SAG,1,Retinal ciliopathy,AR,HP:0000007,Autosomal recessive inheritance,6.0,HP:0000662; HP:0000580; HP:0000505; HP:0000510; HP:0000533; HP:0000654,Nyctalopia; Pigmentary retinopathy; Visual impairment; Rod-cone dystrophy; Chorioretinal atrophy; Decreased light- and dark-adapted electroretinogram amplitude,0.0,0.0,0.0,1.0,0.0,0.0,0.0,0.0,0.0,0.0,0.0,0.0,0.0,0.0,0.0,exact_omim,OMIM:613758
CILP_0308,Secondary,Retinitis Pigmentosa,Retinitis Pigmentosa [OMIM phenotype 613767],RP45,613767,CNGB1,1,Retinal ciliopathy,AR,HP:0000007,Autosomal recessive inheritance,6.0,HP:0007737; HP:0000662; HP:0000608; HP:0007994; HP:0000510; HP:0000512,Spicular pigmentation of the retina; Nyctalopia; Macular degeneration; Peripheral visual field loss; Rod-cone dystrophy; Abnormal electroretinogram,0.0,0.0,0.0,1.0,0.0,0.0,0.0,0.0,0.0,0.0,0.0,0.0,0.0,0.0,0.0,exact_omim,OMIM:613767
CILP_0309,Secondary,Retinitis Pigmentosa,Retinitis Pigmentosa [OMIM phenotype 613769],RP44,613769,RGR,1,Retinal ciliopathy,AR; AD,HP:0000007; HP:0000006,Autosomal recessive inheritance; Autosomal dominant inheritance,5.0,HP:0001133; HP:0000505; HP:0000510; HP:0007843; HP:0000654,Constriction of peripheral visual field; Visual impairment; Rod-cone dystrophy; Attenuation of retinal blood vessels; Decreased light- and dark-adapted electroretinogram amplitude,0.0,1.0,0.0,1.0,0.0,0.0,0.0,0.0,0.0,0.0,0.0,0.0,0.0,0.0,0.0,exact_omim,OMIM:613769
CILP_0310,Secondary,Retinitis Pigmentosa,Retinitis Pigmentosa [OMIM phenotype 613794],RP20,613794,RPE65,1,Retinal ciliopathy,AR,HP:0000007,Autosomal recessive inheritance,6.0,HP:0000662; HP:0000639; HP:0001141; HP:0000505; HP:0000510; HP:0007843,Nyctalopia; Nystagmus; Severely reduced visual acuity; Visual impairment; Rod-cone dystrophy; Attenuation of retinal blood vessels,0.0,1.0,0.0,1.0,0.0,0.0,0.0,0.0,0.0,0.0,0.0,0.0,0.0,0.0,0.0,exact_omim,OMIM:613794
CILP_0311,Secondary,Retinitis Pigmentosa,Retinitis Pigmentosa [OMIM phenotype 613801],RP40,613801,PDE6B,1,Retinal ciliopathy,AR,HP:0000007,Autosomal recessive inheritance,6.0,HP:0007737; HP:0000662; HP:0000518; HP:0008323; HP:0000510; HP:0007843,Spicular pigmentation of the retina; Nyctalopia; Cataract; Abnormal light- and dark-adapted electroretinogram; Rod-cone dystrophy; Attenuation of retinal blood vessels,0.0,1.0,0.0,1.0,0.0,0.0,0.0,0.0,0.0,0.0,0.0,0.0,0.0,0.0,0.0,exact_omim,OMIM:613801
CILP_0312,Secondary,Retinitis Pigmentosa,Retinitis Pigmentosa [OMIM phenotype 613809],RP39,613809,USH2A,1,Retinal ciliopathy,AR,HP:0000007,Autosomal recessive inheritance,6.0,HP:0007737; HP:0001123; HP:0000505; HP:0000510; HP:0007843; HP:0000512,Spicular pigmentation of the retina; Visual field defect; Visual impairment; Rod-cone dystrophy; Attenuation of retinal blood vessels; Abnormal electroretinogram,0.0,1.0,0.0,1.0,0.0,0.0,0.0,0.0,0.0,0.0,0.0,0.0,0.0,0.0,0.0,exact_omim,OMIM:613809
CILP_0313,Secondary,Retinitis Pigmentosa,Retinitis Pigmentosa [OMIM phenotype 613810],RP43,613810,PDE6A,1,Retinal ciliopathy,AR,HP:0000007,Autosomal recessive inheritance,10.0,HP:0007737; HP:0000662; HP:0000580; HP:0000505; HP:0007994; HP:0000543; HP:0000510; HP:0007787; HP:0007843; HP:0000512,Spicular pigmentation of the retina; Nyctalopia; Pigmentary retinopathy; Visual impairment; Peripheral visual field loss; Optic disc pallor; Rod-cone dystrophy; Posterior subcapsular cataract; Attenuation of retinal blood vessels; Abnormal electroretinogram,0.0,1.0,0.0,1.0,0.0,0.0,0.0,0.0,0.0,0.0,0.0,0.0,0.0,0.0,0.0,exact_omim,OMIM:613810
CILP_0314,Secondary,Retinitis Pigmentosa,Retinitis Pigmentosa [OMIM phenotype 613827],RP48,613827,GUCA1B,1,Retinal ciliopathy,AD,HP:0000006,Autosomal dominant inheritance,3.0,HP:0000608; HP:0000505; HP:0000510,Macular degeneration; Visual impairment; Rod-cone dystrophy,0.0,0.0,0.0,1.0,0.0,0.0,0.0,0.0,0.0,0.0,0.0,0.0,0.0,0.0,0.0,exact_omim,OMIM:613827
CILP_0315,Secondary,Retinitis Pigmentosa,Retinitis Pigmentosa [OMIM phenotype 613861],RP59,613861,DHDDS,1,Retinal ciliopathy,AR,HP:0000007,Autosomal recessive inheritance,17.0,HP:0008936; HP:0001133; HP:0000054; HP:0000662; HP:0011968; HP:0001250; HP:0000083; HP:0002240; HP:0011505; HP:0001508; HP:0000407; HP:0007663; HP:0001511; HP:0000510; HP:0002910; HP:0001257; HP:0000028,Axial hypotonia; Constriction of peripheral visual field; Micropenis; Nyctalopia; Feeding difficulties; Seizure; Renal insufficiency; Hepatomegaly; Cystoid macular edema; Failure to thrive; Sensorineural hearing impairment; Reduced visual acuity; Intrauterine growth retardation; Rod-cone dystrophy; Elevated circulating hepatic transaminase concentration; Spasticity; Cryptorchidism,1.0,0.0,0.0,1.0,1.0,1.0,0.0,1.0,0.0,0.0,1.0,1.0,0.0,1.0,0.0,exact_omim,OMIM:613861
CILP_0316,Secondary,Retinitis Pigmentosa,Retinitis Pigmentosa [OMIM phenotype 613862],RP38,613862,MERTK,1,Retinal ciliopathy,AR,HP:0000007,Autosomal recessive inheritance,7.0,HP:0001133; HP:0000662; HP:0200070; HP:0000529; HP:0007401; HP:0000543; HP:0000510,Constriction of peripheral visual field; Nyctalopia; Peripheral retinal atrophy; Progressive visual loss; Macular atrophy; Optic disc pallor; Rod-cone dystrophy,0.0,0.0,0.0,1.0,0.0,0.0,0.0,0.0,0.0,0.0,0.0,0.0,0.0,0.0,0.0,exact_omim,OMIM:613862
CILP_0317,Secondary,Retinitis Pigmentosa,Retinitis Pigmentosa [OMIM phenotype 613983],RP60,613983,PRPF6,1,Retinal ciliopathy,AD,HP:0000006,Autosomal dominant inheritance,11.0,HP:0001133; HP:0007737; HP:0000662; HP:0007663; HP:0000505; HP:0007994; HP:0000510; HP:0007787; HP:0000543; HP:0007722; HP:0007843,Constriction of peripheral visual field; Spicular pigmentation of the retina; Nyctalopia; Reduced visual acuity; Visual impairment; Peripheral visual field loss; Rod-cone dystrophy; Posterior subcapsular cataract; Optic disc pallor; Retinal pigment epithelial atrophy; Attenuation of retinal blood vessels,0.0,1.0,0.0,1.0,0.0,0.0,0.0,0.0,0.0,0.0,0.0,0.0,0.0,0.0,0.0,exact_omim,OMIM:613983
CILP_0318,Secondary,Retinitis Pigmentosa,Retinitis Pigmentosa [OMIM phenotype 614180],RP61,614180,CLRN1,1,Retinal ciliopathy,AR,HP:0000007,Autosomal recessive inheritance,6.0,HP:0007737; HP:0000662; HP:0000505; HP:0007688; HP:0000510; HP:0007843,Spicular pigmentation of the retina; Nyctalopia; Visual impairment; Undetectable light- and dark-adapted electroretinogram; Rod-cone dystrophy; Attenuation of retinal blood vessels,0.0,1.0,0.0,1.0,0.0,0.0,0.0,0.0,0.0,0.0,0.0,0.0,0.0,0.0,0.0,exact_omim,OMIM:614180
CILP_0319,Secondary,Retinitis Pigmentosa,Retinitis Pigmentosa [OMIM phenotype 614181],RP62,614181,MAK,1,Retinal ciliopathy,AR,HP:0000007,Autosomal recessive inheritance,8.0,HP:0007737; HP:0000662; HP:0001123; HP:0007663; HP:0000543; HP:0000510; HP:0007843; HP:0011504,Spicular pigmentation of the retina; Nyctalopia; Visual field defect; Reduced visual acuity; Optic disc pallor; Rod-cone dystrophy; Attenuation of retinal blood vessels; Bull's eye maculopathy,0.0,1.0,0.0,1.0,0.0,0.0,0.0,0.0,0.0,0.0,0.0,0.0,0.0,0.0,0.0,exact_omim,OMIM:614181
CILP_0320,Secondary,Retinitis Pigmentosa,Retinitis Pigmentosa [OMIM phenotype 614500],RP64,614500,C8orf37,1,Retinal ciliopathy,AR,HP:0000007,Autosomal recessive inheritance,13.0,HP:0007737; HP:0000662; HP:0025147; HP:0100259; HP:0000529; HP:0000518; HP:0000613; HP:0007663; HP:0000548; HP:0007401; HP:0000543; HP:0000510; HP:0007843,Spicular pigmentation of the retina; Nyctalopia; Beaten bronze macular sheen; Postaxial polydactyly; Progressive visual loss; Cataract; Photophobia; Reduced visual acuity; Cone/cone-rod dystrophy; Macular atrophy; Optic disc pallor; Rod-cone dystrophy; Attenuation of retinal blood vessels,0.0,1.0,0.0,1.0,0.0,0.0,0.0,0.0,0.0,1.0,1.0,0.0,0.0,1.0,0.0,exact_omim,OMIM:614500
CILP_0321,Secondary,Retinitis Pigmentosa,Retinitis Pigmentosa [OMIM phenotype 615233],RP66,615233,RBP3,1,Retinal ciliopathy,AR,HP:0000007,Autosomal recessive inheritance,9.0,HP:0001133; HP:0007737; HP:0000662; HP:0007663; HP:0000505; HP:0000603; HP:0000543; HP:0007787; HP:0000510,Constriction of peripheral visual field; Spicular pigmentation of the retina; Nyctalopia; Reduced visual acuity; Visual impairment; Central scotoma; Optic disc pallor; Posterior subcapsular cataract; Rod-cone dystrophy,0.0,0.0,0.0,1.0,0.0,0.0,0.0,0.0,0.0,0.0,0.0,0.0,0.0,0.0,0.0,exact_omim,OMIM:615233
CILP_0322,Secondary,Retinitis Pigmentosa,Retinitis Pigmentosa [OMIM phenotype 615565],RP67,615565,NEK2,1,Retinal ciliopathy,AR,HP:0000007,Autosomal recessive inheritance,1.0,HP:0000510,Rod-cone dystrophy,0.0,0.0,0.0,1.0,0.0,0.0,0.0,0.0,0.0,0.0,0.0,0.0,0.0,0.0,0.0,exact_omim,OMIM:615565
CILP_0323,Secondary,Retinitis Pigmentosa,Retinitis Pigmentosa [OMIM phenotype 615725],RP68,615725,SLC7A14,1,Retinal ciliopathy,AR,HP:0000007,Autosomal recessive inheritance,6.0,HP:0007737; HP:0000662; HP:0001123; HP:0007663; HP:0000510; HP:0001105,Spicular pigmentation of the retina; Nyctalopia; Visual field defect; Reduced visual acuity; Rod-cone dystrophy; Retinal atrophy,0.0,0.0,0.0,1.0,0.0,0.0,0.0,0.0,0.0,0.0,0.0,0.0,0.0,0.0,0.0,exact_omim,OMIM:615725
CILP_0324,Secondary,Retinitis Pigmentosa,Retinitis Pigmentosa [OMIM phenotype 615780],RP69,615780,KIZ,1,Retinal ciliopathy,AR,HP:0000007,Autosomal recessive inheritance,7.0,HP:0001133; HP:0000550; HP:0034272; HP:0000662; HP:0000580; HP:0007663; HP:0000510,Constriction of peripheral visual field; Undetectable electroretinogram; Perifoveal hypoautofluorescence; Nyctalopia; Pigmentary retinopathy; Reduced visual acuity; Rod-cone dystrophy,0.0,0.0,0.0,1.0,0.0,0.0,0.0,0.0,0.0,0.0,0.0,0.0,0.0,0.0,0.0,exact_omim,OMIM:615780
CILP_0325,Secondary,Retinitis Pigmentosa,Retinitis Pigmentosa [OMIM phenotype 615922],RP70,615922,PRPF4,1,Retinal ciliopathy,AD,HP:0000006,Autosomal dominant inheritance,8.0,HP:0001133; HP:0000662; HP:0000608; HP:0000546; HP:0007663; HP:0000543; HP:0000510; HP:0007843,Constriction of peripheral visual field; Nyctalopia; Macular degeneration; Retinal degeneration; Reduced visual acuity; Optic disc pallor; Rod-cone dystrophy; Attenuation of retinal blood vessels,0.0,1.0,0.0,1.0,0.0,0.0,0.0,0.0,0.0,0.0,0.0,0.0,0.0,0.0,0.0,exact_omim,OMIM:615922
CILP_0326,Secondary,Retinitis Pigmentosa,Retinitis Pigmentosa [OMIM phenotype 616394],RP71,616394,IFT172,1,Retinal ciliopathy,AR,HP:0000007,Autosomal recessive inheritance,7.0,HP:0000662; HP:0002650; HP:0012426; HP:0030629; HP:0000543; HP:0000510; HP:0007843,Nyctalopia; Scoliosis; Optic disc drusen; Perifoveal ring of hyperautofluorescence; Optic disc pallor; Rod-cone dystrophy; Attenuation of retinal blood vessels,0.0,1.0,0.0,1.0,0.0,0.0,0.0,0.0,0.0,0.0,0.0,0.0,0.0,1.0,0.0,exact_omim,OMIM:616394
CILP_0327,Secondary,Retinitis Pigmentosa,Retinitis Pigmentosa [OMIM phenotype 616469],RP72,616469,ZNF408,1,Retinal ciliopathy,AR,HP:0000007,Autosomal recessive inheritance,11.0,HP:0001133; HP:0007737; HP:0000662; HP:0011003; HP:0500087; HP:0000613; HP:0007663; HP:0000543; HP:0007787; HP:0000510; HP:0007843,Constriction of peripheral visual field; Spicular pigmentation of the retina; Nyctalopia; High myopia; Peripapillary atrophy; Photophobia; Reduced visual acuity; Optic disc pallor; Posterior subcapsular cataract; Rod-cone dystrophy; Attenuation of retinal blood vessels,0.0,1.0,0.0,1.0,0.0,0.0,0.0,0.0,0.0,0.0,1.0,0.0,0.0,0.0,0.0,exact_omim,OMIM:616469
CILP_0328,Secondary,Retinitis Pigmentosa,Retinitis Pigmentosa [OMIM phenotype 616544],RP73,616544,HGSNAT,1,Retinal ciliopathy,AR,HP:0000007,Autosomal recessive inheritance,17.0,HP:0001133; HP:0007737; HP:0030501; HP:0000662; HP:0030786; HP:0000551; HP:0001123; HP:0031609; HP:0030529; HP:0100014; HP:0500087; HP:0007663; HP:0000603; HP:0000543; HP:0000510; HP:0000622; HP:0001105,Constriction of peripheral visual field; Spicular pigmentation of the retina; Macular crystals; Nyctalopia; Photopsia; Color vision defect; Visual field defect; Macular geographic atrophy; Ring scotoma; Epiretinal membrane; Peripapillary atrophy; Reduced visual acuity; Central scotoma; Optic disc pallor; Rod-cone dystrophy; Blurred vision; Retinal atrophy,0.0,0.0,0.0,1.0,0.0,0.0,0.0,0.0,0.0,0.0,0.0,0.0,0.0,0.0,0.0,exact_omim,OMIM:616544
CILP_0329,Secondary,Retinitis Pigmentosa,Retinitis Pigmentosa [OMIM phenotype 616562],RP74,616562,BBS2,1,Retinal ciliopathy,AR,HP:0000007,Autosomal recessive inheritance,9.0,HP:0001133; HP:0000580; HP:0010442; HP:0012210; HP:0007663; HP:0000543; HP:0001115; HP:0000510; HP:0001513,Constriction of peripheral visual field; Pigmentary retinopathy; Polydactyly; Abnormal renal morphology; Reduced visual acuity; Optic disc pallor; Posterior polar cataract; Rod-cone dystrophy; Obesity,0.0,0.0,0.0,1.0,0.0,1.0,0.0,1.0,0.0,1.0,0.0,0.0,0.0,1.0,0.0,exact_omim,OMIM:616562
CILP_0330,Secondary,Retinitis Pigmentosa,Retinitis Pigmentosa [OMIM phenotype 617023],RP75,617023,AGBL5,1,Retinal ciliopathy,AR,HP:0000007,Autosomal recessive inheritance,8.0,HP:0007737; HP:0000662; HP:0000980; HP:0031790; HP:0007994; HP:0000510; HP:0007843; HP:0000545,Spicular pigmentation of the retina; Nyctalopia; Pallor; Mixed astigmatism; Peripheral visual field loss; Rod-cone dystrophy; Attenuation of retinal blood vessels; Myopia,0.0,1.0,0.0,1.0,0.0,0.0,0.0,0.0,0.0,0.0,0.0,0.0,0.0,0.0,1.0,exact_omim,OMIM:617023
CILP_0331,Secondary,Retinitis Pigmentosa,Retinitis Pigmentosa [OMIM phenotype 617123],RP76,617123,POMGNT1,1,Retinal ciliopathy,AR,HP:0000007,Autosomal recessive inheritance,9.0,HP:0001133; HP:0007737; HP:0000662; HP:0500087; HP:0030631; HP:0007663; HP:0011505; HP:0030329; HP:6001439,Constriction of peripheral visual field; Spicular pigmentation of the retina; Nyctalopia; Peripapillary atrophy; Hyperautofluorescent macular lesion; Reduced visual acuity; Cystoid macular edema; Retinal thinning on OCT; Tigroid fundus,0.0,0.0,0.0,1.0,0.0,0.0,0.0,0.0,0.0,0.0,0.0,0.0,0.0,0.0,0.0,exact_omim,OMIM:617123
CILP_0332,Secondary,Retinitis Pigmentosa,Retinitis Pigmentosa [OMIM phenotype 617304],RP77,617304,REEP6,1,Retinal ciliopathy,AR,HP:0000007,Autosomal recessive inheritance,9.0,HP:0001133; HP:0007737; HP:0000662; HP:0011505; HP:0007663; HP:0007787; HP:0000510; HP:0007843; HP:0001105,Constriction of peripheral visual field; Spicular pigmentation of the retina; Nyctalopia; Cystoid macular edema; Reduced visual acuity; Posterior subcapsular cataract; Rod-cone dystrophy; Attenuation of retinal blood vessels; Retinal atrophy,0.0,1.0,0.0,1.0,0.0,0.0,0.0,0.0,0.0,0.0,0.0,0.0,0.0,0.0,0.0,exact_omim,OMIM:617304
CILP_0333,Secondary,Retinitis Pigmentosa,Retinitis Pigmentosa [OMIM phenotype 617433],RP78,617433,ARHGEF18,1,Retinal ciliopathy,AR,HP:0000007,Autosomal recessive inheritance,6.0,HP:0000662; HP:0030786; HP:0001123; HP:0007663; HP:0011505; HP:0000543,Nyctalopia; Photopsia; Visual field defect; Reduced visual acuity; Cystoid macular edema; Optic disc pallor,0.0,0.0,0.0,1.0,0.0,0.0,0.0,0.0,0.0,0.0,0.0,0.0,0.0,0.0,0.0,exact_omim,OMIM:617433
CILP_0334,Secondary,Retinitis Pigmentosa,Retinitis Pigmentosa [OMIM phenotype 617460],RP79,617460,HK1,1,Retinal ciliopathy,AD,HP:0000006,Autosomal dominant inheritance,8.0,HP:0001133; HP:0007737; HP:0000662; HP:0000613; HP:0007663; HP:0007401; HP:0000543; HP:0007843,Constriction of peripheral visual field; Spicular pigmentation of the retina; Nyctalopia; Photophobia; Reduced visual acuity; Macular atrophy; Optic disc pallor; Attenuation of retinal blood vessels,0.0,1.0,0.0,1.0,0.0,0.0,0.0,0.0,0.0,0.0,1.0,0.0,0.0,0.0,0.0,exact_omim,OMIM:617460
CILP_0335,Secondary,Retinitis Pigmentosa,Retinitis Pigmentosa [OMIM phenotype 617781],RP80,617781,IFT140,1,Retinal ciliopathy,AR,HP:0000007,Autosomal recessive inheritance,8.0,HP:0007737; HP:0000662; HP:0000529; HP:0001263; HP:0010230; HP:0000618; HP:0007401; HP:0007843,Spicular pigmentation of the retina; Nyctalopia; Progressive visual loss; Global developmental delay; Cone-shaped epiphyses of the phalanges of the hand; Blindness; Macular atrophy; Attenuation of retinal blood vessels,0.0,1.0,0.0,1.0,0.0,0.0,0.0,0.0,0.0,1.0,1.0,0.0,0.0,1.0,0.0,exact_omim,OMIM:617781
CILP_0336,Secondary,Retinitis Pigmentosa,Retinitis Pigmentosa [OMIM phenotype 617871],RP81,617871,IFT43,1,Retinal ciliopathy,AR,HP:0000007,Autosomal recessive inheritance,6.0,HP:0007737; HP:0000662; HP:0007663; HP:0000543; HP:0007843; HP:0007722,Spicular pigmentation of the retina; Nyctalopia; Reduced visual acuity; Optic disc pallor; Attenuation of retinal blood vessels; Retinal pigment epithelial atrophy,0.0,1.0,0.0,1.0,0.0,0.0,0.0,0.0,0.0,0.0,0.0,0.0,0.0,0.0,0.0,exact_omim,OMIM:617871
CILP_0337,Secondary,Retinitis Pigmentosa,Retinitis Pigmentosa [OMIM phenotype 618173],RP83,618173,ARL3,1,Retinal ciliopathy,AD,HP:0000006,Autosomal dominant inheritance,10.0,HP:0001133; HP:0100832; HP:0007737; HP:0000662; HP:0030672; HP:0007663; HP:0011505; HP:0000510; HP:0007787; HP:0007843,Constriction of peripheral visual field; Vitreous floaters; Spicular pigmentation of the retina; Nyctalopia; Asteroid hyalosis; Reduced visual acuity; Cystoid macular edema; Rod-cone dystrophy; Posterior subcapsular cataract; Attenuation of retinal blood vessels,0.0,1.0,0.0,1.0,0.0,0.0,0.0,0.0,0.0,0.0,0.0,0.0,0.0,0.0,0.0,exact_omim,OMIM:618173
CILP_0338,Secondary,Retinitis Pigmentosa,Retinitis Pigmentosa [OMIM phenotype 618220],RP84,618220,DHX38,1,Retinal ciliopathy,AR,HP:0000007,Autosomal recessive inheritance,8.0,HP:0007737; HP:0000662; HP:0000518; HP:0030553; HP:0007401; HP:0000510; HP:0007843; HP:0001116,Spicular pigmentation of the retina; Nyctalopia; Cataract; Visual acuity no light perception; Macular atrophy; Rod-cone dystrophy; Attenuation of retinal blood vessels; Macular pseudocoloboma,0.0,1.0,0.0,1.0,0.0,0.0,0.0,0.0,0.0,0.0,0.0,0.0,0.0,0.0,0.0,exact_omim,OMIM:618220
CILP_0339,Secondary,Retinitis Pigmentosa,Retinitis Pigmentosa [OMIM phenotype 618345],RP85,618345,AHR,1,Retinal ciliopathy,AR,HP:0000007,Autosomal recessive inheritance,3.0,HP:0007663; HP:0007675; HP:0000510,Reduced visual acuity; Progressive night blindness; Rod-cone dystrophy,0.0,0.0,0.0,1.0,0.0,0.0,0.0,0.0,0.0,0.0,0.0,0.0,0.0,0.0,0.0,exact_omim,OMIM:618345
CILP_0340,Secondary,Retinitis Pigmentosa,Retinitis Pigmentosa [OMIM phenotype 618613],RP86,618613,KIAA1549,1,Retinal ciliopathy,AR,HP:0000007,Autosomal recessive inheritance,10.0,HP:0007737; HP:0000662; HP:0000529; HP:0025158; HP:0100019; HP:0000543; HP:0011505; HP:0007843; HP:0007722; HP:0030505,Spicular pigmentation of the retina; Nyctalopia; Progressive visual loss; Hyperautofluorescent retinal lesion; Cortical cataract; Optic disc pallor; Cystoid macular edema; Attenuation of retinal blood vessels; Retinal pigment epithelial atrophy; Nummular pigmentation of the retina,0.0,1.0,0.0,1.0,0.0,0.0,0.0,0.0,0.0,0.0,0.0,0.0,0.0,0.0,0.0,exact_omim,OMIM:618613
CILP_0341,Secondary,Retinitis Pigmentosa,Retinitis Pigmentosa [OMIM phenotype 618697],RP87,618697,RPE65,1,Retinal ciliopathy,AD,HP:0000006,Autosomal dominant inheritance,5.0,HP:0007737; HP:0000580; HP:0007994; HP:0030505; HP:0000533,Spicular pigmentation of the retina; Pigmentary retinopathy; Peripheral visual field loss; Nummular pigmentation of the retina; Chorioretinal atrophy,0.0,0.0,0.0,1.0,0.0,0.0,0.0,0.0,0.0,0.0,0.0,0.0,0.0,0.0,0.0,exact_omim,OMIM:618697
CILP_0342,Secondary,Retinitis Pigmentosa,Retinitis Pigmentosa [OMIM phenotype 618826],RP88,618826,RP1L1,1,Retinal ciliopathy,AR,HP:0000007,Autosomal recessive inheritance,8.0,HP:0007737; HP:0000662; HP:0000608; HP:0007663; HP:0011505; HP:0000543; HP:0007843; HP:0000577,Spicular pigmentation of the retina; Nyctalopia; Macular degeneration; Reduced visual acuity; Cystoid macular edema; Optic disc pallor; Attenuation of retinal blood vessels; Exotropia,0.0,1.0,0.0,1.0,0.0,0.0,0.0,0.0,0.0,0.0,0.0,0.0,0.0,0.0,0.0,exact_omim,OMIM:618826
CILP_0343,Secondary,Retinitis Pigmentosa,Retinitis Pigmentosa [OMIM phenotype 618955],RP89,618955,KIF3B,1,Retinal ciliopathy,AD,HP:0000006,Autosomal dominant inheritance,13.0,HP:0001133; HP:0000662; HP:0025158; HP:0001395; HP:0030473; HP:0002040; HP:0033149; HP:0030329; HP:0100259; HP:0001647; HP:0000510; HP:0001433; HP:0001413,Constriction of peripheral visual field; Nyctalopia; Hyperautofluorescent retinal lesion; Hepatic fibrosis; Abnormal light-adapted flicker electroretinogram; Esophageal varix; Intrahepatic bile duct dilatation; Retinal thinning on OCT; Postaxial polydactyly; Bicuspid aortic valve; Rod-cone dystrophy; Hepatosplenomegaly; Micronodular cirrhosis,1.0,1.0,0.0,1.0,0.0,0.0,1.0,0.0,0.0,1.0,0.0,0.0,0.0,1.0,0.0,exact_omim,OMIM:618955
CILP_0344,Secondary,Retinitis Pigmentosa,Retinitis Pigmentosa [OMIM phenotype 619007],RP90,619007,IDH3A,1,Retinal ciliopathy,AR,HP:0000007,Autosomal recessive inheritance,9.0,HP:0001133; HP:0007737; HP:0000662; HP:0000486; HP:0025158; HP:0011505; HP:0007663; HP:0007843; HP:0007722,Constriction of peripheral visual field; Spicular pigmentation of the retina; Nyctalopia; Strabismus; Hyperautofluorescent retinal lesion; Cystoid macular edema; Reduced visual acuity; Attenuation of retinal blood vessels; Retinal pigment epithelial atrophy,0.0,1.0,0.0,1.0,0.0,0.0,0.0,0.0,0.0,0.0,0.0,0.0,0.0,0.0,0.0,exact_omim,OMIM:619007
CILP_0345,Secondary,Retinitis Pigmentosa,Retinitis Pigmentosa [OMIM phenotype No MIM Number],RP,No MIM Number,BBS1; CEP290; CEP83; CFAP20,4,Retinal ciliopathy,XLR; AR; AD,HP:0001419; HP:0000007; HP:0000006,X-linked recessive inheritance; Autosomal recessive inheritance; Autosomal dominant inheritance,34.0,HP:0001133; HP:0000662; HP:0031605; HP:0000510; HP:0000405; HP:0000407; HP:0000505; HP:0000512; HP:0000546; HP:0000613; HP:0000618; HP:0000639; HP:0000648; HP:0007675; HP:0007703; HP:0007737; HP:0008046; HP:0000501; HP:0000543; HP:0000563; HP:0000602; HP:0000842; HP:0001105; HP:0007787; HP:0007843; HP:0007994; HP:0011505; HP:0012426; HP:0030466; HP:0030488; HP:0030610; HP:0000551; HP:0007663; HP:0030786,Constriction of peripheral visual field; Nyctalopia; Abnormal fundus pigmentation; Rod-cone dystrophy; Conductive hearing impairment; Sensorineural hearing impairment; Visual impairment; Abnormal electroretinogram; Retinal degeneration; Photophobia; Blindness; Nystagmus; Optic atrophy; Progressive night blindness; Abnormal retinal pigmentation; Spicular pigmentation of the retina; Abnormal retinal vascular morphology; Glaucoma; Optic disc pallor; Keratoconus; Ophthalmoplegia; Hyperinsulinemia; Retinal atrophy; Posterior subcapsular cataract; Attenuation of retinal blood vessels; Peripheral visual field loss; Cystoid macular edema; Optic disc drusen; Abnormal full-field electroretinogram; Abnormal central response of multifocal electroretinogram; Photoreceptor outer segment loss on macular OCT; Color vision defect; Reduced visual acuity; Photopsia,0.0,1.0,1.0,1.0,1.0,0.0,0.0,0.0,0.0,0.0,1.0,1.0,0.0,0.0,0.0,exact_name_db,OMIM:268000; ORPHA:791
CILP_0346,Primary,STAR Syndrome,STAR Syndrome [OMIM phenotype 300707],STAR,300707,CCNQ,1,Atypical / secondary ciliopathy,XLD,HP:0001423,X-linked dominant inheritance,41.0,HP:0000066; HP:0000143; HP:0001770; HP:0002023; HP:0004322; HP:0003298; HP:0000460; HP:0001153; HP:0001647; HP:0000954; HP:0000337; HP:0000813; HP:0000219; HP:0000455; HP:0004736; HP:0009921; HP:0010716; HP:0001363; HP:0000076; HP:0001382; HP:0000072; HP:0005343; HP:0000394; HP:0004692; HP:0011003; HP:0005280; HP:0034350; HP:0001518; HP:0000506; HP:0004969; HP:0004209; HP:0008665; HP:0009779; HP:0001511; HP:0000125; HP:0001631; HP:0000369; HP:0001776; HP:0000126; HP:0001655; HP:0000445,Labial hypoplasia; Rectovaginal fistula; Toe syndactyly; Anal atresia; Short stature; Spina bifida occulta; Narrow nose; Septate vagina; Bicuspid aortic valve; Single transverse palmar crease; Broad forehead; Bicornuate uterus; Thin upper lip vermilion; Broad nasal tip; Crossed fused renal ectopia; Duane anomaly; 3-5 toe syndactyly; Craniosynostosis; Vesicoureteral reflux; Joint hypermobility; Hydroureter; Hypoplasia of the bladder; Lop ear; 4-5 toe syndactyly; High myopia; Depressed nasal bridge; Valvular pulmonary stenosis; Small for gestational age; Telecanthus; Peripheral pulmonary artery stenosis; Clinodactyly of the 5th finger; Clitoral hypertrophy; 3-4 toe syndactyly; Intrauterine growth retardation; Pelvic kidney; Atrial septal defect; Low-set ears; Bilateral talipes equinovarus; Hydronephrosis; Patent foramen ovale; Wide nose,1.0,1.0,0.0,1.0,1.0,1.0,0.0,1.0,1.0,1.0,1.0,0.0,1.0,1.0,1.0,exact_omim,OMIM:300707
CILP_0347,Primary,Senior-Løken Syndrome,Senior-Løken Syndrome [OMIM phenotype 266900],SLSN1,266900,NPHP1,1,Renal-hepatic ciliopathy,AR,HP:0000007,Autosomal recessive inheritance,12.0,HP:0003774; HP:0005576; HP:0000083; HP:0020132; HP:0000090; HP:0001959; HP:0001903; HP:0004727; HP:0000103; HP:0003259; HP:0001249; HP:0000556,Stage 5 chronic kidney disease; Tubulointerstitial fibrosis; Renal insufficiency; Thickening of the tubular basement membrane; Nephronophthisis; Polydipsia; Anemia; Impaired renal concentrating ability; Polyuria; Elevated circulating creatinine concentration; Intellectual disability; Retinal dystrophy,0.0,0.0,0.0,1.0,0.0,1.0,0.0,0.0,0.0,0.0,1.0,1.0,0.0,0.0,0.0,exact_omim,OMIM:266900
CILP_0348,Primary,Senior-Løken Syndrome,Senior-Løken Syndrome [OMIM phenotype 606996],SLSN4,606996,NPHP4,1,Renal-hepatic ciliopathy,AR,HP:0000007,Autosomal recessive inheritance,9.0,HP:0003774; HP:0001583; HP:0001959; HP:0001903; HP:0001141; HP:0000646; HP:0000090; HP:0000103; HP:0000510,Stage 5 chronic kidney disease; Rotary nystagmus; Polydipsia; Anemia; Severely reduced visual acuity; Amblyopia; Nephronophthisis; Polyuria; Rod-cone dystrophy,0.0,0.0,0.0,1.0,0.0,1.0,0.0,0.0,0.0,0.0,1.0,0.0,0.0,0.0,0.0,exact_omim,OMIM:606996
CILP_0349,Primary,Senior-Løken Syndrome,Senior-Løken Syndrome [OMIM phenotype 609254],SLSN5,609254,IQCB1,1,Renal-hepatic ciliopathy,AR,HP:0000007,Autosomal recessive inheritance,3.0,HP:0003774; HP:0000090; HP:0000510,Stage 5 chronic kidney disease; Nephronophthisis; Rod-cone dystrophy,0.0,0.0,0.0,1.0,0.0,1.0,0.0,0.0,0.0,0.0,0.0,0.0,0.0,0.0,0.0,exact_omim,OMIM:609254
CILP_0350,Primary,Senior-Løken Syndrome,Senior-Løken Syndrome [OMIM phenotype 610189],SLSN6,610189,CEP290,1,Renal-hepatic ciliopathy,AR,HP:0000007,Autosomal recessive inheritance,5.0,HP:0003774; HP:0006817; HP:0007663; HP:0000505; HP:0000510,Stage 5 chronic kidney disease; Aplasia/Hypoplasia of the cerebellar vermis; Reduced visual acuity; Visual impairment; Rod-cone dystrophy,0.0,0.0,0.0,1.0,0.0,1.0,0.0,0.0,0.0,0.0,1.0,0.0,0.0,0.0,0.0,exact_omim,OMIM:610189
CILP_0351,Primary,Senior-Løken Syndrome,Senior-Løken Syndrome [OMIM phenotype 613615],SLSN7,613615,SDCCAG8,1,Renal-hepatic ciliopathy,AR,HP:0000007,Autosomal recessive inheritance,3.0,HP:0001256; HP:0000090; HP:0000546,Mild intellectual disability; Nephronophthisis; Retinal degeneration,0.0,0.0,0.0,1.0,0.0,1.0,0.0,0.0,0.0,0.0,1.0,0.0,0.0,0.0,0.0,exact_omim,OMIM:613615
CILP_0352,Primary,Senior-Løken Syndrome,Senior-Løken Syndrome [OMIM phenotype 616307],SLSN8,616307,WDR19,1,Renal-hepatic ciliopathy,AR,HP:0000007,Autosomal recessive inheritance,15.0,HP:0003774; HP:0000980; HP:0000090; HP:0033149; HP:0010442; HP:0033601; HP:0007663; HP:0002617; HP:0001407; HP:0001737; HP:0000505; HP:0007401; HP:0004737; HP:0000510; HP:0000556,Stage 5 chronic kidney disease; Pallor; Nephronophthisis; Intrahepatic bile duct dilatation; Polydactyly; Glomerular subepithelial immune-complex deposits; Reduced visual acuity; Vascular dilatation; Hepatic cysts; Pancreatic cysts; Visual impairment; Macular atrophy; Global glomerulosclerosis; Rod-cone dystrophy; Retinal dystrophy,1.0,1.0,0.0,1.0,0.0,1.0,0.0,0.0,0.0,1.0,0.0,0.0,0.0,1.0,1.0,exact_omim,OMIM:616307
CILP_0353,Primary,Senior-Løken Syndrome,Senior-Løken Syndrome [OMIM phenotype 616629],SLSN9,616629,TRAF3IP1,1,Renal-hepatic ciliopathy,AR,HP:0000007,Autosomal recessive inheritance,17.0,HP:0003774; HP:0001396; HP:0000486; HP:0001970; HP:0001263; HP:0001395; HP:0000090; HP:0010442; HP:0000639; HP:0000608; HP:0000938; HP:0000510; HP:0000135; HP:0008802; HP:0001513; HP:0000556; HP:0004469,Stage 5 chronic kidney disease; Cholestasis; Strabismus; Tubulointerstitial nephritis; Global developmental delay; Hepatic fibrosis; Nephronophthisis; Polydactyly; Nystagmus; Macular degeneration; Osteopenia; Rod-cone dystrophy; Hypogonadism; Hypoplasia of the femoral head; Obesity; Retinal dystrophy; Chronic bronchitis,1.0,0.0,1.0,1.0,0.0,1.0,0.0,1.0,0.0,1.0,1.0,0.0,1.0,1.0,0.0,exact_omim,OMIM:616629
CILP_0354,Primary,Senior-Løken Syndrome,Senior-Løken Syndrome [OMIM phenotype No MIM Number],SLSN,No MIM Number,NPHP3,1,Renal-hepatic ciliopathy,AR,HP:0000007,Autosomal recessive inheritance,42.0,HP:0003774; HP:0005576; HP:0000083; HP:0020132; HP:0000090; HP:0001959; HP:0001903; HP:0004727; HP:0000103; HP:0003259; HP:0001249; HP:0000556; HP:0001583; HP:0001141; HP:0000646; HP:0000510; HP:0006817; HP:0007663; HP:0000505; HP:0001256; HP:0000546; HP:0000980; HP:0033149; HP:0010442; HP:0033601; HP:0002617; HP:0001407; HP:0001737; HP:0007401; HP:0004737; HP:0001396; HP:0000486; HP:0001970; HP:0001263; HP:0001395; HP:0000639; HP:0000608; HP:0000938; HP:0000135; HP:0008802; HP:0001513; HP:0004469,Stage 5 chronic kidney disease; Tubulointerstitial fibrosis; Renal insufficiency; Thickening of the tubular basement membrane; Nephronophthisis; Polydipsia; Anemia; Impaired renal concentrating ability; Polyuria; Elevated circulating creatinine concentration; Intellectual disability; Retinal dystrophy; Rotary nystagmus; Severely reduced visual acuity; Amblyopia; Rod-cone dystrophy; Aplasia/Hypoplasia of the cerebellar vermis; Reduced visual acuity; Visual impairment; Mild intellectual disability; Retinal degeneration; Pallor; Intrahepatic bile duct dilatation; Polydactyly; Glomerular subepithelial immune-complex deposits; Vascular dilatation; Hepatic cysts; Pancreatic cysts; Macular atrophy; Global glomerulosclerosis; Cholestasis; Strabismus; Tubulointerstitial nephritis; Global developmental delay; Hepatic fibrosis; Nystagmus; Macular degeneration; Osteopenia; Hypogonadism; Hypoplasia of the femoral head; Obesity; Chronic bronchitis,1.0,1.0,1.0,1.0,0.0,1.0,0.0,1.0,0.0,1.0,1.0,1.0,1.0,1.0,1.0,family_aggregate_from_exact_omim,OMIM:266900; OMIM:606996; OMIM:609254; OMIM:610189; OMIM:613615; OMIM:616307; OMIM:616629
CILP_0355,Secondary,"Short Stature, Onychodysplasia, Facial Dysmorphism, and Hypotrichosis","Short Stature, Onychodysplasia, Facial Dysmorphism, and Hypotrichosis [OMIM phenotype 614813]",SOFT,614813,POC1A,1,General / needs curation,AR,HP:0000007,Autosomal recessive inheritance,47.0,HP:0000164; HP:0001792; HP:0000343; HP:0001773; HP:0008905; HP:0001156; HP:0002164; HP:0001252; HP:0001290; HP:0010049; HP:0000060; HP:0008070; HP:0010743; HP:0000819; HP:0100864; HP:0001508; HP:0011220; HP:0000938; HP:0008551; HP:0009882; HP:0000316; HP:0002515; HP:0030084; HP:0009765; HP:0000455; HP:0001620; HP:0000256; HP:0000798; HP:0000358; HP:0000252; HP:0008839; HP:0002376; HP:0000276; HP:0003187; HP:0000490; HP:0001263; HP:0004590; HP:0010579; HP:0001518; HP:0000448; HP:0000348; HP:0000307; HP:0200055; HP:0001510; HP:0000303; HP:0000325; HP:0000369,Abnormality of the dentition; Small nail; Long philtrum; Short foot; Rhizomelia; Brachydactyly; Nail dysplasia; Hypotonia; Generalized hypotonia; Short metacarpal; Clitoral hypoplasia; Sparse hair; Short metatarsal; Diabetes mellitus; Short femoral neck; Failure to thrive; Prominent forehead; Osteopenia; Microtia; Short distal phalanx of finger; Hypertelorism; Waddling gait; Clinodactyly; Low hanging columella; Broad nasal tip; Abnormally high-pitched voice; Macrocephaly; Oligozoospermia; Posteriorly rotated ears; Microcephaly; Hypoplastic pelvis; Developmental regression; Long face; Breast hypoplasia; Deeply set eye; Global developmental delay; Hypoplastic sacrum; Cone-shaped epiphysis; Small for gestational age; Prominent nose; High forehead; Pointed chin; Small hand; Growth delay; Mandibular prognathia; Triangular face; Low-set ears,0.0,0.0,1.0,1.0,1.0,1.0,0.0,1.0,1.0,1.0,1.0,1.0,0.0,1.0,1.0,exact_omim,OMIM:614813
CILP_0356,Primary,Short-rib Thoracic Dysplasia,Short-rib Thoracic Dysplasia [OMIM phenotype 263520],SRTD6,263520,NEK1,1,Skeletal ciliopathy,DIGENIC; AR,HP:0010984; HP:0000007,Digenic inheritance; Autosomal recessive inheritance,40.0,HP:0001177; HP:0002089; HP:0005873; HP:0000540; HP:0001156; HP:0000062; HP:0000161; HP:0001395; HP:0001270; HP:0001629; HP:0001789; HP:0001302; HP:0000774; HP:0000895; HP:0000113; HP:0000773; HP:0000556; HP:0005349; HP:0001600; HP:0001320; HP:0005766; HP:0003026; HP:0000054; HP:0006956; HP:0000175; HP:0003027; HP:0000750; HP:0001162; HP:0000171; HP:0011802; HP:0005180; HP:0100732; HP:0000926; HP:0000888; HP:0005817; HP:0000768; HP:0001631; HP:0006644; HP:0002566; HP:0000248,Preaxial hand polydactyly; Pulmonary hypoplasia; Polysyndactyly of hallux; Hypermetropia; Brachydactyly; Ambiguous genitalia; Median cleft upper lip; Hepatic fibrosis; Motor delay; Ventricular septal defect; Hydrops fetalis; Pachygyria; Narrow chest; Lateral clavicle hook; Polycystic kidney dysplasia; Short ribs; Retinal dystrophy; Hypoplasia of the epiglottis; Abnormality of the larynx; Cerebellar vermis hypoplasia; Disproportionate shortening of the tibia; Short long bone; Micropenis; Lateral ventricle dilatation; Cleft palate; Mesomelia; Delayed speech and language development; Postaxial hand polydactyly; Microglossia; Hamartoma of tongue; Tricuspid regurgitation; Pancreatic fibrosis; Platyspondyly; Horizontal ribs; Postaxial polysyndactyly of foot; Pectus carinatum; Atrial septal defect; Thoracic dysplasia; Intestinal malrotation; Brachycephaly,1.0,1.0,0.0,1.0,0.0,1.0,0.0,0.0,1.0,1.0,1.0,1.0,1.0,1.0,0.0,exact_omim,OMIM:263520
CILP_0357,Primary,Short-rib Thoracic Dysplasia,Short-rib Thoracic Dysplasia [OMIM phenotype 266920],SRTD9,266920,IFT140,1,Skeletal ciliopathy,AR,HP:0000007,Autosomal recessive inheritance,93.0,HP:0002421; HP:0004322; HP:0005257; HP:0000243; HP:0000518; HP:0000639; HP:0000510; HP:0007843; HP:0000358; HP:0000252; HP:0000090; HP:0040022; HP:0005819; HP:0009576; HP:0001737; HP:0004209; HP:0000369; HP:0000341; HP:0001396; HP:0000582; HP:0008905; HP:0001395; HP:0002240; HP:0010306; HP:0009162; HP:0002119; HP:0000218; HP:0002236; HP:0034281; HP:0000973; HP:0000110; HP:0001162; HP:0005487; HP:0000073; HP:0000193; HP:0000470; HP:0000191; HP:0000107; HP:0000348; HP:0002007; HP:0001433; HP:0000347; HP:0001831; HP:0000286; HP:0001256; HP:0001250; HP:0001252; HP:0001251; HP:0000319; HP:0011220; HP:0000316; HP:0002612; HP:0000158; HP:0000556; HP:0000572; HP:0002079; HP:0000293; HP:0001263; HP:0000691; HP:0000969; HP:0000729; HP:0000608; HP:0001537; HP:0030151; HP:0007994; HP:0000963; HP:0000687; HP:0030799; HP:0003774; HP:0000260; HP:0002286; HP:0001230; HP:0003090; HP:0010743; HP:0100864; HP:0001508; HP:0001903; HP:0010230; HP:0000938; HP:0000774; HP:0000773; HP:0009803; HP:0000550; HP:0000154; HP:0001363; HP:0000431; HP:0005565; HP:0005280; HP:0032988; HP:0001919; HP:0000822; HP:0002209; HP:0002205,Poor head control; Short stature; Thoracic hypoplasia; Trigonocephaly; Cataract; Nystagmus; Rod-cone dystrophy; Attenuation of retinal blood vessels; Posteriorly rotated ears; Microcephaly; Nephronophthisis; Clinodactyly of the 2nd finger; Short middle phalanx of finger; Absent middle phalanx of 2nd finger; Pancreatic cysts; Clinodactyly of the 5th finger; Low-set ears; Narrow forehead; Cholestasis; Upslanted palpebral fissure; Rhizomelia; Hepatic fibrosis; Hepatomegaly; Short thorax; Absent middle phalanx of 5th finger; Ventriculomegaly; High palate; Frontal upsweep of hair; Phalangeal cone-shaped epiphyses; Cutis laxa; Renal dysplasia; Postaxial hand polydactyly; Prominent metopic ridge; Ureteral duplication; Bifid uvula; Short neck; Accessory oral frenulum; Renal cyst; High forehead; Frontal bossing; Hepatosplenomegaly; Micrognathia; Short toe; Epicanthus; Mild intellectual disability; Seizure; Hypotonia; Ataxia; Smooth philtrum; Prominent forehead; Hypertelorism; Congenital hepatic fibrosis; Macroglossia; Retinal dystrophy; Visual loss; Hypoplasia of the corpus callosum; Full cheeks; Global developmental delay; Microdontia; Edema; Autistic behavior; Macular degeneration; Umbilical hernia; Cholangitis; Peripheral visual field loss; Thin skin; Widely spaced teeth; Scaphocephaly; Stage 5 chronic kidney disease; Wide anterior fontanel; Fair hair; Broad metacarpals; Hypoplasia of the capital femoral epiphysis; Short metatarsal; Short femoral neck; Failure to thrive; Anemia; Cone-shaped epiphyses of the phalanges of the hand; Osteopenia; Narrow chest; Short ribs; Short phalanx of finger; Undetectable electroretinogram; Wide mouth; Craniosynostosis; Wide nasal bridge; Reduced renal corticomedullary differentiation; Depressed nasal bridge; Persistent head lag; Acute kidney injury; Hypertension; Sparse scalp hair; Recurrent respiratory infections,1.0,1.0,0.0,1.0,1.0,1.0,1.0,1.0,1.0,1.0,1.0,1.0,1.0,1.0,1.0,exact_omim,OMIM:266920
CILP_0358,Primary,Short-rib Thoracic Dysplasia,Short-rib Thoracic Dysplasia [OMIM phenotype 611263],SRTD2,611263,IFT80,1,Skeletal ciliopathy,AR,HP:0000007,Autosomal recessive inheritance,8.0,HP:0003027; HP:0001773; HP:0008905; HP:0001156; HP:0001162; HP:0010049; HP:0000774; HP:0001169,Mesomelia; Short foot; Rhizomelia; Brachydactyly; Postaxial hand polydactyly; Short metacarpal; Narrow chest; Broad palm,0.0,0.0,0.0,0.0,0.0,0.0,0.0,1.0,0.0,1.0,0.0,0.0,0.0,1.0,0.0,exact_omim,OMIM:611263
CILP_0359,Primary,Short-rib Thoracic Dysplasia,Short-rib Thoracic Dysplasia [OMIM phenotype 613091],SRTD3,613091,DYNC2H1,1,Skeletal ciliopathy,DIGENIC; AR,HP:0010984; HP:0000007,Digenic inheritance; Autosomal recessive inheritance,33.0,HP:0003038; HP:0003016; HP:0002980; HP:0002023; HP:0005257; HP:0001156; HP:0004322; HP:0000062; HP:0001274; HP:0005054; HP:0010297; HP:0000895; HP:0000773; HP:0000113; HP:0003026; HP:0000110; HP:0000054; HP:0000175; HP:0002650; HP:0001762; HP:0003022; HP:0011927; HP:0002350; HP:0010454; HP:0011802; HP:0010579; HP:0100259; HP:0100258; HP:0000888; HP:0009556; HP:0002566; HP:0000105; HP:0000204,Fibular hypoplasia; Metaphyseal widening; Femoral bowing; Anal atresia; Thoracic hypoplasia; Brachydactyly; Short stature; Ambiguous genitalia; Agenesis of corpus callosum; Metaphyseal spurs; Bifid tongue; Lateral clavicle hook; Short ribs; Polycystic kidney dysplasia; Short long bone; Renal dysplasia; Micropenis; Cleft palate; Scoliosis; Talipes equinovarus; Hypoplasia of the ulna; Short digit; Cerebellar cyst; Acetabular spurs; Hamartoma of tongue; Cone-shaped epiphysis; Postaxial polydactyly; Preaxial polydactyly; Horizontal ribs; Absent tibia; Intestinal malrotation; Enlarged kidney; Cleft upper lip,1.0,0.0,0.0,0.0,0.0,1.0,0.0,1.0,1.0,1.0,1.0,0.0,0.0,1.0,0.0,exact_omim,OMIM:613091
CILP_0360,Primary,Short-rib Thoracic Dysplasia,Short-rib Thoracic Dysplasia [OMIM phenotype 613819],SRTD4,613819,TTC21B,1,Skeletal ciliopathy,AR,HP:0000007,Autosomal recessive inheritance,8.0,HP:0003026; HP:0003774; HP:0002650; HP:0004322; HP:0001156; HP:0001407; HP:0010442; HP:0000774,Short long bone; Stage 5 chronic kidney disease; Scoliosis; Short stature; Brachydactyly; Hepatic cysts; Polydactyly; Narrow chest,1.0,0.0,0.0,0.0,0.0,1.0,0.0,1.0,0.0,1.0,0.0,0.0,0.0,1.0,0.0,exact_omim,OMIM:613819
CILP_0361,Primary,Short-rib Thoracic Dysplasia,Short-rib Thoracic Dysplasia [OMIM phenotype 614091],SRTD7,614091,WDR35,1,Skeletal ciliopathy,AR,HP:0000007,Autosomal recessive inheritance,37.0,HP:0000286; HP:0002983; HP:0000882; HP:0002089; HP:0000200; HP:0000089; HP:0001156; HP:0004322; HP:0002164; HP:0001395; HP:0010442; HP:0008070; HP:0100840; HP:0009882; HP:0001789; HP:0000218; HP:0000774; HP:0000773; HP:0000113; HP:0000476; HP:0003026; HP:0003027; HP:0002213; HP:0000175; HP:0001541; HP:0000691; HP:0010812; HP:0003180; HP:0100259; HP:0000107; HP:0006487; HP:0001159; HP:0000268; HP:0000047; HP:0006644; HP:0011090; HP:0006349,Epicanthus; Micromelia; Hypoplastic scapulae; Pulmonary hypoplasia; Short lingual frenulum; Renal hypoplasia; Brachydactyly; Short stature; Nail dysplasia; Hepatic fibrosis; Polydactyly; Sparse hair; Aplasia/Hypoplasia of the eyebrow; Short distal phalanx of finger; Hydrops fetalis; High palate; Narrow chest; Short ribs; Polycystic kidney dysplasia; Cystic hygroma; Short long bone; Mesomelia; Fine hair; Cleft palate; Ascites; Microdontia; Short uvula; Flat acetabular roof; Postaxial polydactyly; Renal cyst; Bowing of the long bones; Syndactyly; Dolichocephaly; Hypospadias; Thoracic dysplasia; Fused teeth; Agenesis of permanent teeth,1.0,0.0,0.0,0.0,0.0,1.0,0.0,1.0,1.0,1.0,0.0,1.0,1.0,1.0,1.0,exact_omim,OMIM:614091
CILP_0362,Primary,Short-rib Thoracic Dysplasia,Short-rib Thoracic Dysplasia [OMIM phenotype 614376],SRTD5,614376,WDR19,1,Skeletal ciliopathy,AR,HP:0000007,Autosomal recessive inheritance,27.0,HP:0004743; HP:0003774; HP:0003016; HP:0008905; HP:0001773; HP:0001156; HP:0000023; HP:0000089; HP:0004322; HP:0002240; HP:0006371; HP:0000518; HP:0100866; HP:0000219; HP:0000774; HP:0007843; HP:0002558; HP:0000099; HP:0000431; HP:0000293; HP:0010454; HP:0000093; HP:0002091; HP:0008081; HP:0006644; HP:0000545; HP:0003259,Chronic tubulointerstitial nephritis; Stage 5 chronic kidney disease; Metaphyseal widening; Rhizomelia; Short foot; Brachydactyly; Inguinal hernia; Renal hypoplasia; Short stature; Hepatomegaly; Broad long bone diaphyses; Cataract; Short iliac bones; Thin upper lip vermilion; Narrow chest; Attenuation of retinal blood vessels; Supernumerary nipple; Glomerulonephritis; Wide nasal bridge; Full cheeks; Acetabular spurs; Proteinuria; Restrictive ventilatory defect; Pes valgus; Thoracic dysplasia; Myopia; Elevated circulating creatinine concentration,1.0,1.0,0.0,1.0,0.0,1.0,1.0,1.0,1.0,1.0,0.0,1.0,1.0,1.0,0.0,exact_omim,OMIM:614376
CILP_0363,Primary,Short-rib Thoracic Dysplasia,Short-rib Thoracic Dysplasia [OMIM phenotype 615503],SRTD8,615503,DYNC2I1,1,Skeletal ciliopathy,AR,HP:0000007,Autosomal recessive inheritance,20.0,HP:0003026; HP:0001561; HP:0002980; HP:0002089; HP:0001156; HP:0004322; HP:0000062; HP:0010454; HP:0005280; HP:0100732; HP:0100259; HP:0100258; HP:0001508; HP:0001629; HP:0000895; HP:0000774; HP:0001159; HP:0000256; HP:0000773; HP:0006644,Short long bone; Polyhydramnios; Femoral bowing; Pulmonary hypoplasia; Brachydactyly; Short stature; Ambiguous genitalia; Acetabular spurs; Depressed nasal bridge; Pancreatic fibrosis; Postaxial polydactyly; Preaxial polydactyly; Failure to thrive; Ventricular septal defect; Lateral clavicle hook; Narrow chest; Syndactyly; Macrocephaly; Short ribs; Thoracic dysplasia,1.0,1.0,0.0,0.0,0.0,1.0,0.0,1.0,1.0,1.0,0.0,0.0,1.0,1.0,0.0,exact_omim,OMIM:615503
CILP_0364,Primary,Short-rib Thoracic Dysplasia,Short-rib Thoracic Dysplasia [OMIM phenotype 615630],SRTD10,615630,IFT172,1,Skeletal ciliopathy,AR,HP:0000007,Autosomal recessive inheritance,30.0,HP:0001396; HP:0001399; HP:0000662; HP:0005257; HP:0004322; HP:0001156; HP:0001591; HP:0001395; HP:0002240; HP:0012622; HP:0001629; HP:0010230; HP:0000657; HP:0000238; HP:0002119; HP:0002857; HP:0000895; HP:0000773; HP:0001744; HP:0001249; HP:0001320; HP:0003026; HP:0001162; HP:0000090; HP:0040270; HP:0000546; HP:0000202; HP:0006644; HP:0001513; HP:0001952,Cholestasis; Hepatic failure; Nyctalopia; Thoracic hypoplasia; Short stature; Brachydactyly; Bell-shaped thorax; Hepatic fibrosis; Hepatomegaly; Chronic kidney disease; Ventricular septal defect; Cone-shaped epiphyses of the phalanges of the hand; Oculomotor apraxia; Hydrocephalus; Ventriculomegaly; Genu valgum; Lateral clavicle hook; Short ribs; Splenomegaly; Intellectual disability; Cerebellar vermis hypoplasia; Short long bone; Postaxial hand polydactyly; Nephronophthisis; Impaired glucose tolerance; Retinal degeneration; Orofacial cleft; Thoracic dysplasia; Obesity; Glucose intolerance,1.0,1.0,0.0,1.0,0.0,1.0,1.0,1.0,1.0,1.0,1.0,1.0,0.0,1.0,0.0,exact_omim,OMIM:615630
CILP_0365,Primary,Short-rib Thoracic Dysplasia,Short-rib Thoracic Dysplasia [OMIM phenotype 615633],SRTD11,615633,DYNC2I2,1,Skeletal ciliopathy,AR,HP:0000007,Autosomal recessive inheritance,16.0,HP:0000121; HP:0003026; HP:0001561; HP:0000750; HP:0001156; HP:0001591; HP:0002093; HP:0100259; HP:0000888; HP:0002205; HP:0000774; HP:0000510; HP:0000895; HP:0006644; HP:0000028; HP:0001513,Nephrocalcinosis; Short long bone; Polyhydramnios; Delayed speech and language development; Brachydactyly; Bell-shaped thorax; Respiratory insufficiency; Postaxial polydactyly; Horizontal ribs; Recurrent respiratory infections; Narrow chest; Rod-cone dystrophy; Lateral clavicle hook; Thoracic dysplasia; Cryptorchidism; Obesity,0.0,0.0,0.0,1.0,0.0,1.0,1.0,1.0,0.0,1.0,1.0,0.0,1.0,1.0,0.0,exact_omim,OMIM:615633
CILP_0366,Primary,Short-rib Thoracic Dysplasia,Short-rib Thoracic Dysplasia [OMIM phenotype 616300],SRTD13,616300,CEP120,1,Skeletal ciliopathy,AR,HP:0000007,Autosomal recessive inheritance,45.0,HP:0003038; HP:0008905; HP:0002089; HP:0002023; HP:0000089; HP:0001591; HP:0000062; HP:0003177; HP:0003375; HP:0004482; HP:0002084; HP:0410030; HP:0000280; HP:0000180; HP:0045075; HP:0011315; HP:0010297; HP:0011340; HP:0000316; HP:0002419; HP:0001305; HP:0001643; HP:0000774; HP:0000773; HP:0003026; HP:0000175; HP:0000695; HP:0008839; HP:0001321; HP:0002692; HP:0011800; HP:0002093; HP:0011802; HP:0003180; HP:0100259; HP:0100258; HP:0000308; HP:0000107; HP:0000448; HP:0000888; HP:0000568; HP:0001539; HP:0000400; HP:0005736; HP:0000028,Fibular hypoplasia; Rhizomelia; Pulmonary hypoplasia; Anal atresia; Renal hypoplasia; Bell-shaped thorax; Ambiguous genitalia; Squared iliac bones; Narrow greater sciatic notch; Relative macrocephaly; Encephalocele; Cleft lip; Coarse facial features; Lobulated tongue; Sparse eyebrow; Unicoronal synostosis; Bifid tongue; Incomplete cleft of the upper lip; Hypertelorism; Molar tooth sign on MRI; Dandy-Walker malformation; Patent ductus arteriosus; Narrow chest; Short ribs; Short long bone; Cleft palate; Natal tooth; Hypoplastic pelvis; Cerebellar hypoplasia; Hypoplastic facial bones; Midface retrusion; Respiratory insufficiency; Hamartoma of tongue; Flat acetabular roof; Postaxial polydactyly; Preaxial polydactyly; Microretrognathia; Renal cyst; Prominent nose; Horizontal ribs; Microphthalmia; Omphalocele; Macrotia; Short tibia; Cryptorchidism,1.0,1.0,0.0,1.0,1.0,1.0,0.0,1.0,1.0,1.0,1.0,0.0,1.0,1.0,1.0,exact_omim,OMIM:616300
CILP_0367,Primary,Short-rib Thoracic Dysplasia,Short-rib Thoracic Dysplasia [OMIM phenotype 616546],SRTD14,616546,KIAA0586,1,Skeletal ciliopathy,AR,HP:0000007,Autosomal recessive inheritance,33.0,HP:0002323; HP:0002983; HP:0002089; HP:0002365; HP:0000480; HP:0001290; HP:0002280; HP:0000238; HP:0001789; HP:0002419; HP:0002119; HP:0000774; HP:0002436; HP:0000773; HP:0000113; HP:0000776; HP:0001320; HP:0001265; HP:0000175; HP:0000054; HP:0001561; HP:0002079; HP:0000470; HP:0032466; HP:0011802; HP:0000191; HP:0005280; HP:0100259; HP:0100258; HP:0006660; HP:0001631; HP:0000369; HP:0002126,Anencephaly; Micromelia; Pulmonary hypoplasia; Hypoplasia of the brainstem; Retinal coloboma; Generalized hypotonia; Enlarged cisterna magna; Hydrocephalus; Hydrops fetalis; Molar tooth sign on MRI; Ventriculomegaly; Narrow chest; Occipital meningocele; Short ribs; Polycystic kidney dysplasia; Congenital diaphragmatic hernia; Cerebellar vermis hypoplasia; Hyporeflexia; Cleft palate; Micropenis; Polyhydramnios; Hypoplasia of the corpus callosum; Short neck; Aplasia of the olfactory bulb; Hamartoma of tongue; Accessory oral frenulum; Depressed nasal bridge; Postaxial polydactyly; Preaxial polydactyly; Aplastic clavicle; Atrial septal defect; Low-set ears; Polymicrogyria,1.0,1.0,0.0,1.0,1.0,1.0,0.0,0.0,1.0,1.0,1.0,1.0,1.0,1.0,0.0,exact_omim,OMIM:616546
CILP_0368,Primary,Short-rib Thoracic Dysplasia,Short-rib Thoracic Dysplasia [OMIM phenotype 617088],SRTD15,617088,DYNC2LI1,1,Skeletal ciliopathy,AR,HP:0000007,Autosomal recessive inheritance,31.0,HP:0000286; HP:0001156; HP:0004322; HP:0002164; HP:0000161; HP:0002240; HP:0000085; HP:0010566; HP:0006695; HP:0008753; HP:0001643; HP:0000774; HP:0000894; HP:0000773; HP:0001744; HP:0003026; HP:0000494; HP:0001561; HP:0002098; HP:0001162; HP:0001680; HP:0000191; HP:0011069; HP:0005280; HP:0010579; HP:0100259; HP:0030010; HP:0000668; HP:0000888; HP:0000369; HP:0000148,Epicanthus; Brachydactyly; Short stature; Nail dysplasia; Median cleft upper lip; Hepatomegaly; Horseshoe kidney; Hamartoma; Atrioventricular canal defect; Aplasia of the epiglottis; Patent ductus arteriosus; Narrow chest; Short clavicles; Short ribs; Splenomegaly; Short long bone; Downslanted palpebral fissures; Polyhydramnios; Respiratory distress; Postaxial hand polydactyly; Coarctation of aorta; Accessory oral frenulum; Supernumerary tooth; Depressed nasal bridge; Cone-shaped epiphysis; Postaxial polydactyly; Hydrometrocolpos; Hypodontia; Horizontal ribs; Low-set ears; Vaginal atresia,1.0,1.0,0.0,0.0,1.0,1.0,1.0,1.0,1.0,1.0,0.0,0.0,1.0,1.0,1.0,exact_omim,OMIM:617088
CILP_0369,Primary,Short-rib Thoracic Dysplasia,Short-rib Thoracic Dysplasia [OMIM phenotype 617102],SRTD16,617102,IFT52,1,Skeletal ciliopathy,AR,HP:0000007,Autosomal recessive inheritance,32.0,HP:0007814; HP:0001156; HP:0000540; HP:0004322; HP:0010049; HP:0001270; HP:0010306; HP:0010743; HP:0000639; HP:0010230; HP:0012471; HP:0009882; HP:0000774; HP:0009803; HP:0000670; HP:0009826; HP:0000431; HP:0002079; HP:0000293; HP:0002098; HP:0011800; HP:0005280; HP:0003180; HP:0100259; HP:0000506; HP:0032078; HP:0000348; HP:0001538; HP:0000268; HP:0001852; HP:0000369; HP:0000687,Retinal pigment epithelial mottling; Brachydactyly; Hypermetropia; Short stature; Short metacarpal; Motor delay; Short thorax; Short metatarsal; Nystagmus; Cone-shaped epiphyses of the phalanges of the hand; Thick vermilion border; Short distal phalanx of finger; Narrow chest; Short phalanx of finger; Carious teeth; Limb undergrowth; Wide nasal bridge; Hypoplasia of the corpus callosum; Full cheeks; Respiratory distress; Midface retrusion; Depressed nasal bridge; Flat acetabular roof; Postaxial polydactyly; Telecanthus; Angel-shaped phalanx; High forehead; Protuberant abdomen; Dolichocephaly; Sandal gap; Low-set ears; Widely spaced teeth,1.0,0.0,0.0,1.0,1.0,0.0,0.0,1.0,1.0,1.0,1.0,0.0,1.0,1.0,0.0,exact_omim,OMIM:617102
CILP_0370,Primary,Short-rib Thoracic Dysplasia,Short-rib Thoracic Dysplasia [OMIM phenotype 617405],SRTD17,617405,DYNLT2B,1,Skeletal ciliopathy,AR,HP:0000007,Autosomal recessive inheritance,10.0,HP:0004322; HP:0001156; HP:0001162; HP:0010454; HP:0034374; HP:0000888; HP:0000895; HP:0000774; HP:0001830; HP:0000773,Short stature; Brachydactyly; Postaxial hand polydactyly; Acetabular spurs; Trident acetabulum; Horizontal ribs; Lateral clavicle hook; Narrow chest; Postaxial foot polydactyly; Short ribs,0.0,0.0,0.0,0.0,0.0,0.0,0.0,1.0,0.0,1.0,0.0,0.0,0.0,1.0,0.0,exact_omim,OMIM:617405
CILP_0371,Primary,Short-rib Thoracic Dysplasia,Short-rib Thoracic Dysplasia [OMIM phenotype 617866],SRTD18,617866,IFT43,1,Skeletal ciliopathy,AR,HP:0000007,Autosomal recessive inheritance,27.0,HP:0000286; HP:0002983; HP:0001156; HP:0005257; HP:0005474; HP:0003031; HP:0003175; HP:0004719; HP:0000316; HP:0000954; HP:0000238; HP:0000219; HP:0002119; HP:0000476; HP:0000113; HP:0000773; HP:0004691; HP:0002190; HP:0100259; HP:0100258; HP:0000926; HP:0008422; HP:0000921; HP:0000268; HP:0002986; HP:0000347; HP:0002566,Epicanthus; Micromelia; Brachydactyly; Thoracic hypoplasia; Decreased calvarial ossification; Ulnar bowing; Hypoplastic ischia; Hyperechogenic kidneys; Hypertelorism; Single transverse palmar crease; Hydrocephalus; Thin upper lip vermilion; Ventriculomegaly; Cystic hygroma; Polycystic kidney dysplasia; Short ribs; 2-3 toe syndactyly; Choroid plexus cyst; Postaxial polydactyly; Preaxial polydactyly; Platyspondyly; Vertebral wedging; Missing ribs; Dolichocephaly; Radial bowing; Micrognathia; Intestinal malrotation,1.0,0.0,0.0,1.0,0.0,1.0,0.0,0.0,1.0,1.0,1.0,0.0,0.0,1.0,1.0,exact_omim,OMIM:617866
CILP_0372,Primary,Short-rib Thoracic Dysplasia,Short-rib Thoracic Dysplasia [OMIM phenotype 617895],SRTD19,617895,IFT81,1,Skeletal ciliopathy,AR,HP:0000007,Autosomal recessive inheritance,27.0,HP:0002983; HP:0000343; HP:0002089; HP:0005257; HP:0001156; HP:0000062; HP:0001290; HP:0004482; HP:0001629; HP:0011220; HP:0002878; HP:0000895; HP:0000774; HP:0000773; HP:0002098; HP:0011800; HP:0005280; HP:0100259; HP:0000946; HP:0000888; HP:0001539; HP:0000268; HP:0001159; HP:0000520; HP:0002984; HP:0000369; HP:0000269,Micromelia; Long philtrum; Pulmonary hypoplasia; Thoracic hypoplasia; Brachydactyly; Ambiguous genitalia; Generalized hypotonia; Relative macrocephaly; Ventricular septal defect; Prominent forehead; Respiratory failure; Lateral clavicle hook; Narrow chest; Short ribs; Respiratory distress; Midface retrusion; Depressed nasal bridge; Postaxial polydactyly; Hypoplastic ilia; Horizontal ribs; Omphalocele; Dolichocephaly; Syndactyly; Proptosis; Hypoplasia of the radius; Low-set ears; Prominent occiput,1.0,1.0,0.0,1.0,1.0,1.0,0.0,0.0,1.0,1.0,0.0,0.0,1.0,1.0,0.0,exact_omim,OMIM:617895
CILP_0373,Primary,Short-rib Thoracic Dysplasia,Short-rib Thoracic Dysplasia [OMIM phenotype 617925],SRTD20,617925,INTU,1,Skeletal ciliopathy,AR,HP:0000007,Autosomal recessive inheritance,42.0,HP:0008749; HP:0003038; HP:0002023; HP:0001674; HP:0002089; HP:0000260; HP:0003375; HP:0002162; HP:0001153; HP:0005474; HP:0410030; HP:0003173; HP:0008551; HP:0000316; HP:0100628; HP:0000895; HP:0000774; HP:0006610; HP:0000773; HP:0000377; HP:0003026; HP:0000175; HP:0000054; HP:0000695; HP:0003762; HP:0000470; HP:0005285; HP:0011467; HP:0004491; HP:0011802; HP:0005280; HP:0100259; HP:0100258; HP:0000888; HP:0001636; HP:0000568; HP:0100818; HP:0002007; HP:0005736; HP:0000248; HP:0000369; HP:0000347,Laryngeal hypoplasia; Fibular hypoplasia; Anal atresia; Complete atrioventricular canal defect; Pulmonary hypoplasia; Wide anterior fontanel; Narrow greater sciatic notch; Low posterior hairline; Septate vagina; Decreased calvarial ossification; Cleft lip; Hypoplastic pubic bone; Microtia; Hypertelorism; Esophageal diverticulum; Lateral clavicle hook; Narrow chest; Wide intermamillary distance; Short ribs; Abnormal pinna morphology; Short long bone; Cleft palate; Micropenis; Natal tooth; Uterus didelphys; Short neck; Absent nasal bridge; Absent gallbladder; Large posterior fontanelle; Hamartoma of tongue; Depressed nasal bridge; Postaxial polydactyly; Preaxial polydactyly; Horizontal ribs; Tetralogy of Fallot; Microphthalmia; Long thorax; Frontal bossing; Short tibia; Brachycephaly; Low-set ears; Micrognathia,1.0,1.0,0.0,1.0,1.0,1.0,0.0,0.0,1.0,1.0,0.0,0.0,1.0,1.0,1.0,exact_omim,OMIM:617925
CILP_0374,Primary,Short-rib Thoracic Dysplasia,Short-rib Thoracic Dysplasia [OMIM phenotype 619479],SRTD21,619479,KIAA0753,1,Skeletal ciliopathy,AR,HP:0000007,Autosomal recessive inheritance,35.0,HP:0000200; HP:0000343; HP:0005257; HP:0001156; HP:0001371; HP:0001252; HP:0005792; HP:0012506; HP:0012368; HP:0034044; HP:0008873; HP:0000998; HP:0002419; HP:0002119; HP:0000774; HP:0000358; HP:0003865; HP:0003026; HP:0006956; HP:0000054; HP:0000750; HP:0000431; HP:0002079; HP:0011968; HP:0002195; HP:0000691; HP:0002194; HP:0033454; HP:0005280; HP:0001538; HP:0002007; HP:0000047; HP:0000369; HP:0002643; HP:0000687,Short lingual frenulum; Long philtrum; Thoracic hypoplasia; Brachydactyly; Flexion contracture; Hypotonia; Short humerus; Small pituitary gland; Flat face; Trident pelvis; Disproportionate short-limb short stature; Hypertrichosis; Molar tooth sign on MRI; Ventriculomegaly; Narrow chest; Posteriorly rotated ears; Bowed humerus; Short long bone; Lateral ventricle dilatation; Micropenis; Delayed speech and language development; Wide nasal bridge; Hypoplasia of the corpus callosum; Feeding difficulties; Dysgenesis of the cerebellar vermis; Microdontia; Delayed gross motor development; Tube feeding; Depressed nasal bridge; Protuberant abdomen; Frontal bossing; Hypospadias; Low-set ears; Neonatal respiratory distress; Widely spaced teeth,1.0,0.0,1.0,0.0,1.0,1.0,0.0,1.0,1.0,1.0,1.0,0.0,1.0,1.0,1.0,exact_omim,OMIM:619479
CILP_0375,Primary,Short-rib Thoracic Dysplasia,Short-rib Thoracic Dysplasia [OMIM phenotype No MIM Number],SRTD,No MIM Number,GRK2,1,Skeletal ciliopathy,DIGENIC; AR,HP:0010984; HP:0000007,Digenic inheritance; Autosomal recessive inheritance,303.0,HP:0001177; HP:0002089; HP:0005873; HP:0000540; HP:0001156; HP:0000062; HP:0000161; HP:0001395; HP:0001270; HP:0001629; HP:0001789; HP:0001302; HP:0000774; HP:0000895; HP:0000113; HP:0000773; HP:0000556; HP:0005349; HP:0001600; HP:0001320; HP:0005766; HP:0003026; HP:0000054; HP:0006956; HP:0000175; HP:0003027; HP:0000750; HP:0001162; HP:0000171; HP:0011802; HP:0005180; HP:0100732; HP:0000926; HP:0000888; HP:0005817; HP:0000768; HP:0001631; HP:0006644; HP:0002566; HP:0000248; HP:0002421; HP:0004322; HP:0005257; HP:0000243; HP:0000518; HP:0000639; HP:0000510; HP:0007843; HP:0000358; HP:0000252; HP:0000090; HP:0040022; HP:0005819; HP:0009576; HP:0001737; HP:0004209; HP:0000369; HP:0000341; HP:0001396; HP:0000582; HP:0008905; HP:0002240; HP:0010306; HP:0009162; HP:0002119; HP:0000218; HP:0002236; HP:0034281; HP:0000973; HP:0000110; HP:0005487; HP:0000073; HP:0000193; HP:0000470; HP:0000191; HP:0000107; HP:0000348; HP:0002007; HP:0001433; HP:0000347; HP:0001831; HP:0000286; HP:0001256; HP:0001250; HP:0001252; HP:0001251; HP:0000319; HP:0011220; HP:0000316; HP:0002612; HP:0000158; HP:0000572; HP:0002079; HP:0000293; HP:0001263; HP:0000691; HP:0000969; HP:0000729; HP:0000608; HP:0001537; HP:0030151; HP:0007994; HP:0000963; HP:0000687; HP:0030799; HP:0003774; HP:0000260; HP:0002286; HP:0001230; HP:0003090; HP:0010743; HP:0100864; HP:0001508; HP:0001903; HP:0010230; HP:0000938; HP:0009803; HP:0000550; HP:0000154; HP:0001363; HP:0000431; HP:0005565; HP:0005280; HP:0032988; HP:0001919; HP:0000822; HP:0002209; HP:0002205; HP:0001773; HP:0010049; HP:0001169; HP:0003038; HP:0003016; HP:0002980; HP:0002023; HP:0001274; HP:0005054; HP:0010297; HP:0002650; HP:0001762; HP:0003022; HP:0011927; HP:0002350; HP:0010454; HP:0010579; HP:0100259; HP:0100258; HP:0009556; HP:0000105; HP:0000204; HP:0001407; HP:0010442; HP:0002983; HP:0000882; HP:0000200; HP:0000089; HP:0002164; HP:0008070; HP:0100840; HP:0009882; HP:0000476; HP:0002213; HP:0001541; HP:0010812; HP:0003180; HP:0006487; HP:0001159; HP:0000268; HP:0000047; HP:0011090; HP:0006349; HP:0004743; HP:0000023; HP:0006371; HP:0100866; HP:0000219; HP:0002558; HP:0000099; HP:0000093; HP:0002091; HP:0008081; HP:0000545; HP:0003259; HP:0001561; HP:0000256; HP:0001399; HP:0000662; HP:0001591; HP:0012622; HP:0000657; HP:0000238; HP:0002857; HP:0001744; HP:0001249; HP:0040270; HP:0000546; HP:0000202; HP:0001513; HP:0001952; HP:0000121; HP:0002093; HP:0000028; HP:0003177; HP:0003375; HP:0004482; HP:0002084; HP:0410030; HP:0000280; HP:0000180; HP:0045075; HP:0011315; HP:0011340; HP:0002419; HP:0001305; HP:0001643; HP:0000695; HP:0008839; HP:0001321; HP:0002692; HP:0011800; HP:0000308; HP:0000448; HP:0000568; HP:0001539; HP:0000400; HP:0005736; HP:0002323; HP:0002365; HP:0000480; HP:0001290; HP:0002280; HP:0002436; HP:0000776; HP:0001265; HP:0032466; HP:0006660; HP:0002126; HP:0000085; HP:0010566; HP:0006695; HP:0008753; HP:0000894; HP:0000494; HP:0002098; HP:0001680; HP:0011069; HP:0030010; HP:0000668; HP:0000148; HP:0007814; HP:0012471; HP:0000670; HP:0009826; HP:0000506; HP:0032078; HP:0001538; HP:0001852; HP:0034374; HP:0001830; HP:0005474; HP:0003031; HP:0003175; HP:0004719; HP:0000954; HP:0004691; HP:0002190; HP:0008422; HP:0000921; HP:0002986; HP:0000343; HP:0002878; HP:0000946; HP:0000520; HP:0002984; HP:0000269; HP:0008749; HP:0001674; HP:0002162; HP:0001153; HP:0003173; HP:0008551; HP:0100628; HP:0006610; HP:0000377; HP:0003762; HP:0005285; HP:0011467; HP:0004491; HP:0001636; HP:0100818; HP:0001371; HP:0005792; HP:0012506; HP:0012368; HP:0034044; HP:0008873; HP:0000998; HP:0003865; HP:0011968; HP:0002195; HP:0002194; HP:0033454; HP:0002643,Preaxial hand polydactyly; Pulmonary hypoplasia; Polysyndactyly of hallux; Hypermetropia; Brachydactyly; Ambiguous genitalia; Median cleft upper lip; Hepatic fibrosis; Motor delay; Ventricular septal defect; Hydrops fetalis; Pachygyria; Narrow chest; Lateral clavicle hook; Polycystic kidney dysplasia; Short ribs; Retinal dystrophy; Hypoplasia of the epiglottis; Abnormality of the larynx; Cerebellar vermis hypoplasia; Disproportionate shortening of the tibia; Short long bone; Micropenis; Lateral ventricle dilatation; Cleft palate; Mesomelia; Delayed speech and language development; Postaxial hand polydactyly; Microglossia; Hamartoma of tongue; Tricuspid regurgitation; Pancreatic fibrosis; Platyspondyly; Horizontal ribs; Postaxial polysyndactyly of foot; Pectus carinatum; Atrial septal defect; Thoracic dysplasia; Intestinal malrotation; Brachycephaly; Poor head control; Short stature; Thoracic hypoplasia; Trigonocephaly; Cataract; Nystagmus; Rod-cone dystrophy; Attenuation of retinal blood vessels; Posteriorly rotated ears; Microcephaly; Nephronophthisis; Clinodactyly of the 2nd finger; Short middle phalanx of finger; Absent middle phalanx of 2nd finger; Pancreatic cysts; Clinodactyly of the 5th finger; Low-set ears; Narrow forehead; Cholestasis; Upslanted palpebral fissure; Rhizomelia; Hepatomegaly; Short thorax; Absent middle phalanx of 5th finger; Ventriculomegaly; High palate; Frontal upsweep of hair; Phalangeal cone-shaped epiphyses; Cutis laxa; Renal dysplasia; Prominent metopic ridge; Ureteral duplication; Bifid uvula; Short neck; Accessory oral frenulum; Renal cyst; High forehead; Frontal bossing; Hepatosplenomegaly; Micrognathia; Short toe; Epicanthus; Mild intellectual disability; Seizure; Hypotonia; Ataxia; Smooth philtrum; Prominent forehead; Hypertelorism; Congenital hepatic fibrosis; Macroglossia; Visual loss; Hypoplasia of the corpus callosum; Full cheeks; Global developmental delay; Microdontia; Edema; Autistic behavior; Macular degeneration; Umbilical hernia; Cholangitis; Peripheral visual field loss; Thin skin; Widely spaced teeth; Scaphocephaly; Stage 5 chronic kidney disease; Wide anterior fontanel; Fair hair; Broad metacarpals; Hypoplasia of the capital femoral epiphysis; Short metatarsal; Short femoral neck; Failure to thrive; Anemia; Cone-shaped epiphyses of the phalanges of the hand; Osteopenia; Short phalanx of finger; Undetectable electroretinogram; Wide mouth; Craniosynostosis; Wide nasal bridge; Reduced renal corticomedullary differentiation; Depressed nasal bridge; Persistent head lag; Acute kidney injury; Hypertension; Sparse scalp hair; Recurrent respiratory infections; Short foot; Short metacarpal; Broad palm; Fibular hypoplasia; Metaphyseal widening; Femoral bowing; Anal atresia; Agenesis of corpus callosum; Metaphyseal spurs; Bifid tongue; Scoliosis; Talipes equinovarus; Hypoplasia of the ulna; Short digit; Cerebellar cyst; Acetabular spurs; Cone-shaped epiphysis; Postaxial polydactyly; Preaxial polydactyly; Absent tibia; Enlarged kidney; Cleft upper lip; Hepatic cysts; Polydactyly; Micromelia; Hypoplastic scapulae; Short lingual frenulum; Renal hypoplasia; Nail dysplasia; Sparse hair; Aplasia/Hypoplasia of the eyebrow; Short distal phalanx of finger; Cystic hygroma; Fine hair; Ascites; Short uvula; Flat acetabular roof; Bowing of the long bones; Syndactyly; Dolichocephaly; Hypospadias; Fused teeth; Agenesis of permanent teeth; Chronic tubulointerstitial nephritis; Inguinal hernia; Broad long bone diaphyses; Short iliac bones; Thin upper lip vermilion; Supernumerary nipple; Glomerulonephritis; Proteinuria; Restrictive ventilatory defect; Pes valgus; Myopia; Elevated circulating creatinine concentration; Polyhydramnios; Macrocephaly; Hepatic failure; Nyctalopia; Bell-shaped thorax; Chronic kidney disease; Oculomotor apraxia; Hydrocephalus; Genu valgum; Splenomegaly; Intellectual disability; Impaired glucose tolerance; Retinal degeneration; Orofacial cleft; Obesity; Glucose intolerance; Nephrocalcinosis; Respiratory insufficiency; Cryptorchidism; Squared iliac bones; Narrow greater sciatic notch; Relative macrocephaly; Encephalocele; Cleft lip; Coarse facial features; Lobulated tongue; Sparse eyebrow; Unicoronal synostosis; Incomplete cleft of the upper lip; Molar tooth sign on MRI; Dandy-Walker malformation; Patent ductus arteriosus; Natal tooth; Hypoplastic pelvis; Cerebellar hypoplasia; Hypoplastic facial bones; Midface retrusion; Microretrognathia; Prominent nose; Microphthalmia; Omphalocele; Macrotia; Short tibia; Anencephaly; Hypoplasia of the brainstem; Retinal coloboma; Generalized hypotonia; Enlarged cisterna magna; Occipital meningocele; Congenital diaphragmatic hernia; Hyporeflexia; Aplasia of the olfactory bulb; Aplastic clavicle; Polymicrogyria; Horseshoe kidney; Hamartoma; Atrioventricular canal defect; Aplasia of the epiglottis; Short clavicles; Downslanted palpebral fissures; Respiratory distress; Coarctation of aorta; Supernumerary tooth; Hydrometrocolpos; Hypodontia; Vaginal atresia; Retinal pigment epithelial mottling; Thick vermilion border; Carious teeth; Limb undergrowth; Telecanthus; Angel-shaped phalanx; Protuberant abdomen; Sandal gap; Trident acetabulum; Postaxial foot polydactyly; Decreased calvarial ossification; Ulnar bowing; Hypoplastic ischia; Hyperechogenic kidneys; Single transverse palmar crease; 2-3 toe syndactyly; Choroid plexus cyst; Vertebral wedging; Missing ribs; Radial bowing; Long philtrum; Respiratory failure; Hypoplastic ilia; Proptosis; Hypoplasia of the radius; Prominent occiput; Laryngeal hypoplasia; Complete atrioventricular canal defect; Low posterior hairline; Septate vagina; Hypoplastic pubic bone; Microtia; Esophageal diverticulum; Wide intermamillary distance; Abnormal pinna morphology; Uterus didelphys; Absent nasal bridge; Absent gallbladder; Large posterior fontanelle; Tetralogy of Fallot; Long thorax; Flexion contracture; Short humerus; Small pituitary gland; Flat face; Trident pelvis; Disproportionate short-limb short stature; Hypertrichosis; Bowed humerus; Feeding difficulties; Dysgenesis of the cerebellar vermis; Delayed gross motor development; Tube feeding; Neonatal respiratory distress,1.0,1.0,1.0,1.0,1.0,1.0,1.0,1.0,1.0,1.0,1.0,1.0,1.0,1.0,1.0,family_aggregate_from_exact_omim,OMIM:263520; OMIM:266920; OMIM:611263; OMIM:613091; OMIM:613819; OMIM:614091; OMIM:614376; OMIM:615503; OMIM:615630; OMIM:615633; OMIM:616300; OMIM:616546; OMIM:617088; OMIM:617102; OMIM:617405; OMIM:617866; OMIM:617895; OMIM:617925; OMIM:619479
CILP_0376,Secondary,Simpson-Golabi-Behmel Syndrome,Simpson-Golabi-Behmel Syndrome [OMIM phenotype 300209],SGBS2,300209,OFD1,1,Atypical / secondary ciliopathy,XLR,HP:0001419,X-linked recessive inheritance,16.0,HP:0000023; HP:0002783; HP:0001162; HP:0001263; HP:0001252; HP:0011304; HP:0010864; HP:0009381; HP:0002119; HP:0000218; HP:0002205; HP:0002788; HP:0000256; HP:0000369; HP:0002643; HP:0001513,Inguinal hernia; Recurrent lower respiratory tract infections; Postaxial hand polydactyly; Global developmental delay; Hypotonia; Broad thumb; Severe intellectual disability; Short finger; Ventriculomegaly; High palate; Recurrent respiratory infections; Recurrent upper respiratory tract infections; Macrocephaly; Low-set ears; Neonatal respiratory distress; Obesity,1.0,0.0,0.0,0.0,1.0,0.0,1.0,1.0,1.0,1.0,1.0,0.0,1.0,1.0,0.0,exact_omim,OMIM:300209
CILP_0377,Secondary,Simpson-Golabi-Behmel Syndrome,Simpson-Golabi-Behmel Syndrome [OMIM phenotype 312870],SGBS1,312870,GPC3,1,Atypical / secondary ciliopathy,XLR,HP:0001419,X-linked recessive inheritance,99.0,HP:0000365; HP:0002023; HP:0000243; HP:0003196; HP:0012471; HP:0009101; HP:0000998; HP:0000238; HP:0000879; HP:0002898; HP:0001169; HP:0008416; HP:0000891; HP:0000098; HP:0000494; HP:0100259; HP:0000767; HP:0008523; HP:0000768; HP:0003517; HP:0002667; HP:0000126; HP:0002245; HP:0002884; HP:0000189; HP:0000463; HP:0001274; HP:0002240; HP:0001270; HP:0006176; HP:0001669; HP:0001548; HP:0000337; HP:0006610; HP:0000212; HP:0001667; HP:0001320; HP:0001561; HP:0004279; HP:0002650; HP:0000750; HP:0001162; HP:0003185; HP:0001837; HP:0000107; HP:0001799; HP:0002643; HP:0000105; HP:0000286; HP:0001773; HP:0002101; HP:0001252; HP:0000280; HP:0009381; HP:0000316; HP:0001769; HP:0001643; HP:0000158; HP:0001642; HP:0000297; HP:0001540; HP:0000175; HP:0005580; HP:0011330; HP:0001537; HP:0002869; HP:0000689; HP:0005616; HP:0000047; HP:0000384; HP:0004467; HP:0000023; HP:0001233; HP:0004464; HP:0003375; HP:0011675; HP:0001629; HP:0009882; HP:0001748; HP:0002711; HP:0002558; HP:0000773; HP:0000256; HP:0001744; HP:0000776; HP:0000154; HP:0003422; HP:0000431; HP:0001762; HP:0004510; HP:0009908; HP:0005160; HP:0005280; HP:0011304; HP:0001638; HP:0001631; HP:0000303; HP:0002566; HP:0000028,Hearing impairment; Anal atresia; Trigonocephaly; Short nose; Thick vermilion border; Submucous cleft lip; Hypertrichosis; Hydrocephalus; Short sternum; Embryonal neoplasm; Broad palm; Six lumbar vertebrae; Cervical ribs; Tall stature; Downslanted palpebral fissures; Postaxial polydactyly; Pectus excavatum; Posterior helix pit; Pectus carinatum; Birth length greater than 97th percentile; Nephroblastoma; Hydronephrosis; Meckel diverticulum; Hepatoblastoma; Narrow palate; Anteverted nares; Agenesis of corpus callosum; Hepatomegaly; Motor delay; Two carpal ossification centers present at birth; Transposition of the great arteries; Overgrowth; Broad forehead; Wide intermamillary distance; Gingival overgrowth; Right ventricular hypertrophy; Cerebellar vermis hypoplasia; Polyhydramnios; Short palm; Scoliosis; Delayed speech and language development; Postaxial hand polydactyly; Short greater sciatic notch; Broad toe; Renal cyst; Short nail; Neonatal respiratory distress; Enlarged kidney; Epicanthus; Short foot; Abnormal lung lobation; Hypotonia; Coarse facial features; Short finger; Hypertelorism; Broad foot; Patent ductus arteriosus; Macroglossia; Pulmonic stenosis; Facial hypotonia; Diastasis recti; Cleft palate; Duplication of renal pelvis; Metopic synostosis; Umbilical hernia; Flared iliac wing; Dental malocclusion; Accelerated skeletal maturation; Hypospadias; Preauricular skin tag; Preauricular pit; Inguinal hernia; 2-3 finger cutaneous syndactyly; Postauricular pit; Narrow greater sciatic notch; Arrhythmia; Ventricular septal defect; Short distal phalanx of finger; Polysplenia; Exaggerated median tongue furrow; Supernumerary nipple; Short ribs; Macrocephaly; Splenomegaly; Congenital diaphragmatic hernia; Wide mouth; Vertebral segmentation defect; Wide nasal bridge; Talipes equinovarus; Pancreatic islet-cell hyperplasia; Anterior creases of earlobe; Total anomalous pulmonary venous return; Depressed nasal bridge; Broad thumb; Cardiomyopathy; Atrial septal defect; Mandibular prognathia; Intestinal malrotation; Cryptorchidism,1.0,1.0,1.0,1.0,1.0,1.0,1.0,1.0,1.0,1.0,1.0,0.0,1.0,1.0,1.0,exact_omim,OMIM:312870
CILP_0378,Primary,Smith-Lemli-Opitz Syndrome,Smith-Lemli-Opitz Syndrome [OMIM phenotype 270400],SLOS,270400,DHCR7,1,Atypical / secondary ciliopathy,AR,HP:0000007,Autosomal recessive inheritance,117.0,HP:0000365; HP:0000486; HP:0000089; HP:0004322; HP:0000122; HP:0002021; HP:0002020; HP:0001290; HP:0003073; HP:0000081; HP:0010569; HP:0000518; HP:0000639; HP:0007165; HP:0001845; HP:0000238; HP:0009623; HP:0000752; HP:0002019; HP:0001840; HP:0000996; HP:0000358; HP:0000252; HP:0006979; HP:0002033; HP:0004691; HP:0000808; HP:0002827; HP:0001338; HP:0000403; HP:0000369; HP:0000126; HP:0000187; HP:0001397; HP:0001276; HP:0000341; HP:0000343; HP:0002089; HP:0000463; HP:0000062; HP:0001272; HP:0001153; HP:0001394; HP:0002240; HP:0100702; HP:0001305; HP:0002013; HP:0001162; HP:0000193; HP:0002251; HP:0001680; HP:0000074; HP:0010655; HP:0007099; HP:0000508; HP:0000107; HP:0001558; HP:0001830; HP:0000347; HP:0000104; HP:0000742; HP:0007537; HP:0001831; HP:0000286; HP:0002983; HP:0000046; HP:0002101; HP:0001250; HP:0001252; HP:0003270; HP:0000718; HP:0000717; HP:0000316; HP:0000678; HP:0002579; HP:0001643; HP:0001884; HP:0001249; HP:0002611; HP:0001765; HP:0000175; HP:0000054; HP:0001663; HP:0002079; HP:0011968; HP:0000171; HP:0001263; HP:0002506; HP:0000964; HP:0000048; HP:0000047; HP:0000960; HP:0009778; HP:0002283; HP:0001508; HP:0001629; HP:0005709; HP:0030043; HP:0000813; HP:0001623; HP:0001744; HP:0001622; HP:0000431; HP:0003146; HP:0030048; HP:0001360; HP:0005280; HP:0000826; HP:0001639; HP:0000308; HP:0000822; HP:0007333; HP:0001511; HP:0001631; HP:0001510; HP:0000028; HP:0002566,Hearing impairment; Strabismus; Renal hypoplasia; Short stature; Unilateral renal agenesis; Pyloric stenosis; Gastroesophageal reflux; Generalized hypotonia; Hypoalbuminemia; Duplicated collecting system; Elevated circulating 7-dehydrocholesterol concentration; Cataract; Nystagmus; Periventricular heterotopia; Overlapping toe; Hydrocephalus; Proximal placement of thumb; Hyperactivity; Constipation; Metatarsus adductus; Facial capillary hemangioma; Posteriorly rotated ears; Microcephaly; Sleep-wake cycle disturbance; Poor suck; 2-3 toe syndactyly; Penoscrotal hypospadias; Hip dislocation; Partial agenesis of the corpus callosum; Recurrent otitis media; Low-set ears; Hydronephrosis; Broad alveolar ridges; Hepatic steatosis; Hypertonia; Narrow forehead; Long philtrum; Pulmonary hypoplasia; Anteverted nares; Ambiguous genitalia; Cerebellar atrophy; Septate vagina; Cirrhosis; Hepatomegaly; Arachnoid cyst; Dandy-Walker malformation; Vomiting; Postaxial hand polydactyly; Bifid uvula; Aganglionic megacolon; Coarctation of aorta; Ureteropelvic junction obstruction; Epiphyseal stippling; Chiari type I malformation; Ptosis; Renal cyst; Decreased fetal movement; Postaxial foot polydactyly; Micrognathia; Renal agenesis; Self-mutilation; Severe photosensitivity; Short toe; Epicanthus; Micromelia; Small scrotum; Abnormal lung lobation; Seizure; Hypotonia; Abdominal distention; Aggressive behavior; Autism; Hypertelorism; Dental crowding; Gastrointestinal dysmotility; Patent ductus arteriosus; Talipes calcaneovalgus; Intellectual disability; Cholestatic liver disease; Hammertoe; Cleft palate; Micropenis; Ventricular fibrillation; Hypoplasia of the corpus callosum; Feeding difficulties; Microglossia; Global developmental delay; Diffuse cerebral atrophy; Eczematoid dermatitis; Bifid scrotum; Hypospadias; Sacral dimple; Short thumb; Global brain atrophy; Failure to thrive; Ventricular septal defect; 2-3 toe cutaneous syndactyly; Hip subluxation; Bicornuate uterus; Breech presentation; Splenomegaly; Premature birth; Wide nasal bridge; Hypocholesterolemia; Colpocephaly; Holoprosencephaly; Depressed nasal bridge; Precocious puberty; Hypertrophic cardiomyopathy; Microretrognathia; Hypertension; Hypoplasia of the frontal lobes; Intrauterine growth retardation; Atrial septal defect; Growth delay; Cryptorchidism; Intestinal malrotation,1.0,1.0,1.0,1.0,1.0,1.0,1.0,1.0,1.0,1.0,1.0,1.0,1.0,1.0,1.0,exact_omim,OMIM:270400
CILP_0379,Secondary,Spinocerebellar Ataxia,Spinocerebellar Ataxia [OMIM phenotype 117210],SCA31,117210,BEAN1,1,Neurodevelopmental ciliopathy,AD,HP:0000006,Autosomal dominant inheritance,8.0,HP:0007979; HP:0000639; HP:0001272; HP:0001260; HP:0002066; HP:0000407; HP:0001251; HP:0002070,Gaze-evoked horizontal nystagmus; Nystagmus; Cerebellar atrophy; Dysarthria; Gait ataxia; Sensorineural hearing impairment; Ataxia; Limb ataxia,0.0,0.0,0.0,1.0,1.0,0.0,0.0,0.0,0.0,0.0,1.0,0.0,0.0,0.0,0.0,exact_omim,OMIM:117210
CILP_0380,Secondary,Spinocerebellar Ataxia,Spinocerebellar Ataxia [OMIM phenotype 117360],SCA29,117360,ITPR1,1,Neurodevelopmental ciliopathy,AD,HP:0000006,Autosomal dominant inheritance,135.0,HP:0004325; HP:0002421; HP:0000640; HP:0002540; HP:0000486; HP:0001332; HP:0000089; HP:0004322; HP:0002384; HP:0030177; HP:0001290; HP:0000639; HP:0000514; HP:0003763; HP:0000252; HP:0001583; HP:0004691; HP:0100021; HP:0011094; HP:0000805; HP:0000526; HP:0002307; HP:0007676; HP:0002423; HP:0001337; HP:0001336; HP:0001276; HP:0003698; HP:0000582; HP:0002002; HP:0001310; HP:0001272; HP:0002120; HP:0001270; HP:0034435; HP:0002080; HP:0100275; HP:0100543; HP:0000617; HP:0100704; HP:0000616; HP:0100702; HP:0009049; HP:0000218; HP:0006855; HP:0001320; HP:0002136; HP:0002015; HP:0002411; HP:0000750; HP:0001321; HP:0002376; HP:0001288; HP:0000474; HP:0004396; HP:0005484; HP:0000508; HP:0009830; HP:0007256; HP:0001319; HP:0002406; HP:0004428; HP:0002007; HP:0002403; HP:0004425; HP:0002465; HP:0002345; HP:0010529; HP:0001256; HP:0002342; HP:0000563; HP:0031629; HP:0001250; HP:0002066; HP:0001252; HP:0001251; HP:0012428; HP:0003391; HP:0033128; HP:0007366; HP:0020045; HP:0025336; HP:0007885; HP:0007369; HP:0003701; HP:0020049; HP:0001642; HP:0001249; HP:0000555; HP:0002078; HP:0030147; HP:0025335; HP:0011968; HP:0006817; HP:0001260; HP:0000570; HP:0001263; HP:0002470; HP:0002075; HP:0033257; HP:0002194; HP:0002070; HP:0002071; HP:0012896; HP:0000448; HP:0002505; HP:0000565; HP:0002346; HP:0002169; HP:0007979; HP:0007859; HP:0002442; HP:0000540; HP:0430025; HP:0001350; HP:0010862; HP:0031491; HP:0007340; HP:0000657; HP:0001627; HP:0001348; HP:0001347; HP:0002179; HP:0002059; HP:0008935; HP:0031936; HP:0002174; HP:0032988; HP:0001518; HP:0033683; HP:0001999; HP:0009878; HP:0001631; HP:0000028; HP:0000666,Decreased body weight; Poor head control; Gaze-evoked nystagmus; Inability to walk; Strabismus; Dystonia; Renal hypoplasia; Short stature; Focal impaired awareness seizure; Abnormality of peripheral nervous system electrophysiology; Generalized hypotonia; Nystagmus; Slow saccadic eye movements; Bruxism; Microcephaly; Rotary nystagmus; 2-3 toe syndactyly; Cerebral palsy; Increased overbite; Enuresis; Aniridia; Drooling; Hypoplasia of the iris; Long-tract sign; Tremor; Myoclonus; Hypertonia; Difficulty standing; Upslanted palpebral fissure; Deep philtrum; Dysmetria; Cerebellar atrophy; Cerebral cortical atrophy; Motor delay; Abnormal eye contact; Intention tremor; Diffuse cerebellar atrophy; Cognitive impairment; Abnormality of ocular smooth pursuit; Cerebral visual impairment; Miosis; Arachnoid cyst; Peroneal muscle atrophy; High palate; Cerebellar vermis atrophy; Cerebellar vermis hypoplasia; Broad-based gait; Dysphagia; Myokymia; Delayed speech and language development; Cerebellar hypoplasia; Developmental regression; Gait disturbance; Thickened nuchal skin fold; Poor appetite; Secondary microcephaly; Ptosis; Peripheral neuropathy; Abnormal pyramidal sign; Neonatal hypotonia; Limb dysmetria; Elfin facies; Frontal bossing; Positive Romberg sign; Flat forehead; Poor speech; Action tremor; Echolalia; Mild intellectual disability; Moderate intellectual disability; Keratoconus; Impaired tandem gait; Seizure; Gait ataxia; Hypotonia; Ataxia; Prominent calcaneus; Gowers sign; Delayed ability to crawl; Atrophy/Degeneration affecting the brainstem; Esodeviation; Delayed ability to sit; Slowed horizontal saccades; Atrophy/Degeneration affecting the cerebrum; Proximal muscle weakness; Exodeviation; Pulmonic stenosis; Intellectual disability; Leukocoria; Truncal ataxia; Truncal titubation; Delayed ability to stand; Feeding difficulties; Aplasia/Hypoplasia of the cerebellar vermis; Dysarthria; Abnormal saccadic eye movements; Global developmental delay; Nonprogressive cerebellar ataxia; Dysdiadochokinesis; Delayed ability to walk with support; Delayed gross motor development; Limb ataxia; Abnormality of extrapyramidal motor function; Abnormal motor evoked potentials; Prominent nose; Loss of ambulation; Esotropia; Head tremor; Clonus; Gaze-evoked horizontal nystagmus; Congenital horizontal nystagmus; Dyscalculia; Hypermetropia; Bilateral facial palsy; Slurred speech; Delayed fine motor development; Continuous spike and waves during slow sleep; Lower limb muscle weakness; Oculomotor apraxia; Abnormal heart morphology; Brisk reflexes; Hyperreflexia; Opisthotonus; Cerebral atrophy; Generalized neonatal hypotonia; Delayed ability to walk; Postural tremor; Persistent head lag; Small for gestational age; Jaw hyperreflexia; Abnormal facial shape; Cerebellar ataxia associated with quadrupedal gait; Atrial septal defect; Cryptorchidism; Horizontal nystagmus,1.0,1.0,0.0,1.0,0.0,1.0,0.0,1.0,1.0,1.0,1.0,0.0,0.0,1.0,0.0,exact_omim,OMIM:117360
CILP_0381,Secondary,Spinocerebellar Ataxia,Spinocerebellar Ataxia [OMIM phenotype 133190],SCA34,133190,ELOVL4,1,Neurodevelopmental ciliopathy,INCOMPLETE_PENETRANCE; AD,HP:0003829; HP:0000006,Typified by incomplete penetrance; Autosomal dominant inheritance,19.0,HP:0001265; HP:0003477; HP:0001272; HP:0002120; HP:0001260; HP:0002066; HP:0001251; HP:0002075; HP:0002380; HP:0002070; HP:0002080; HP:0000639; HP:0000605; HP:0007772; HP:0007256; HP:0001019; HP:0001257; HP:0001347; HP:0000962,Hyporeflexia; Peripheral axonal neuropathy; Cerebellar atrophy; Cerebral cortical atrophy; Dysarthria; Gait ataxia; Ataxia; Dysdiadochokinesis; Fasciculations; Limb ataxia; Intention tremor; Nystagmus; Supranuclear gaze palsy; Impaired smooth pursuit; Abnormal pyramidal sign; Erythroderma; Spasticity; Hyperreflexia; Hyperkeratosis,0.0,0.0,0.0,1.0,0.0,0.0,1.0,0.0,0.0,0.0,1.0,0.0,0.0,1.0,1.0,exact_omim,OMIM:133190
CILP_0382,Secondary,Spinocerebellar Ataxia,Spinocerebellar Ataxia [OMIM phenotype 164400],SCA1,164400,ATXN1,1,Neurodevelopmental ciliopathy,ANTICIPATION_PATERNAL_BIAS; AD,HP:0003744; HP:0000006,Genetic anticipation with paternal anticipation bias; Autosomal dominant inheritance,48.0,HP:0002542; HP:0003431; HP:0000640; HP:0001252; HP:0003394; HP:0002460; HP:0001290; HP:0002380; HP:0000639; HP:0000514; HP:0007006; HP:0001324; HP:0003701; HP:0007328; HP:0003202; HP:0003401; HP:0002078; HP:0003487; HP:0006937; HP:0002198; HP:0001260; HP:0002075; HP:0002072; HP:0002073; HP:0002070; HP:0002071; HP:0010831; HP:0007078; HP:0000648; HP:0000641; HP:0001257; HP:0002503; HP:0002168; HP:0001310; HP:0003693; HP:0001151; HP:0100543; HP:0007263; HP:0002839; HP:0003448; HP:0001347; HP:0002015; HP:0001283; HP:0002495; HP:0001284; HP:0009830; HP:0000623; HP:0000543,Olivopontocerebellar atrophy; Decreased motor nerve conduction velocity; Gaze-evoked nystagmus; Hypotonia; Muscle spasm; Distal muscle weakness; Generalized hypotonia; Fasciculations; Nystagmus; Slow saccadic eye movements; Dorsal column degeneration; Muscle weakness; Proximal muscle weakness; Impaired pain sensation; Skeletal muscle atrophy; Paresthesia; Truncal ataxia; Babinski sign; Impaired distal tactile sensation; Dilated fourth ventricle; Dysarthria; Dysdiadochokinesis; Chorea; Progressive cerebellar ataxia; Limb ataxia; Abnormality of extrapyramidal motor function; Impaired proprioception; Decreased amplitude of sensory action potentials; Optic atrophy; Dysmetric saccades; Spasticity; Spinocerebellar tract degeneration; Scanning speech; Dysmetria; Distal amyotrophy; Impaired horizontal smooth pursuit; Cognitive impairment; Spinocerebellar atrophy; Urinary bladder sphincter dysfunction; Decreased sensory nerve conduction velocity; Hyperreflexia; Dysphagia; Bulbar palsy; Impaired vibratory sensation; Areflexia; Peripheral neuropathy; Supranuclear ophthalmoplegia; Optic disc pallor,1.0,0.0,0.0,1.0,0.0,1.0,0.0,0.0,0.0,0.0,1.0,0.0,0.0,1.0,0.0,exact_omim,OMIM:164400
CILP_0383,Secondary,Spinocerebellar Ataxia,Spinocerebellar Ataxia [OMIM phenotype 164500],SCA7,164500,ATXN7,1,Neurodevelopmental ciliopathy,AD; ANTICIPATION_PATERNAL_BIAS,HP:0000006; HP:0003744,Autosomal dominant inheritance; Genetic anticipation with paternal anticipation bias,20.0,HP:0002542; HP:0002015; HP:0001310; HP:0002310; HP:0003487; HP:0001260; HP:0000580; HP:0002072; HP:0002073; HP:0002071; HP:0000529; HP:0000639; HP:0000608; HP:0000514; HP:0000623; HP:0000648; HP:0001257; HP:0001268; HP:0001337; HP:0001347,Olivopontocerebellar atrophy; Dysphagia; Dysmetria; Orofacial dyskinesia; Babinski sign; Dysarthria; Pigmentary retinopathy; Chorea; Progressive cerebellar ataxia; Abnormality of extrapyramidal motor function; Progressive visual loss; Nystagmus; Macular degeneration; Slow saccadic eye movements; Supranuclear ophthalmoplegia; Optic atrophy; Spasticity; Mental deterioration; Tremor; Hyperreflexia,1.0,0.0,0.0,1.0,0.0,0.0,0.0,0.0,0.0,0.0,1.0,0.0,0.0,1.0,0.0,exact_omim,OMIM:164500
CILP_0384,Secondary,Spinocerebellar Ataxia,Spinocerebellar Ataxia [OMIM phenotype 183086],SCA6,183086,CACNA1A,1,Neurodevelopmental ciliopathy,ANTICIPATION; AD,HP:0003743; HP:0000006,Genetic anticipation; Autosomal dominant inheritance,21.0,HP:0007979; HP:0001310; HP:0002321; HP:0001272; HP:0002120; HP:0001251; HP:0001350; HP:0002083; HP:0002080; HP:0000639; HP:0002359; HP:0002017; HP:0002311; HP:0002015; HP:0002078; HP:0001260; HP:0002073; HP:0007670; HP:0007772; HP:0002505; HP:0000763,Gaze-evoked horizontal nystagmus; Dysmetria; Vertigo; Cerebellar atrophy; Cerebral cortical atrophy; Ataxia; Slurred speech; Migraine without aura; Intention tremor; Nystagmus; Frequent falls; Nausea and vomiting; Incoordination; Dysphagia; Truncal ataxia; Dysarthria; Progressive cerebellar ataxia; Abnormal vestibulo-ocular reflex; Impaired smooth pursuit; Loss of ambulation; Sensory neuropathy,1.0,0.0,0.0,1.0,1.0,0.0,0.0,0.0,0.0,0.0,1.0,0.0,0.0,1.0,0.0,exact_omim,OMIM:183086
CILP_0385,Secondary,Spinocerebellar Ataxia,Spinocerebellar Ataxia [OMIM phenotype 183090],SCA2,183090,ATXN2,1,Neurodevelopmental ciliopathy,ANTICIPATION; AD,HP:0003743; HP:0000006,Genetic anticipation; Autosomal dominant inheritance,37.0,HP:0002542; HP:0002345; HP:0000640; HP:0002067; HP:0001310; HP:0001151; HP:0003693; HP:0001272; HP:0000020; HP:0002063; HP:0001252; HP:0001251; HP:0001290; HP:0002380; HP:0002839; HP:0000514; HP:0000657; HP:0002317; HP:0000510; HP:0001265; HP:0002015; HP:0001300; HP:0003487; HP:0002495; HP:0001260; HP:0002198; HP:0002174; HP:0002075; HP:0002073; HP:0002172; HP:0002070; HP:0000726; HP:0000602; HP:0002503; HP:0001257; HP:0000641; HP:0001336,Olivopontocerebellar atrophy; Action tremor; Gaze-evoked nystagmus; Bradykinesia; Dysmetria; Impaired horizontal smooth pursuit; Distal amyotrophy; Cerebellar atrophy; Urinary incontinence; Rigidity; Hypotonia; Ataxia; Generalized hypotonia; Fasciculations; Urinary bladder sphincter dysfunction; Slow saccadic eye movements; Oculomotor apraxia; Unsteady gait; Rod-cone dystrophy; Hyporeflexia; Dysphagia; Parkinsonism; Babinski sign; Impaired vibratory sensation; Dysarthria; Dilated fourth ventricle; Postural tremor; Dysdiadochokinesis; Progressive cerebellar ataxia; Postural instability; Limb ataxia; Dementia; Ophthalmoplegia; Spinocerebellar tract degeneration; Spasticity; Dysmetric saccades; Myoclonus,1.0,0.0,0.0,1.0,0.0,1.0,0.0,0.0,0.0,0.0,1.0,0.0,0.0,1.0,0.0,exact_omim,OMIM:183090
CILP_0386,Secondary,Spinocerebellar Ataxia,Spinocerebellar Ataxia [OMIM phenotype 600224],SCA5,600224,SPTBN2,1,Neurodevelopmental ciliopathy,AD,HP:0000006,Autosomal dominant inheritance,25.0,HP:0002421; HP:0000640; HP:0000486; HP:0001310; HP:0001272; HP:0002066; HP:0001252; HP:0001251; HP:0002080; HP:0100543; HP:0007286; HP:0000317; HP:0001347; HP:0002311; HP:0002136; HP:0001583; HP:0001321; HP:0001260; HP:0002495; HP:0001263; HP:0002075; HP:0002493; HP:0002070; HP:0011448; HP:0007772,Poor head control; Gaze-evoked nystagmus; Strabismus; Dysmetria; Cerebellar atrophy; Gait ataxia; Hypotonia; Ataxia; Intention tremor; Cognitive impairment; Horizontal jerk nystagmus; Facial myokymia; Hyperreflexia; Incoordination; Broad-based gait; Rotary nystagmus; Cerebellar hypoplasia; Dysarthria; Impaired vibratory sensation; Global developmental delay; Dysdiadochokinesis; Upper motor neuron dysfunction; Limb ataxia; Ankle clonus; Impaired smooth pursuit,0.0,0.0,0.0,1.0,0.0,0.0,0.0,0.0,1.0,1.0,1.0,0.0,0.0,1.0,0.0,exact_omim,OMIM:600224
CILP_0387,Secondary,Spinocerebellar Ataxia,Spinocerebellar Ataxia [OMIM phenotype 603516],SCA10,603516,ATXN10,1,Neurodevelopmental ciliopathy,INCOMPLETE_PENETRANCE; ANTICIPATION; AD,HP:0003829; HP:0003743; HP:0000006,Typified by incomplete penetrance; Genetic anticipation; Autosomal dominant inheritance,27.0,HP:0002168; HP:0002067; HP:0001310; HP:0001250; HP:0001272; HP:0001271; HP:0002066; HP:0000020; HP:0002062; HP:0000639; HP:0000716; HP:0007289; HP:0002936; HP:0001347; HP:0002311; HP:0002015; HP:0000012; HP:0003487; HP:0001260; HP:0002075; HP:0002073; HP:0002070; HP:0002071; HP:0000726; HP:0007772; HP:0007256; HP:0000762,Scanning speech; Bradykinesia; Dysmetria; Seizure; Cerebellar atrophy; Polyneuropathy; Gait ataxia; Urinary incontinence; Abnormal pyramidal tract morphology; Nystagmus; Depression; Limb fasciculations; Distal sensory impairment; Hyperreflexia; Incoordination; Dysphagia; Urinary urgency; Babinski sign; Dysarthria; Dysdiadochokinesis; Progressive cerebellar ataxia; Limb ataxia; Abnormality of extrapyramidal motor function; Dementia; Impaired smooth pursuit; Abnormal pyramidal sign; Decreased nerve conduction velocity,1.0,0.0,0.0,1.0,0.0,1.0,0.0,0.0,0.0,1.0,1.0,0.0,0.0,0.0,0.0,exact_omim,OMIM:603516
CILP_0388,Secondary,Spinocerebellar Ataxia,Spinocerebellar Ataxia [OMIM phenotype 604326],SCA12,604326,PPP2R2B,1,Neurodevelopmental ciliopathy,AD,HP:0000006,Autosomal dominant inheritance,18.0,HP:0002345; HP:0001300; HP:0000496; HP:0001310; HP:0002530; HP:0001272; HP:0002120; HP:0001260; HP:0002075; HP:0002073; HP:0000716; HP:0007141; HP:0000726; HP:0000739; HP:0000317; HP:0000746; HP:0002346; HP:0001347,Action tremor; Parkinsonism; Abnormality of eye movement; Dysmetria; Axial dystonia; Cerebellar atrophy; Cerebral cortical atrophy; Dysarthria; Dysdiadochokinesis; Progressive cerebellar ataxia; Depression; Sensorimotor neuropathy; Dementia; Anxiety; Facial myokymia; Delusion; Head tremor; Hyperreflexia,0.0,0.0,0.0,1.0,0.0,0.0,0.0,0.0,1.0,0.0,1.0,0.0,0.0,1.0,0.0,exact_omim,OMIM:604326
CILP_0389,Secondary,Spinocerebellar Ataxia,Spinocerebellar Ataxia [OMIM phenotype 604432],SCA11,604432,TTBK2,1,Neurodevelopmental ciliopathy,AD,HP:0000006,Autosomal dominant inheritance,10.0,HP:0002078; HP:0001272; HP:0001260; HP:0002066; HP:0002141; HP:0002073; HP:0002070; HP:0000639; HP:0008003; HP:0001347,Truncal ataxia; Cerebellar atrophy; Dysarthria; Gait ataxia; Gait imbalance; Progressive cerebellar ataxia; Limb ataxia; Nystagmus; Jerky ocular pursuit movements; Hyperreflexia,0.0,0.0,0.0,1.0,0.0,0.0,0.0,0.0,0.0,0.0,1.0,0.0,0.0,0.0,0.0,exact_omim,OMIM:604432
CILP_0390,Secondary,Spinocerebellar Ataxia,Spinocerebellar Ataxia [OMIM phenotype 605259],SCA13,605259,KCNC3,1,Neurodevelopmental ciliopathy,AD,HP:0000006,Autosomal dominant inheritance,20.0,HP:0000365; HP:0001272; HP:0001260; HP:0002066; HP:0001252; HP:0002062; HP:0002073; HP:0001270; HP:0002070; HP:0100543; HP:0000639; HP:0008003; HP:0007256; HP:0000648; HP:0002406; HP:0006886; HP:0001257; HP:0001249; HP:0001347; HP:0001336,Hearing impairment; Cerebellar atrophy; Dysarthria; Gait ataxia; Hypotonia; Abnormal pyramidal tract morphology; Progressive cerebellar ataxia; Motor delay; Limb ataxia; Cognitive impairment; Nystagmus; Jerky ocular pursuit movements; Abnormal pyramidal sign; Optic atrophy; Limb dysmetria; Impaired distal vibration sensation; Spasticity; Intellectual disability; Hyperreflexia; Myoclonus,0.0,0.0,0.0,1.0,1.0,0.0,0.0,0.0,0.0,0.0,1.0,0.0,0.0,1.0,0.0,exact_omim,OMIM:605259
CILP_0391,Secondary,Spinocerebellar Ataxia,Spinocerebellar Ataxia [OMIM phenotype 605361],SCA14,605361,PRKCG,1,Neurodevelopmental ciliopathy,INCOMPLETE_PENETRANCE; AD,HP:0003829; HP:0000006,Typified by incomplete penetrance; Autosomal dominant inheritance,15.0,HP:0002015; HP:0001310; HP:0002354; HP:0001272; HP:0001260; HP:0002066; HP:0006938; HP:0004373; HP:0002073; HP:0000639; HP:0000716; HP:0000317; HP:0001268; HP:0007018; HP:0001347,Dysphagia; Dysmetria; Memory impairment; Cerebellar atrophy; Dysarthria; Gait ataxia; Impaired vibration sensation at ankles; Focal dystonia; Progressive cerebellar ataxia; Nystagmus; Depression; Facial myokymia; Mental deterioration; Attention deficit hyperactivity disorder; Hyperreflexia,1.0,0.0,0.0,1.0,0.0,0.0,0.0,0.0,1.0,0.0,1.0,0.0,0.0,1.0,0.0,exact_omim,OMIM:605361
CILP_0392,Secondary,Spinocerebellar Ataxia,Spinocerebellar Ataxia [OMIM phenotype 606002],SCAN2,606002,Setx,1,Neurodevelopmental ciliopathy,AR,HP:0000007,Autosomal recessive inheritance,35.0,HP:0003477; HP:0003236; HP:0000486; HP:0000640; HP:0003431; HP:0001332; HP:0003693; HP:0001272; HP:0002066; HP:0001271; HP:0001152; HP:0002460; HP:0010702; HP:0000639; HP:0007240; HP:0000657; HP:0006254; HP:0007267; HP:0001265; HP:0002015; HP:0006879; HP:0002650; HP:0001761; HP:0006937; HP:0001260; HP:0001284; HP:0002072; HP:0002070; HP:0010831; HP:0000524; HP:0007256; HP:0006886; HP:0001337; HP:0001315; HP:0002346,Peripheral axonal neuropathy; Elevated circulating creatine kinase concentration; Strabismus; Gaze-evoked nystagmus; Decreased motor nerve conduction velocity; Dystonia; Distal amyotrophy; Cerebellar atrophy; Gait ataxia; Polyneuropathy; Saccadic smooth pursuit interruptions; Distal muscle weakness; Increased circulating immunoglobulin concentration; Nystagmus; Progressive gait ataxia; Oculomotor apraxia; Elevated circulating alpha-fetoprotein concentration; Chronic axonal neuropathy; Hyporeflexia; Dysphagia; Pontocerebellar atrophy; Scoliosis; Pes cavus; Impaired distal tactile sensation; Dysarthria; Areflexia; Chorea; Limb ataxia; Impaired proprioception; Conjunctival telangiectasia; Abnormal pyramidal sign; Impaired distal vibration sensation; Tremor; Reduced tendon reflexes; Head tremor,1.0,1.0,0.0,1.0,0.0,0.0,1.0,0.0,1.0,1.0,1.0,1.0,0.0,1.0,1.0,exact_omim,OMIM:606002
CILP_0393,Secondary,Spinocerebellar Ataxia,Spinocerebellar Ataxia [OMIM phenotype 606658],SCA15,606658,ITPR1,1,Neurodevelopmental ciliopathy,AD,HP:0000006,Autosomal dominant inheritance,32.0,HP:0002168; HP:0002345; HP:0007979; HP:0000640; HP:0001272; HP:0031629; HP:0002066; HP:0002080; HP:0000639; HP:0008278; HP:0001249; HP:0006855; HP:0001347; HP:0002136; HP:0002015; HP:0000571; HP:0002078; HP:0003487; HP:0001288; HP:0001260; HP:0002174; HP:0002072; HP:0100021; HP:0002070; HP:0012758; HP:0100660; HP:0007772; HP:0002406; HP:0000641; HP:0001257; HP:0007338; HP:0001337,Scanning speech; Action tremor; Gaze-evoked horizontal nystagmus; Gaze-evoked nystagmus; Cerebellar atrophy; Impaired tandem gait; Gait ataxia; Intention tremor; Nystagmus; Cerebellar cortical atrophy; Intellectual disability; Cerebellar vermis atrophy; Hyperreflexia; Broad-based gait; Dysphagia; Hypometric saccades; Truncal ataxia; Babinski sign; Gait disturbance; Dysarthria; Postural tremor; Chorea; Cerebral palsy; Limb ataxia; Neurodevelopmental delay; Dyskinesia; Impaired smooth pursuit; Limb dysmetria; Dysmetric saccades; Spasticity; Hypermetric saccades; Tremor,1.0,0.0,0.0,1.0,0.0,0.0,0.0,0.0,0.0,0.0,1.0,0.0,0.0,1.0,0.0,exact_omim,OMIM:606658
CILP_0394,Secondary,Spinocerebellar Ataxia,Spinocerebellar Ataxia [OMIM phenotype 607136],SCA17,607136,TBP,1,Neurodevelopmental ciliopathy,AD,HP:0000006,Autosomal dominant inheritance,34.0,HP:0002300; HP:0002067; HP:0000640; HP:0001310; HP:0001332; HP:0002186; HP:0001272; HP:0001250; HP:0002066; HP:0002063; HP:0000020; HP:0001251; HP:0011999; HP:0002080; HP:0000716; HP:0000738; HP:0000718; HP:0000757; HP:0007668; HP:0002136; HP:0002015; HP:0001289; HP:0001300; HP:0001260; HP:0002072; HP:0002171; HP:0002070; HP:0000727; HP:0000726; HP:0002506; HP:0002529; HP:0002403; HP:0000743; HP:0001336,Mutism; Bradykinesia; Gaze-evoked nystagmus; Dysmetria; Dystonia; Apraxia; Cerebellar atrophy; Seizure; Gait ataxia; Rigidity; Urinary incontinence; Ataxia; Paranoia; Intention tremor; Depression; Hallucinations; Aggressive behavior; Lack of insight; Impaired pursuit initiation and maintenance; Broad-based gait; Dysphagia; Confusion; Parkinsonism; Dysarthria; Chorea; Gliosis; Limb ataxia; Frontal lobe dementia; Dementia; Diffuse cerebral atrophy; Neuronal loss in central nervous system; Positive Romberg sign; Frontal release signs; Myoclonus,1.0,0.0,0.0,1.0,0.0,1.0,0.0,0.0,0.0,0.0,1.0,0.0,0.0,1.0,0.0,exact_omim,OMIM:607136
CILP_0395,Secondary,Spinocerebellar Ataxia,Spinocerebellar Ataxia [OMIM phenotype 607250],SCAN1,607250,TDP1,1,Neurodevelopmental ciliopathy,AR,HP:0000007,Autosomal recessive inheritance,19.0,HP:0003477; HP:0002059; HP:0003431; HP:0006858; HP:0003376; HP:0003124; HP:0001761; HP:0001272; HP:0003693; HP:0001250; HP:0001260; HP:0002495; HP:0001284; HP:0001251; HP:0003073; HP:0003380; HP:0002936; HP:0000763; HP:0001249,Peripheral axonal neuropathy; Cerebral atrophy; Decreased motor nerve conduction velocity; Impaired distal proprioception; Steppage gait; Hypercholesterolemia; Pes cavus; Cerebellar atrophy; Distal amyotrophy; Seizure; Dysarthria; Impaired vibratory sensation; Areflexia; Ataxia; Hypoalbuminemia; Decreased number of peripheral myelinated nerve fibers; Distal sensory impairment; Sensory neuropathy; Intellectual disability,0.0,0.0,0.0,0.0,0.0,0.0,0.0,0.0,0.0,1.0,1.0,1.0,0.0,1.0,0.0,exact_omim,OMIM:607250
CILP_0396,Secondary,Spinocerebellar Ataxia,Spinocerebellar Ataxia [OMIM phenotype 607346],SCA19,607346,KCND3,1,Neurodevelopmental ciliopathy,AD,HP:0000006,Autosomal dominant inheritance,17.0,HP:0001265; HP:0002015; HP:0007979; HP:0002078; HP:0001272; HP:0002396; HP:0001260; HP:0002066; HP:0002174; HP:0001152; HP:0002073; HP:0002070; HP:0100543; HP:0000639; HP:0001347; HP:0007944; HP:0001336,Hyporeflexia; Dysphagia; Gaze-evoked horizontal nystagmus; Truncal ataxia; Cerebellar atrophy; Cogwheel rigidity; Dysarthria; Gait ataxia; Postural tremor; Saccadic smooth pursuit interruptions; Progressive cerebellar ataxia; Limb ataxia; Cognitive impairment; Nystagmus; Hyperreflexia; Intermittent microsaccadic pursuits; Myoclonus,1.0,0.0,0.0,1.0,0.0,0.0,0.0,0.0,0.0,0.0,1.0,0.0,0.0,1.0,0.0,exact_omim,OMIM:607346
CILP_0397,Secondary,Spinocerebellar Ataxia,Spinocerebellar Ataxia [OMIM phenotype 607454],SCA21,607454,TMEM240,1,Neurodevelopmental ciliopathy,AD,HP:0000006,Autosomal dominant inheritance,30.0,HP:0002168; HP:0000486; HP:0002188; HP:0001332; HP:0001272; HP:0002066; HP:0001251; HP:0010543; HP:0010526; HP:0002080; HP:0100543; HP:0000639; HP:0000718; HP:0000514; HP:0001268; HP:0001249; HP:0001265; HP:0001300; HP:0002396; HP:0001260; HP:0001263; HP:0002174; HP:0002073; HP:0002070; HP:0002071; HP:0100710; HP:0007792; HP:0002304; HP:0000741; HP:0007338,Scanning speech; Strabismus; Delayed CNS myelination; Dystonia; Cerebellar atrophy; Gait ataxia; Ataxia; Opsoclonus; Dysgraphia; Intention tremor; Cognitive impairment; Nystagmus; Aggressive behavior; Slow saccadic eye movements; Mental deterioration; Intellectual disability; Hyporeflexia; Parkinsonism; Cogwheel rigidity; Dysarthria; Global developmental delay; Postural tremor; Progressive cerebellar ataxia; Limb ataxia; Abnormality of extrapyramidal motor function; Impulsivity; Microsaccadic pursuit; Akinesia; Apathy; Hypermetric saccades,0.0,0.0,0.0,1.0,0.0,0.0,0.0,0.0,0.0,0.0,1.0,0.0,0.0,1.0,0.0,exact_omim,OMIM:607454
CILP_0398,Secondary,Spinocerebellar Ataxia,Spinocerebellar Ataxia [OMIM phenotype 608768],SCA8,608768,ATXN8,1,Neurodevelopmental ciliopathy,AD,HP:0000006,Autosomal dominant inheritance,15.0,HP:0002311; HP:0002015; HP:0001272; HP:0001260; HP:0002062; HP:0002073; HP:0000639; HP:0000514; HP:0007772; HP:0009830; HP:0007256; HP:0000763; HP:0000641; HP:0001257; HP:0001337,Incoordination; Dysphagia; Cerebellar atrophy; Dysarthria; Abnormal pyramidal tract morphology; Progressive cerebellar ataxia; Nystagmus; Slow saccadic eye movements; Impaired smooth pursuit; Peripheral neuropathy; Abnormal pyramidal sign; Sensory neuropathy; Dysmetric saccades; Spasticity; Tremor,1.0,0.0,0.0,1.0,0.0,0.0,0.0,0.0,0.0,0.0,1.0,0.0,0.0,1.0,0.0,exact_omim,OMIM:608768
CILP_0399,Secondary,Spinocerebellar Ataxia,Spinocerebellar Ataxia [OMIM phenotype 609306],SCA26,609306,eEF2,1,Neurodevelopmental ciliopathy,AD,HP:0000006,Autosomal dominant inheritance,9.0,HP:0002311; HP:0002078; HP:0000639; HP:0001151; HP:0001272; HP:0001260; HP:0002066; HP:0002070; HP:0000641,Incoordination; Truncal ataxia; Nystagmus; Impaired horizontal smooth pursuit; Cerebellar atrophy; Dysarthria; Gait ataxia; Limb ataxia; Dysmetric saccades,0.0,0.0,0.0,1.0,0.0,0.0,0.0,0.0,0.0,0.0,1.0,0.0,0.0,0.0,0.0,exact_omim,OMIM:609306
CILP_0400,Secondary,Spinocerebellar Ataxia,Spinocerebellar Ataxia [OMIM phenotype 609307],SCA27,609307,FGF14,1,Neurodevelopmental ciliopathy,AD; INCOMPLETE_PENETRANCE; ANTICIPATION_PATERNAL_BIAS; ANTICIPATION; AR,HP:0000006; HP:0003829; HP:0003744; HP:0003743; HP:0000007,Autosomal dominant inheritance; Typified by incomplete penetrance; Genetic anticipation with paternal anticipation bias; Genetic anticipation; Autosomal recessive inheritance,299.0,HP:0007979; HP:0000639; HP:0001272; HP:0001260; HP:0002066; HP:0000407; HP:0001251; HP:0002070; HP:0004325; HP:0002421; HP:0000640; HP:0002540; HP:0000486; HP:0001332; HP:0000089; HP:0004322; HP:0002384; HP:0030177; HP:0001290; HP:0000514; HP:0003763; HP:0000252; HP:0001583; HP:0004691; HP:0100021; HP:0011094; HP:0000805; HP:0000526; HP:0002307; HP:0007676; HP:0002423; HP:0001337; HP:0001336; HP:0001276; HP:0003698; HP:0000582; HP:0002002; HP:0001310; HP:0002120; HP:0001270; HP:0034435; HP:0002080; HP:0100275; HP:0100543; HP:0000617; HP:0100704; HP:0000616; HP:0100702; HP:0009049; HP:0000218; HP:0006855; HP:0001320; HP:0002136; HP:0002015; HP:0002411; HP:0000750; HP:0001321; HP:0002376; HP:0001288; HP:0000474; HP:0004396; HP:0005484; HP:0000508; HP:0009830; HP:0007256; HP:0001319; HP:0002406; HP:0004428; HP:0002007; HP:0002403; HP:0004425; HP:0002465; HP:0002345; HP:0010529; HP:0001256; HP:0002342; HP:0000563; HP:0031629; HP:0001250; HP:0001252; HP:0012428; HP:0003391; HP:0033128; HP:0007366; HP:0020045; HP:0025336; HP:0007885; HP:0007369; HP:0003701; HP:0020049; HP:0001642; HP:0001249; HP:0000555; HP:0002078; HP:0030147; HP:0025335; HP:0011968; HP:0006817; HP:0000570; HP:0001263; HP:0002470; HP:0002075; HP:0033257; HP:0002194; HP:0002071; HP:0012896; HP:0000448; HP:0002505; HP:0000565; HP:0002346; HP:0002169; HP:0007859; HP:0002442; HP:0000540; HP:0430025; HP:0001350; HP:0010862; HP:0031491; HP:0007340; HP:0000657; HP:0001627; HP:0001348; HP:0001347; HP:0002179; HP:0002059; HP:0008935; HP:0031936; HP:0002174; HP:0032988; HP:0001518; HP:0033683; HP:0001999; HP:0009878; HP:0001631; HP:0000028; HP:0000666; HP:0001265; HP:0003477; HP:0002380; HP:0000605; HP:0007772; HP:0001019; HP:0001257; HP:0000962; HP:0002542; HP:0003431; HP:0003394; HP:0002460; HP:0007006; HP:0001324; HP:0007328; HP:0003202; HP:0003401; HP:0003487; HP:0006937; HP:0002198; HP:0002072; HP:0002073; HP:0010831; HP:0007078; HP:0000648; HP:0000641; HP:0002503; HP:0002168; HP:0003693; HP:0001151; HP:0007263; HP:0002839; HP:0003448; HP:0001283; HP:0002495; HP:0001284; HP:0000623; HP:0000543; HP:0002310; HP:0000580; HP:0000529; HP:0000608; HP:0001268; HP:0002321; HP:0002083; HP:0002359; HP:0002017; HP:0002311; HP:0007670; HP:0000763; HP:0002067; HP:0000020; HP:0002063; HP:0002317; HP:0000510; HP:0001300; HP:0002172; HP:0000726; HP:0000602; HP:0007286; HP:0000317; HP:0002493; HP:0011448; HP:0001271; HP:0002062; HP:0000716; HP:0007289; HP:0002936; HP:0000012; HP:0000762; HP:0000496; HP:0002530; HP:0007141; HP:0000739; HP:0000746; HP:0002141; HP:0008003; HP:0000365; HP:0006886; HP:0002354; HP:0006938; HP:0004373; HP:0007018; HP:0003236; HP:0001152; HP:0010702; HP:0007240; HP:0006254; HP:0007267; HP:0006879; HP:0002650; HP:0001761; HP:0000524; HP:0001315; HP:0008278; HP:0000571; HP:0012758; HP:0100660; HP:0007338; HP:0002300; HP:0002186; HP:0011999; HP:0000738; HP:0000718; HP:0000757; HP:0007668; HP:0001289; HP:0002171; HP:0000727; HP:0002506; HP:0002529; HP:0000743; HP:0006858; HP:0003376; HP:0003124; HP:0003073; HP:0003380; HP:0002396; HP:0007944; HP:0002188; HP:0010543; HP:0010526; HP:0100710; HP:0007792; HP:0002304; HP:0000741; HP:0002166; HP:0001274; HP:0007305; HP:0003200; HP:0002395; HP:0003474; HP:0011922; HP:0006895; HP:0000597; HP:0000473; HP:0007024; HP:0000467; HP:0012473; HP:0001308; HP:0000511; HP:0003445; HP:0002313; HP:0000651; HP:0002497; HP:0002064; HP:0031166; HP:0007001; HP:0012514; HP:0030902; HP:0000768; HP:0000360; HP:0010545; HP:0003390; HP:0002069; HP:0100785; HP:0000737; HP:0004326; HP:0002352; HP:0011402; HP:0003690; HP:0009027; HP:0001765,Gaze-evoked horizontal nystagmus; Nystagmus; Cerebellar atrophy; Dysarthria; Gait ataxia; Sensorineural hearing impairment; Ataxia; Limb ataxia; Decreased body weight; Poor head control; Gaze-evoked nystagmus; Inability to walk; Strabismus; Dystonia; Renal hypoplasia; Short stature; Focal impaired awareness seizure; Abnormality of peripheral nervous system electrophysiology; Generalized hypotonia; Slow saccadic eye movements; Bruxism; Microcephaly; Rotary nystagmus; 2-3 toe syndactyly; Cerebral palsy; Increased overbite; Enuresis; Aniridia; Drooling; Hypoplasia of the iris; Long-tract sign; Tremor; Myoclonus; Hypertonia; Difficulty standing; Upslanted palpebral fissure; Deep philtrum; Dysmetria; Cerebral cortical atrophy; Motor delay; Abnormal eye contact; Intention tremor; Diffuse cerebellar atrophy; Cognitive impairment; Abnormality of ocular smooth pursuit; Cerebral visual impairment; Miosis; Arachnoid cyst; Peroneal muscle atrophy; High palate; Cerebellar vermis atrophy; Cerebellar vermis hypoplasia; Broad-based gait; Dysphagia; Myokymia; Delayed speech and language development; Cerebellar hypoplasia; Developmental regression; Gait disturbance; Thickened nuchal skin fold; Poor appetite; Secondary microcephaly; Ptosis; Peripheral neuropathy; Abnormal pyramidal sign; Neonatal hypotonia; Limb dysmetria; Elfin facies; Frontal bossing; Positive Romberg sign; Flat forehead; Poor speech; Action tremor; Echolalia; Mild intellectual disability; Moderate intellectual disability; Keratoconus; Impaired tandem gait; Seizure; Hypotonia; Prominent calcaneus; Gowers sign; Delayed ability to crawl; Atrophy/Degeneration affecting the brainstem; Esodeviation; Delayed ability to sit; Slowed horizontal saccades; Atrophy/Degeneration affecting the cerebrum; Proximal muscle weakness; Exodeviation; Pulmonic stenosis; Intellectual disability; Leukocoria; Truncal ataxia; Truncal titubation; Delayed ability to stand; Feeding difficulties; Aplasia/Hypoplasia of the cerebellar vermis; Abnormal saccadic eye movements; Global developmental delay; Nonprogressive cerebellar ataxia; Dysdiadochokinesis; Delayed ability to walk with support; Delayed gross motor development; Abnormality of extrapyramidal motor function; Abnormal motor evoked potentials; Prominent nose; Loss of ambulation; Esotropia; Head tremor; Clonus; Congenital horizontal nystagmus; Dyscalculia; Hypermetropia; Bilateral facial palsy; Slurred speech; Delayed fine motor development; Continuous spike and waves during slow sleep; Lower limb muscle weakness; Oculomotor apraxia; Abnormal heart morphology; Brisk reflexes; Hyperreflexia; Opisthotonus; Cerebral atrophy; Generalized neonatal hypotonia; Delayed ability to walk; Postural tremor; Persistent head lag; Small for gestational age; Jaw hyperreflexia; Abnormal facial shape; Cerebellar ataxia associated with quadrupedal gait; Atrial septal defect; Cryptorchidism; Horizontal nystagmus; Hyporeflexia; Peripheral axonal neuropathy; Fasciculations; Supranuclear gaze palsy; Impaired smooth pursuit; Erythroderma; Spasticity; Hyperkeratosis; Olivopontocerebellar atrophy; Decreased motor nerve conduction velocity; Muscle spasm; Distal muscle weakness; Dorsal column degeneration; Muscle weakness; Impaired pain sensation; Skeletal muscle atrophy; Paresthesia; Babinski sign; Impaired distal tactile sensation; Dilated fourth ventricle; Chorea; Progressive cerebellar ataxia; Impaired proprioception; Decreased amplitude of sensory action potentials; Optic atrophy; Dysmetric saccades; Spinocerebellar tract degeneration; Scanning speech; Distal amyotrophy; Impaired horizontal smooth pursuit; Spinocerebellar atrophy; Urinary bladder sphincter dysfunction; Decreased sensory nerve conduction velocity; Bulbar palsy; Impaired vibratory sensation; Areflexia; Supranuclear ophthalmoplegia; Optic disc pallor; Orofacial dyskinesia; Pigmentary retinopathy; Progressive visual loss; Macular degeneration; Mental deterioration; Vertigo; Migraine without aura; Frequent falls; Nausea and vomiting; Incoordination; Abnormal vestibulo-ocular reflex; Sensory neuropathy; Bradykinesia; Urinary incontinence; Rigidity; Unsteady gait; Rod-cone dystrophy; Parkinsonism; Postural instability; Dementia; Ophthalmoplegia; Horizontal jerk nystagmus; Facial myokymia; Upper motor neuron dysfunction; Ankle clonus; Polyneuropathy; Abnormal pyramidal tract morphology; Depression; Limb fasciculations; Distal sensory impairment; Urinary urgency; Decreased nerve conduction velocity; Abnormality of eye movement; Axial dystonia; Sensorimotor neuropathy; Anxiety; Delusion; Gait imbalance; Jerky ocular pursuit movements; Hearing impairment; Impaired distal vibration sensation; Memory impairment; Impaired vibration sensation at ankles; Focal dystonia; Attention deficit hyperactivity disorder; Elevated circulating creatine kinase concentration; Saccadic smooth pursuit interruptions; Increased circulating immunoglobulin concentration; Progressive gait ataxia; Elevated circulating alpha-fetoprotein concentration; Chronic axonal neuropathy; Pontocerebellar atrophy; Scoliosis; Pes cavus; Conjunctival telangiectasia; Reduced tendon reflexes; Cerebellar cortical atrophy; Hypometric saccades; Neurodevelopmental delay; Dyskinesia; Hypermetric saccades; Mutism; Apraxia; Paranoia; Hallucinations; Aggressive behavior; Lack of insight; Impaired pursuit initiation and maintenance; Confusion; Gliosis; Frontal lobe dementia; Diffuse cerebral atrophy; Neuronal loss in central nervous system; Frontal release signs; Impaired distal proprioception; Steppage gait; Hypercholesterolemia; Hypoalbuminemia; Decreased number of peripheral myelinated nerve fibers; Cogwheel rigidity; Intermittent microsaccadic pursuits; Delayed CNS myelination; Opsoclonus; Dysgraphia; Impulsivity; Microsaccadic pursuit; Akinesia; Apathy; Impaired vibration sensation in the lower limbs; Agenesis of corpus callosum; CNS demyelination; Ragged-red muscle fibers; Lower limb hyperreflexia; Somatic sensory dysfunction; Abnormal activity of mitochondrial respiratory chain; Lower limb hypertonia; Ophthalmoparesis; Torticollis; Pseudobulbar paralysis; Neck muscle weakness; Tongue atrophy; Tongue fasciculations; Vertical supranuclear gaze palsy; EMG: neuropathic changes; Spastic paraparesis; Diplopia; Spastic ataxia; Spastic gait; Eyelid myokymia; Loss of Purkinje cells in the cerebellar vermis; Lower limb pain; Palmomental reflex; Pectus carinatum; Tinnitus; Downbeat nystagmus; Sensory axonal neuropathy; Bilateral tonic-clonic seizure; Insomnia; Irritability; Cachexia; Leukoencephalopathy; Demyelinating sensory neuropathy; Limb muscle weakness; Foot dorsiflexor weakness; Hammertoe,1.0,1.0,0.0,1.0,1.0,1.0,1.0,1.0,1.0,1.0,1.0,1.0,0.0,1.0,1.0,family_aggregate_from_exact_omim,OMIM:117210; OMIM:117360; OMIM:133190; OMIM:164400; OMIM:164500; OMIM:183086; OMIM:183090; OMIM:600224; OMIM:603516; OMIM:604326; OMIM:604432; OMIM:605259; OMIM:605361; OMIM:606002; OMIM:606658; OMIM:607136; OMIM:607250; OMIM:607346; OMIM:607454; OMIM:608768; OMIM:609306; OMIM:610245; OMIM:610246; OMIM:613908; OMIM:614153; OMIM:615945; OMIM:615957; OMIM:616053; OMIM:616410; OMIM:616795; OMIM:617018; OMIM:617691; OMIM:617769; OMIM:617770; OMIM:618093; OMIM:618387
CILP_0401,Secondary,Spinocerebellar Ataxia,Spinocerebellar Ataxia [OMIM phenotype 610245],SCA23,610245,PDYN,1,Neurodevelopmental ciliopathy,AD,HP:0000006,Autosomal dominant inheritance,17.0,HP:0002166; HP:0006858; HP:0003487; HP:0001310; HP:0001272; HP:0001260; HP:0002066; HP:0001271; HP:0001274; HP:0002070; HP:0007141; HP:0000514; HP:0002529; HP:0000641; HP:0007305; HP:0001337; HP:0001347,Impaired vibration sensation in the lower limbs; Impaired distal proprioception; Babinski sign; Dysmetria; Cerebellar atrophy; Dysarthria; Gait ataxia; Polyneuropathy; Agenesis of corpus callosum; Limb ataxia; Sensorimotor neuropathy; Slow saccadic eye movements; Neuronal loss in central nervous system; Dysmetric saccades; CNS demyelination; Tremor; Hyperreflexia,0.0,0.0,0.0,1.0,0.0,0.0,0.0,0.0,0.0,0.0,1.0,0.0,0.0,0.0,0.0,exact_omim,OMIM:610245
CILP_0402,Secondary,Spinocerebellar Ataxia,Spinocerebellar Ataxia [OMIM phenotype 610246],SCA28,610246,AFG3L2,1,Neurodevelopmental ciliopathy,AD,HP:0000006,Autosomal dominant inheritance,18.0,HP:0000640; HP:0001300; HP:0003200; HP:0003487; HP:0001332; HP:0001272; HP:0002395; HP:0001260; HP:0002066; HP:0003474; HP:0002070; HP:0011922; HP:0000508; HP:0000514; HP:0006895; HP:0000641; HP:0000597; HP:0001257,Gaze-evoked nystagmus; Parkinsonism; Ragged-red muscle fibers; Babinski sign; Dystonia; Cerebellar atrophy; Lower limb hyperreflexia; Dysarthria; Gait ataxia; Somatic sensory dysfunction; Limb ataxia; Abnormal activity of mitochondrial respiratory chain; Ptosis; Slow saccadic eye movements; Lower limb hypertonia; Dysmetric saccades; Ophthalmoparesis; Spasticity,0.0,0.0,0.0,1.0,0.0,0.0,0.0,0.0,0.0,1.0,1.0,1.0,0.0,1.0,0.0,exact_omim,OMIM:610246
CILP_0403,Secondary,Spinocerebellar Ataxia,Spinocerebellar Ataxia [OMIM phenotype 613908],SCA35,613908,TGM6,1,Neurodevelopmental ciliopathy,AD,HP:0000006,Autosomal dominant inheritance,15.0,HP:0002311; HP:0000473; HP:0001288; HP:0003487; HP:0001310; HP:0001272; HP:0001260; HP:0001251; HP:0002080; HP:0010831; HP:0000514; HP:0007024; HP:0002505; HP:0000467; HP:0001347,Incoordination; Torticollis; Gait disturbance; Babinski sign; Dysmetria; Cerebellar atrophy; Dysarthria; Ataxia; Intention tremor; Impaired proprioception; Slow saccadic eye movements; Pseudobulbar paralysis; Loss of ambulation; Neck muscle weakness; Hyperreflexia,1.0,0.0,0.0,1.0,0.0,0.0,0.0,0.0,1.0,0.0,1.0,0.0,0.0,1.0,0.0,exact_omim,OMIM:613908
CILP_0404,Secondary,Spinocerebellar Ataxia,Spinocerebellar Ataxia [OMIM phenotype 614153],SCA36,614153,NOP56,1,Neurodevelopmental ciliopathy,AD,HP:0000006,Autosomal dominant inheritance,24.0,HP:0001276; HP:0000365; HP:0001272; HP:0002066; HP:0001252; HP:0001251; HP:0002380; HP:0012473; HP:0000639; HP:0000514; HP:0001308; HP:0001324; HP:0001347; HP:0000511; HP:0002311; HP:0003202; HP:0002015; HP:0003445; HP:0002078; HP:0003487; HP:0001260; HP:0002070; HP:0000508; HP:0007772,Hypertonia; Hearing impairment; Cerebellar atrophy; Gait ataxia; Hypotonia; Ataxia; Fasciculations; Tongue atrophy; Nystagmus; Slow saccadic eye movements; Tongue fasciculations; Muscle weakness; Hyperreflexia; Vertical supranuclear gaze palsy; Incoordination; Skeletal muscle atrophy; Dysphagia; EMG: neuropathic changes; Truncal ataxia; Babinski sign; Dysarthria; Limb ataxia; Ptosis; Impaired smooth pursuit,1.0,0.0,0.0,1.0,1.0,0.0,0.0,0.0,1.0,0.0,1.0,0.0,0.0,1.0,0.0,exact_omim,OMIM:614153
CILP_0405,Secondary,Spinocerebellar Ataxia,Spinocerebellar Ataxia [OMIM phenotype 615945],SCA37,615945,DAB1,1,Neurodevelopmental ciliopathy,AD,HP:0000006,Autosomal dominant inheritance,8.0,HP:0002015; HP:0001272; HP:0001260; HP:0001251; HP:0000639; HP:0002317; HP:0002359; HP:0001337,Dysphagia; Cerebellar atrophy; Dysarthria; Ataxia; Nystagmus; Unsteady gait; Frequent falls; Tremor,1.0,0.0,0.0,1.0,0.0,0.0,0.0,0.0,0.0,0.0,1.0,0.0,0.0,1.0,0.0,exact_omim,OMIM:615945
CILP_0406,Secondary,Spinocerebellar Ataxia,Spinocerebellar Ataxia [OMIM phenotype 615957],SCA38,615957,ELOVL5,1,Neurodevelopmental ciliopathy,AD,HP:0000006,Autosomal dominant inheritance,12.0,HP:0003477; HP:0001260; HP:0002066; HP:0001251; HP:0002460; HP:0002070; HP:0000639; HP:0000514; HP:0007366; HP:0001337; HP:0001336; HP:0006855,Peripheral axonal neuropathy; Dysarthria; Gait ataxia; Ataxia; Distal muscle weakness; Limb ataxia; Nystagmus; Slow saccadic eye movements; Atrophy/Degeneration affecting the brainstem; Tremor; Myoclonus; Cerebellar vermis atrophy,0.0,0.0,0.0,1.0,0.0,0.0,0.0,0.0,0.0,0.0,1.0,0.0,0.0,1.0,0.0,exact_omim,OMIM:615957
CILP_0407,Secondary,Spinocerebellar Ataxia,Spinocerebellar Ataxia [OMIM phenotype 616053],SCA40,616053,CCDC88C,1,Neurodevelopmental ciliopathy,AD,HP:0000006,Autosomal dominant inheritance,14.0,HP:0002168; HP:0006879; HP:0002136; HP:0001310; HP:0002066; HP:0001260; HP:0002075; HP:0001251; HP:0002080; HP:0011448; HP:0002317; HP:0001337; HP:0002313; HP:0001347,Scanning speech; Pontocerebellar atrophy; Broad-based gait; Dysmetria; Gait ataxia; Dysarthria; Dysdiadochokinesis; Ataxia; Intention tremor; Ankle clonus; Unsteady gait; Tremor; Spastic paraparesis; Hyperreflexia,0.0,0.0,0.0,0.0,0.0,0.0,0.0,0.0,0.0,1.0,1.0,0.0,0.0,1.0,0.0,exact_omim,OMIM:616053
CILP_0408,Secondary,Spinocerebellar Ataxia,Spinocerebellar Ataxia [OMIM phenotype 616410],SCA41,616410,TRPC3,1,Neurodevelopmental ciliopathy,AD,HP:0000006,Autosomal dominant inheritance,6.0,HP:0001272; HP:0002066; HP:0001251; HP:0002172; HP:0002317; HP:0006855,Cerebellar atrophy; Gait ataxia; Ataxia; Postural instability; Unsteady gait; Cerebellar vermis atrophy,0.0,0.0,0.0,0.0,0.0,0.0,0.0,0.0,0.0,0.0,1.0,0.0,0.0,0.0,0.0,exact_omim,OMIM:616410
CILP_0409,Secondary,Spinocerebellar Ataxia,Spinocerebellar Ataxia [OMIM phenotype 616795],SCA42,616795,CACNA1G,1,Neurodevelopmental ciliopathy,AD,HP:0000006,Autosomal dominant inheritance,21.0,HP:0002015; HP:0000651; HP:0003487; HP:0002497; HP:0000012; HP:0001272; HP:0001260; HP:0006938; HP:0000020; HP:0001251; HP:0001152; HP:0002064; HP:0031166; HP:0100543; HP:0000716; HP:0007001; HP:0007256; HP:0002317; HP:0000666; HP:0001337; HP:0001347,Dysphagia; Diplopia; Babinski sign; Spastic ataxia; Urinary urgency; Cerebellar atrophy; Dysarthria; Impaired vibration sensation at ankles; Urinary incontinence; Ataxia; Saccadic smooth pursuit interruptions; Spastic gait; Eyelid myokymia; Cognitive impairment; Depression; Loss of Purkinje cells in the cerebellar vermis; Abnormal pyramidal sign; Unsteady gait; Horizontal nystagmus; Tremor; Hyperreflexia,1.0,0.0,0.0,1.0,0.0,1.0,0.0,0.0,0.0,0.0,1.0,0.0,0.0,1.0,0.0,exact_omim,OMIM:616795
CILP_0410,Secondary,Spinocerebellar Ataxia,Spinocerebellar Ataxia [OMIM phenotype 617018],SCA43,617018,MME,1,Neurodevelopmental ciliopathy,AD,HP:0000006,Autosomal dominant inheritance,18.0,HP:0001265; HP:0000571; HP:0001761; HP:0003693; HP:0001260; HP:0002066; HP:0002063; HP:0001251; HP:0012514; HP:0002172; HP:0002070; HP:0030902; HP:0000639; HP:0007141; HP:0002936; HP:0000768; HP:0001337; HP:0006855,Hyporeflexia; Hypometric saccades; Pes cavus; Distal amyotrophy; Dysarthria; Gait ataxia; Rigidity; Ataxia; Lower limb pain; Postural instability; Limb ataxia; Palmomental reflex; Nystagmus; Sensorimotor neuropathy; Distal sensory impairment; Pectus carinatum; Tremor; Cerebellar vermis atrophy,0.0,0.0,0.0,1.0,0.0,0.0,0.0,0.0,0.0,1.0,1.0,0.0,0.0,1.0,0.0,exact_omim,OMIM:617018
CILP_0411,Secondary,Spinocerebellar Ataxia,Spinocerebellar Ataxia [OMIM phenotype 617691],SCA44,617691,GRM1,1,Neurodevelopmental ciliopathy,AD,HP:0000006,Autosomal dominant inheritance,14.0,HP:0002015; HP:0000750; HP:0001310; HP:0001272; HP:0001260; HP:0002066; HP:0001251; HP:0002075; HP:0000360; HP:0001270; HP:0002359; HP:0001257; HP:0007338; HP:0001348,Dysphagia; Delayed speech and language development; Dysmetria; Cerebellar atrophy; Dysarthria; Gait ataxia; Ataxia; Dysdiadochokinesis; Tinnitus; Motor delay; Frequent falls; Spasticity; Hypermetric saccades; Brisk reflexes,1.0,0.0,0.0,1.0,1.0,0.0,0.0,0.0,0.0,0.0,1.0,0.0,0.0,1.0,0.0,exact_omim,OMIM:617691
CILP_0412,Secondary,Spinocerebellar Ataxia,Spinocerebellar Ataxia [OMIM phenotype 617769],SCA45,617769,FAT2,1,Neurodevelopmental ciliopathy,AD,HP:0000006,Autosomal dominant inheritance,5.0,HP:0001272; HP:0001260; HP:0002066; HP:0002070; HP:0010545,Cerebellar atrophy; Dysarthria; Gait ataxia; Limb ataxia; Downbeat nystagmus,0.0,0.0,0.0,1.0,0.0,0.0,0.0,0.0,0.0,0.0,1.0,0.0,0.0,0.0,0.0,exact_omim,OMIM:617769
CILP_0413,Secondary,Spinocerebellar Ataxia,Spinocerebellar Ataxia [OMIM phenotype 617770],SCA46,617770,PLD3,1,Neurodevelopmental ciliopathy,AD,HP:0000006,Autosomal dominant inheritance,10.0,HP:0001310; HP:0001272; HP:0002066; HP:0001260; HP:0003390; HP:0002070; HP:0000639; HP:0000514; HP:0008003; HP:0002403,Dysmetria; Cerebellar atrophy; Gait ataxia; Dysarthria; Sensory axonal neuropathy; Limb ataxia; Nystagmus; Slow saccadic eye movements; Jerky ocular pursuit movements; Positive Romberg sign,0.0,0.0,0.0,1.0,0.0,0.0,0.0,0.0,0.0,0.0,1.0,0.0,0.0,0.0,0.0,exact_omim,OMIM:617770
CILP_0414,Secondary,Spinocerebellar Ataxia,Spinocerebellar Ataxia [OMIM phenotype 617931],SCA47,617931,PUM1,1,Neurodevelopmental ciliopathy,AD; INCOMPLETE_PENETRANCE; ANTICIPATION_PATERNAL_BIAS; ANTICIPATION; AR,HP:0000006; HP:0003829; HP:0003744; HP:0003743; HP:0000007,Autosomal dominant inheritance; Typified by incomplete penetrance; Genetic anticipation with paternal anticipation bias; Genetic anticipation; Autosomal recessive inheritance,299.0,HP:0007979; HP:0000639; HP:0001272; HP:0001260; HP:0002066; HP:0000407; HP:0001251; HP:0002070; HP:0004325; HP:0002421; HP:0000640; HP:0002540; HP:0000486; HP:0001332; HP:0000089; HP:0004322; HP:0002384; HP:0030177; HP:0001290; HP:0000514; HP:0003763; HP:0000252; HP:0001583; HP:0004691; HP:0100021; HP:0011094; HP:0000805; HP:0000526; HP:0002307; HP:0007676; HP:0002423; HP:0001337; HP:0001336; HP:0001276; HP:0003698; HP:0000582; HP:0002002; HP:0001310; HP:0002120; HP:0001270; HP:0034435; HP:0002080; HP:0100275; HP:0100543; HP:0000617; HP:0100704; HP:0000616; HP:0100702; HP:0009049; HP:0000218; HP:0006855; HP:0001320; HP:0002136; HP:0002015; HP:0002411; HP:0000750; HP:0001321; HP:0002376; HP:0001288; HP:0000474; HP:0004396; HP:0005484; HP:0000508; HP:0009830; HP:0007256; HP:0001319; HP:0002406; HP:0004428; HP:0002007; HP:0002403; HP:0004425; HP:0002465; HP:0002345; HP:0010529; HP:0001256; HP:0002342; HP:0000563; HP:0031629; HP:0001250; HP:0001252; HP:0012428; HP:0003391; HP:0033128; HP:0007366; HP:0020045; HP:0025336; HP:0007885; HP:0007369; HP:0003701; HP:0020049; HP:0001642; HP:0001249; HP:0000555; HP:0002078; HP:0030147; HP:0025335; HP:0011968; HP:0006817; HP:0000570; HP:0001263; HP:0002470; HP:0002075; HP:0033257; HP:0002194; HP:0002071; HP:0012896; HP:0000448; HP:0002505; HP:0000565; HP:0002346; HP:0002169; HP:0007859; HP:0002442; HP:0000540; HP:0430025; HP:0001350; HP:0010862; HP:0031491; HP:0007340; HP:0000657; HP:0001627; HP:0001348; HP:0001347; HP:0002179; HP:0002059; HP:0008935; HP:0031936; HP:0002174; HP:0032988; HP:0001518; HP:0033683; HP:0001999; HP:0009878; HP:0001631; HP:0000028; HP:0000666; HP:0001265; HP:0003477; HP:0002380; HP:0000605; HP:0007772; HP:0001019; HP:0001257; HP:0000962; HP:0002542; HP:0003431; HP:0003394; HP:0002460; HP:0007006; HP:0001324; HP:0007328; HP:0003202; HP:0003401; HP:0003487; HP:0006937; HP:0002198; HP:0002072; HP:0002073; HP:0010831; HP:0007078; HP:0000648; HP:0000641; HP:0002503; HP:0002168; HP:0003693; HP:0001151; HP:0007263; HP:0002839; HP:0003448; HP:0001283; HP:0002495; HP:0001284; HP:0000623; HP:0000543; HP:0002310; HP:0000580; HP:0000529; HP:0000608; HP:0001268; HP:0002321; HP:0002083; HP:0002359; HP:0002017; HP:0002311; HP:0007670; HP:0000763; HP:0002067; HP:0000020; HP:0002063; HP:0002317; HP:0000510; HP:0001300; HP:0002172; HP:0000726; HP:0000602; HP:0007286; HP:0000317; HP:0002493; HP:0011448; HP:0001271; HP:0002062; HP:0000716; HP:0007289; HP:0002936; HP:0000012; HP:0000762; HP:0000496; HP:0002530; HP:0007141; HP:0000739; HP:0000746; HP:0002141; HP:0008003; HP:0000365; HP:0006886; HP:0002354; HP:0006938; HP:0004373; HP:0007018; HP:0003236; HP:0001152; HP:0010702; HP:0007240; HP:0006254; HP:0007267; HP:0006879; HP:0002650; HP:0001761; HP:0000524; HP:0001315; HP:0008278; HP:0000571; HP:0012758; HP:0100660; HP:0007338; HP:0002300; HP:0002186; HP:0011999; HP:0000738; HP:0000718; HP:0000757; HP:0007668; HP:0001289; HP:0002171; HP:0000727; HP:0002506; HP:0002529; HP:0000743; HP:0006858; HP:0003376; HP:0003124; HP:0003073; HP:0003380; HP:0002396; HP:0007944; HP:0002188; HP:0010543; HP:0010526; HP:0100710; HP:0007792; HP:0002304; HP:0000741; HP:0002166; HP:0001274; HP:0007305; HP:0003200; HP:0002395; HP:0003474; HP:0011922; HP:0006895; HP:0000597; HP:0000473; HP:0007024; HP:0000467; HP:0012473; HP:0001308; HP:0000511; HP:0003445; HP:0002313; HP:0000651; HP:0002497; HP:0002064; HP:0031166; HP:0007001; HP:0012514; HP:0030902; HP:0000768; HP:0000360; HP:0010545; HP:0003390; HP:0002069; HP:0100785; HP:0000737; HP:0004326; HP:0002352; HP:0011402; HP:0003690; HP:0009027; HP:0001765,Gaze-evoked horizontal nystagmus; Nystagmus; Cerebellar atrophy; Dysarthria; Gait ataxia; Sensorineural hearing impairment; Ataxia; Limb ataxia; Decreased body weight; Poor head control; Gaze-evoked nystagmus; Inability to walk; Strabismus; Dystonia; Renal hypoplasia; Short stature; Focal impaired awareness seizure; Abnormality of peripheral nervous system electrophysiology; Generalized hypotonia; Slow saccadic eye movements; Bruxism; Microcephaly; Rotary nystagmus; 2-3 toe syndactyly; Cerebral palsy; Increased overbite; Enuresis; Aniridia; Drooling; Hypoplasia of the iris; Long-tract sign; Tremor; Myoclonus; Hypertonia; Difficulty standing; Upslanted palpebral fissure; Deep philtrum; Dysmetria; Cerebral cortical atrophy; Motor delay; Abnormal eye contact; Intention tremor; Diffuse cerebellar atrophy; Cognitive impairment; Abnormality of ocular smooth pursuit; Cerebral visual impairment; Miosis; Arachnoid cyst; Peroneal muscle atrophy; High palate; Cerebellar vermis atrophy; Cerebellar vermis hypoplasia; Broad-based gait; Dysphagia; Myokymia; Delayed speech and language development; Cerebellar hypoplasia; Developmental regression; Gait disturbance; Thickened nuchal skin fold; Poor appetite; Secondary microcephaly; Ptosis; Peripheral neuropathy; Abnormal pyramidal sign; Neonatal hypotonia; Limb dysmetria; Elfin facies; Frontal bossing; Positive Romberg sign; Flat forehead; Poor speech; Action tremor; Echolalia; Mild intellectual disability; Moderate intellectual disability; Keratoconus; Impaired tandem gait; Seizure; Hypotonia; Prominent calcaneus; Gowers sign; Delayed ability to crawl; Atrophy/Degeneration affecting the brainstem; Esodeviation; Delayed ability to sit; Slowed horizontal saccades; Atrophy/Degeneration affecting the cerebrum; Proximal muscle weakness; Exodeviation; Pulmonic stenosis; Intellectual disability; Leukocoria; Truncal ataxia; Truncal titubation; Delayed ability to stand; Feeding difficulties; Aplasia/Hypoplasia of the cerebellar vermis; Abnormal saccadic eye movements; Global developmental delay; Nonprogressive cerebellar ataxia; Dysdiadochokinesis; Delayed ability to walk with support; Delayed gross motor development; Abnormality of extrapyramidal motor function; Abnormal motor evoked potentials; Prominent nose; Loss of ambulation; Esotropia; Head tremor; Clonus; Congenital horizontal nystagmus; Dyscalculia; Hypermetropia; Bilateral facial palsy; Slurred speech; Delayed fine motor development; Continuous spike and waves during slow sleep; Lower limb muscle weakness; Oculomotor apraxia; Abnormal heart morphology; Brisk reflexes; Hyperreflexia; Opisthotonus; Cerebral atrophy; Generalized neonatal hypotonia; Delayed ability to walk; Postural tremor; Persistent head lag; Small for gestational age; Jaw hyperreflexia; Abnormal facial shape; Cerebellar ataxia associated with quadrupedal gait; Atrial septal defect; Cryptorchidism; Horizontal nystagmus; Hyporeflexia; Peripheral axonal neuropathy; Fasciculations; Supranuclear gaze palsy; Impaired smooth pursuit; Erythroderma; Spasticity; Hyperkeratosis; Olivopontocerebellar atrophy; Decreased motor nerve conduction velocity; Muscle spasm; Distal muscle weakness; Dorsal column degeneration; Muscle weakness; Impaired pain sensation; Skeletal muscle atrophy; Paresthesia; Babinski sign; Impaired distal tactile sensation; Dilated fourth ventricle; Chorea; Progressive cerebellar ataxia; Impaired proprioception; Decreased amplitude of sensory action potentials; Optic atrophy; Dysmetric saccades; Spinocerebellar tract degeneration; Scanning speech; Distal amyotrophy; Impaired horizontal smooth pursuit; Spinocerebellar atrophy; Urinary bladder sphincter dysfunction; Decreased sensory nerve conduction velocity; Bulbar palsy; Impaired vibratory sensation; Areflexia; Supranuclear ophthalmoplegia; Optic disc pallor; Orofacial dyskinesia; Pigmentary retinopathy; Progressive visual loss; Macular degeneration; Mental deterioration; Vertigo; Migraine without aura; Frequent falls; Nausea and vomiting; Incoordination; Abnormal vestibulo-ocular reflex; Sensory neuropathy; Bradykinesia; Urinary incontinence; Rigidity; Unsteady gait; Rod-cone dystrophy; Parkinsonism; Postural instability; Dementia; Ophthalmoplegia; Horizontal jerk nystagmus; Facial myokymia; Upper motor neuron dysfunction; Ankle clonus; Polyneuropathy; Abnormal pyramidal tract morphology; Depression; Limb fasciculations; Distal sensory impairment; Urinary urgency; Decreased nerve conduction velocity; Abnormality of eye movement; Axial dystonia; Sensorimotor neuropathy; Anxiety; Delusion; Gait imbalance; Jerky ocular pursuit movements; Hearing impairment; Impaired distal vibration sensation; Memory impairment; Impaired vibration sensation at ankles; Focal dystonia; Attention deficit hyperactivity disorder; Elevated circulating creatine kinase concentration; Saccadic smooth pursuit interruptions; Increased circulating immunoglobulin concentration; Progressive gait ataxia; Elevated circulating alpha-fetoprotein concentration; Chronic axonal neuropathy; Pontocerebellar atrophy; Scoliosis; Pes cavus; Conjunctival telangiectasia; Reduced tendon reflexes; Cerebellar cortical atrophy; Hypometric saccades; Neurodevelopmental delay; Dyskinesia; Hypermetric saccades; Mutism; Apraxia; Paranoia; Hallucinations; Aggressive behavior; Lack of insight; Impaired pursuit initiation and maintenance; Confusion; Gliosis; Frontal lobe dementia; Diffuse cerebral atrophy; Neuronal loss in central nervous system; Frontal release signs; Impaired distal proprioception; Steppage gait; Hypercholesterolemia; Hypoalbuminemia; Decreased number of peripheral myelinated nerve fibers; Cogwheel rigidity; Intermittent microsaccadic pursuits; Delayed CNS myelination; Opsoclonus; Dysgraphia; Impulsivity; Microsaccadic pursuit; Akinesia; Apathy; Impaired vibration sensation in the lower limbs; Agenesis of corpus callosum; CNS demyelination; Ragged-red muscle fibers; Lower limb hyperreflexia; Somatic sensory dysfunction; Abnormal activity of mitochondrial respiratory chain; Lower limb hypertonia; Ophthalmoparesis; Torticollis; Pseudobulbar paralysis; Neck muscle weakness; Tongue atrophy; Tongue fasciculations; Vertical supranuclear gaze palsy; EMG: neuropathic changes; Spastic paraparesis; Diplopia; Spastic ataxia; Spastic gait; Eyelid myokymia; Loss of Purkinje cells in the cerebellar vermis; Lower limb pain; Palmomental reflex; Pectus carinatum; Tinnitus; Downbeat nystagmus; Sensory axonal neuropathy; Bilateral tonic-clonic seizure; Insomnia; Irritability; Cachexia; Leukoencephalopathy; Demyelinating sensory neuropathy; Limb muscle weakness; Foot dorsiflexor weakness; Hammertoe,1.0,1.0,0.0,1.0,1.0,1.0,1.0,1.0,1.0,1.0,1.0,1.0,0.0,1.0,1.0,family_aggregate_from_exact_omim,OMIM:117210; OMIM:117360; OMIM:133190; OMIM:164400; OMIM:164500; OMIM:183086; OMIM:183090; OMIM:600224; OMIM:603516; OMIM:604326; OMIM:604432; OMIM:605259; OMIM:605361; OMIM:606002; OMIM:606658; OMIM:607136; OMIM:607250; OMIM:607346; OMIM:607454; OMIM:608768; OMIM:609306; OMIM:610245; OMIM:610246; OMIM:613908; OMIM:614153; OMIM:615945; OMIM:615957; OMIM:616053; OMIM:616410; OMIM:616795; OMIM:617018; OMIM:617691; OMIM:617769; OMIM:617770; OMIM:618093; OMIM:618387
CILP_0415,Secondary,Spinocerebellar Ataxia,Spinocerebellar Ataxia [OMIM phenotype 618093],SCA48,618093,STUB1,1,Neurodevelopmental ciliopathy,AD,HP:0000006,Autosomal dominant inheritance,20.0,HP:0002069; HP:0002015; HP:0001300; HP:0001310; HP:0003487; HP:0001332; HP:0001272; HP:0001260; HP:0002066; HP:0000020; HP:0001251; HP:0002072; HP:0100785; HP:0000716; HP:0000737; HP:0000739; HP:0001268; HP:0001337; HP:0004326; HP:0001347,Bilateral tonic-clonic seizure; Dysphagia; Parkinsonism; Dysmetria; Babinski sign; Dystonia; Cerebellar atrophy; Dysarthria; Gait ataxia; Urinary incontinence; Ataxia; Chorea; Insomnia; Depression; Irritability; Anxiety; Mental deterioration; Tremor; Cachexia; Hyperreflexia,1.0,0.0,0.0,0.0,0.0,1.0,0.0,1.0,0.0,0.0,1.0,0.0,0.0,0.0,0.0,exact_omim,OMIM:618093
CILP_0416,Secondary,Spinocerebellar Ataxia,Spinocerebellar Ataxia [OMIM phenotype 618387],SCAN3,618387,COA7,1,Neurodevelopmental ciliopathy,AR,HP:0000007,Autosomal recessive inheritance,20.0,HP:0001265; HP:0003477; HP:0003236; HP:0003376; HP:0001310; HP:0001761; HP:0001272; HP:0003693; HP:0001260; HP:0002066; HP:0002352; HP:0001263; HP:0001251; HP:0002460; HP:0011402; HP:0003690; HP:0009027; HP:0002936; HP:0001337; HP:0001765,Hyporeflexia; Peripheral axonal neuropathy; Elevated circulating creatine kinase concentration; Steppage gait; Dysmetria; Pes cavus; Cerebellar atrophy; Distal amyotrophy; Dysarthria; Gait ataxia; Leukoencephalopathy; Global developmental delay; Ataxia; Distal muscle weakness; Demyelinating sensory neuropathy; Limb muscle weakness; Foot dorsiflexor weakness; Distal sensory impairment; Tremor; Hammertoe,0.0,0.0,0.0,0.0,0.0,0.0,0.0,0.0,0.0,1.0,1.0,1.0,0.0,1.0,0.0,exact_omim,OMIM:618387
CILP_0417,Primary,Spondylometaphyseal Dysplasia,Spondylometaphyseal Dysplasia [OMIM phenotype 184252],SMDK,184252,TRPV4,1,Skeletal ciliopathy,AD,HP:0000006,Autosomal dominant inheritance,29.0,HP:0003037; HP:0003015; HP:0001498; HP:0003311; HP:0003375; HP:0010230; HP:0006375; HP:0001547; HP:0002812; HP:0002515; HP:0008833; HP:0002657; HP:0001760; HP:0003521; HP:0002751; HP:0002650; HP:0002750; HP:0000470; HP:0005042; HP:0005041; HP:0005280; HP:0003180; HP:0000926; HP:0002869; HP:0000348; HP:0002826; HP:0000768; HP:0002987; HP:0001216,"Enlarged joints; Flared metaphysis; Carpal bone hypoplasia; Hypoplasia of the odontoid process; Narrow greater sciatic notch; Cone-shaped epiphyses of the phalanges of the hand; Dumbbell-shaped femur; Abnormal rib cage morphology; Coxa vara; Waddling gait; Irregular acetabular roof; Spondylometaphyseal dysplasia; Abnormal foot morphology; Disproportionate short-trunk short stature; Kyphoscoliosis; Scoliosis; Delayed skeletal maturation; Short neck; Irregular, rachitic-like metaphyses; Irregular capital femoral epiphysis; Depressed nasal bridge; Flat acetabular roof; Platyspondyly; Flared iliac wing; High forehead; Halberd-shaped pelvis; Pectus carinatum; Elbow flexion contracture; Delayed ossification of carpal bones",0.0,0.0,0.0,0.0,0.0,0.0,0.0,1.0,1.0,1.0,1.0,0.0,0.0,1.0,0.0,exact_omim,OMIM:184252
CILP_0418,Primary,Spondylometaphyseal Dysplasia,Spondylometaphyseal Dysplasia [OMIM phenotype 184255],SMDCF,184255,FN1,1,Skeletal ciliopathy,AD,HP:0000006,Autosomal dominant inheritance,13.0,HP:0002650; HP:0003311; HP:0004322; HP:0003025; HP:0002970; HP:0003300; HP:0100864; HP:0003908; HP:0002515; HP:0002812; HP:0000768; HP:0002657; HP:0004603,Scoliosis; Hypoplasia of the odontoid process; Short stature; Metaphyseal irregularity; Genu varum; Ovoid vertebral bodies; Short femoral neck; Corner fracture of metaphysis; Waddling gait; Coxa vara; Pectus carinatum; Spondylometaphyseal dysplasia; Hyperconvex vertebral body endplates,0.0,0.0,0.0,0.0,0.0,0.0,0.0,1.0,0.0,1.0,1.0,0.0,0.0,1.0,0.0,exact_omim,OMIM:184255
CILP_0419,Primary,Spondylometaphyseal Dysplasia,Spondylometaphyseal Dysplasia [OMIM phenotype 250220],SMDS,250220,GPX4,1,Skeletal ciliopathy,AR,HP:0000007,Autosomal recessive inheritance,41.0,HP:0002663; HP:0004688; HP:0008905; HP:0003498; HP:0001156; HP:0003375; HP:0001252; HP:0000262; HP:0010049; HP:0001290; HP:0011675; HP:0009381; HP:0010230; HP:0007187; HP:0008798; HP:0000878; HP:0006059; HP:0000774; HP:0000773; HP:0002657; HP:0000358; HP:0009803; HP:0003026; HP:0012819; HP:0001762; HP:0003025; HP:0002132; HP:0001582; HP:0003021; HP:0000470; HP:0003085; HP:0031233; HP:0004491; HP:0005280; HP:0003180; HP:0000926; HP:0002869; HP:0000887; HP:0008786; HP:0001631; HP:0001831,Delayed epiphyseal ossification; Irregular tarsal bones; Rhizomelia; Disproportionate short stature; Brachydactyly; Narrow greater sciatic notch; Hypotonia; Turricephaly; Short metacarpal; Generalized hypotonia; Arrhythmia; Short finger; Cone-shaped epiphyses of the phalanges of the hand; Focal lissencephaly; Widened greater sciatic notch; 11 pairs of ribs; Cone-shaped metacarpal epiphyses; Narrow chest; Short ribs; Spondylometaphyseal dysplasia; Posteriorly rotated ears; Short phalanx of finger; Short long bone; Myocarditis; Talipes equinovarus; Metaphyseal irregularity; Porencephalic cyst; Redundant skin; Metaphyseal cupping; Short neck; Long fibula; Horizontal inferior border of scapula; Large posterior fontanelle; Depressed nasal bridge; Flat acetabular roof; Platyspondyly; Flared iliac wing; Cupped ribs; Iliac crest serration; Atrial septal defect; Short toe,0.0,1.0,0.0,0.0,1.0,0.0,0.0,1.0,1.0,1.0,1.0,0.0,0.0,1.0,1.0,exact_omim,OMIM:250220
CILP_0420,Primary,Spondylometaphyseal Dysplasia,Spondylometaphyseal Dysplasia [OMIM phenotype 602271],SMDAX,602271,CFAP410,1,Skeletal ciliopathy,AR,HP:0000007,Autosomal recessive inheritance,22.0,HP:0003411; HP:0008905; HP:0004322; HP:0005257; HP:0003375; HP:0012207; HP:0100864; HP:0000639; HP:0002812; HP:0006532; HP:0000510; HP:0000774; HP:0002657; HP:0001744; HP:0003521; HP:0002650; HP:0002091; HP:0000907; HP:0000926; HP:0000546; HP:0000648; HP:0000548,Proximal femoral metaphyseal irregularity; Rhizomelia; Short stature; Thoracic hypoplasia; Narrow greater sciatic notch; Reduced sperm motility; Short femoral neck; Nystagmus; Coxa vara; Recurrent pneumonia; Rod-cone dystrophy; Narrow chest; Spondylometaphyseal dysplasia; Splenomegaly; Disproportionate short-trunk short stature; Scoliosis; Restrictive ventilatory defect; Anterior rib cupping; Platyspondyly; Retinal degeneration; Optic atrophy; Cone/cone-rod dystrophy,1.0,1.0,0.0,1.0,0.0,1.0,1.0,1.0,0.0,1.0,0.0,0.0,1.0,1.0,0.0,exact_omim,OMIM:602271
CILP_0421,Primary,Spondylometaphyseal Dysplasia,Spondylometaphyseal Dysplasia [OMIM phenotype 607944],SPENCDI,607944,ACP5,1,Skeletal ciliopathy,AR,HP:0000007,Autosomal recessive inheritance,52.0,HP:0001256; HP:0005576; HP:0004322; HP:0001370; HP:0005374; HP:0100255; HP:0002938; HP:0001888; HP:0002657; HP:0007526; HP:0002751; HP:0001386; HP:0001264; HP:0005387; HP:0001263; HP:0011800; HP:0000926; HP:0000403; HP:0001973; HP:0001257; HP:0000369; HP:0001034; HP:0002960; HP:0003016; HP:0001552; HP:0000460; HP:0000262; HP:0003493; HP:0000979; HP:0100866; HP:0002716; HP:0002958; HP:0004979; HP:0002514; HP:0002478; HP:0001045; HP:0005403; HP:0003301; HP:0002650; HP:0002694; HP:0003025; HP:0030320; HP:0030880; HP:0005681; HP:0002090; HP:0002091; HP:0011108; HP:0000821; HP:0002725; HP:0002205; HP:0002007; HP:0001875,Mild intellectual disability; Tubulointerstitial fibrosis; Short stature; Rheumatoid arthritis; Cellular immunodeficiency; Metaphyseal dysplasia; Lumbar hyperlordosis; Decreased total lymphocyte count; Spondylometaphyseal dysplasia; Hypopigmented skin patches on arms; Kyphoscoliosis; Joint swelling; Spastic diplegia; Combined immunodeficiency; Global developmental delay; Midface retrusion; Platyspondyly; Recurrent otitis media; Autoimmune thrombocytopenia; Spasticity; Low-set ears; Hypermelanotic macule; Autoimmunity; Metaphyseal widening; Barrel-shaped chest; Narrow nose; Turricephaly; Antinuclear antibody positivity; Purpura; Short iliac bones; Lymphadenopathy; Immune dysregulation; Metaphyseal sclerosis; Cerebral calcification; Progressive spastic quadriplegia; Vitiligo; Decreased total T cell count; Irregular vertebral endplates; Scoliosis; Sclerosis of skull base; Metaphyseal irregularity; Increased intervertebral space; Raynaud phenomenon; Juvenile rheumatoid arthritis; Pneumonia; Restrictive ventilatory defect; Recurrent sinusitis; Hypothyroidism; Systemic lupus erythematosus; Recurrent respiratory infections; Frontal bossing; Decreased total neutrophil count,0.0,1.0,1.0,0.0,1.0,1.0,1.0,1.0,1.0,1.0,1.0,1.0,1.0,1.0,1.0,exact_omim,OMIM:607944
CILP_0422,Primary,Spondylometaphyseal Dysplasia,Spondylometaphyseal Dysplasia [OMIM phenotype 613320],SMDMDM,613320,PAM16,1,Skeletal ciliopathy,AR,HP:0000007,Autosomal recessive inheritance,40.0,HP:0002663; HP:0002983; HP:0004565; HP:0000463; HP:0002002; HP:0004322; HP:0001591; HP:0003177; HP:0003196; HP:0003175; HP:0011220; HP:0008551; HP:0008455; HP:0000239; HP:0002617; HP:0008897; HP:0000774; HP:0000311; HP:0000773; HP:0002657; HP:0008936; HP:0003026; HP:0002375; HP:0001640; HP:0002750; HP:0001263; HP:0003021; HP:0000470; HP:0002092; HP:0005280; HP:0003180; HP:0001518; HP:0000822; HP:0006387; HP:0008786; HP:0002007; HP:0002645; HP:0002789; HP:0000369; HP:0000445,Delayed epiphyseal ossification; Micromelia; Severe platyspondyly; Anteverted nares; Deep philtrum; Short stature; Bell-shaped thorax; Squared iliac bones; Short nose; Hypoplastic ischia; Prominent forehead; Microtia; Dysplastic sacrum; Large fontanelles; Vascular dilatation; Postnatal growth retardation; Narrow chest; Round face; Short ribs; Spondylometaphyseal dysplasia; Axial hypotonia; Short long bone; Hypokinesia; Cardiomegaly; Delayed skeletal maturation; Global developmental delay; Metaphyseal cupping; Short neck; Pulmonary arterial hypertension; Depressed nasal bridge; Flat acetabular roof; Small for gestational age; Hypertension; Wide distal femoral metaphysis; Iliac crest serration; Frontal bossing; Wormian bones; Tachypnea; Low-set ears; Wide nose,0.0,1.0,0.0,0.0,1.0,0.0,0.0,1.0,1.0,1.0,1.0,0.0,1.0,1.0,0.0,exact_omim,OMIM:613320
CILP_0423,Primary,Spondylometaphyseal Dysplasia,Spondylometaphyseal Dysplasia [OMIM phenotype 619638],SMDP,619638,PRKG2,1,Skeletal ciliopathy,AR,HP:0000007,Autosomal recessive inheritance,15.0,HP:0008905; HP:0002980; HP:0002750; HP:0011968; HP:0001252; HP:0000592; HP:0010047; HP:0011304; HP:0010044; HP:0000926; HP:0002942; HP:0002645; HP:0001763; HP:0000325; HP:0002753,Rhizomelia; Femoral bowing; Delayed skeletal maturation; Feeding difficulties; Hypotonia; Blue sclerae; Short 5th metacarpal; Broad thumb; Short 4th metacarpal; Platyspondyly; Thoracic kyphosis; Wormian bones; Pes planus; Triangular face; Thin bony cortex,1.0,0.0,0.0,1.0,0.0,0.0,0.0,1.0,1.0,1.0,0.0,0.0,0.0,1.0,0.0,exact_omim,OMIM:619638
CILP_0424,Primary,Stromme Syndrome,Stromme Syndrome [OMIM phenotype 243605],STROMS,243605,CENPF,1,Atypical / secondary ciliopathy,AR,HP:0000007,Autosomal recessive inheritance,30.0,HP:0005235; HP:0003198; HP:0002000; HP:0001274; HP:0000482; HP:0012841; HP:0000518; HP:0000316; HP:0000612; HP:0000238; HP:0000659; HP:0001747; HP:0001320; HP:0000154; HP:0000175; HP:0000252; HP:0000431; HP:0001321; HP:0000490; HP:0012584; HP:0000609; HP:0100258; HP:0000426; HP:0000568; HP:0000647; HP:0002247; HP:0002566; HP:0000369; HP:0000347; HP:0000126,Jejunal atresia; Myopathy; Short columella; Agenesis of corpus callosum; Microcornea; Retinal vascular tortuosity; Cataract; Hypertelorism; Iris coloboma; Hydrocephalus; Peters anomaly; Accessory spleen; Cerebellar vermis hypoplasia; Wide mouth; Cleft palate; Microcephaly; Wide nasal bridge; Cerebellar hypoplasia; Deeply set eye; Bilateral renal hypoplasia; Optic nerve hypoplasia; Preaxial polydactyly; Prominent nasal bridge; Microphthalmia; Sclerocornea; Duodenal atresia; Intestinal malrotation; Low-set ears; Micrognathia; Hydronephrosis,1.0,1.0,0.0,1.0,1.0,1.0,1.0,0.0,1.0,1.0,1.0,0.0,0.0,1.0,0.0,exact_omim,OMIM:243605
CILP_0425,Secondary,Townes-Brocks Syndrome,Townes-Brocks Syndrome [OMIM phenotype 107480],TBS1,107480,SALL1,1,Atypical / secondary ciliopathy,AD,HP:0000006,Autosomal dominant inheritance,56.0,HP:0011939; HP:0002025; HP:0001177; HP:0002023; HP:0002144; HP:0000089; HP:0000083; HP:0002020; HP:0010331; HP:0000238; HP:0009944; HP:0001249; HP:0000252; HP:0000453; HP:0004453; HP:0001263; HP:0004692; HP:0004691; HP:0010711; HP:0010481; HP:0100015; HP:0000407; HP:0001537; HP:0009779; HP:0000048; HP:0000400; HP:0000047; HP:0000003; HP:0000567; HP:0000143; HP:0001199; HP:0004467; HP:0000384; HP:0030676; HP:0010743; HP:0001629; HP:0008551; HP:0006179; HP:0000136; HP:0009921; HP:0001864; HP:0000110; HP:0002575; HP:0001440; HP:0000076; HP:0001883; HP:0001360; HP:0000394; HP:0004792; HP:0011304; HP:0001518; HP:0001636; HP:0000821; HP:0001631; HP:0000028; HP:0002247,3-4 finger cutaneous syndactyly; Anal stenosis; Preaxial hand polydactyly; Anal atresia; Tethered cord; Renal hypoplasia; Renal insufficiency; Gastroesophageal reflux; Aplasia/Hypoplasia of the 3rd toe; Hydrocephalus; Partial duplication of thumb phalanx; Intellectual disability; Microcephaly; Choanal atresia; Overfolding of the superior helices; Global developmental delay; 4-5 toe syndactyly; 2-3 toe syndactyly; 1-2 toe syndactyly; Urethral valve; Stahl ear; Sensorineural hearing impairment; Umbilical hernia; 3-4 toe syndactyly; Bifid scrotum; Macrotia; Hypospadias; Multicystic kidney dysplasia; Chorioretinal coloboma; Rectovaginal fistula; Triphalangeal thumb; Preauricular pit; Preauricular skin tag; Satyr ear; Short metatarsal; Ventricular septal defect; Microtia; Pseudoepiphyses of second metacarpal; Bifid uterus; Duane anomaly; Clinodactyly of the 5th toe; Renal dysplasia; Tracheoesophageal fistula; Metatarsal synostosis; Vesicoureteral reflux; Talipes; Holoprosencephaly; Lop ear; Rectoperineal fistula; Broad thumb; Small for gestational age; Tetralogy of Fallot; Hypothyroidism; Atrial septal defect; Cryptorchidism; Duodenal atresia,1.0,1.0,1.0,1.0,1.0,1.0,0.0,1.0,1.0,1.0,1.0,0.0,1.0,1.0,1.0,exact_omim,OMIM:107480
CILP_0426,Secondary,Townes-Brocks Syndrome,Townes-Brocks Syndrome [OMIM phenotype No MIM ID],TBS,No MIM ID,LUZP1,1,Atypical / secondary ciliopathy,Autosomal dominant,,,66.0,HP:0000377; HP:0000143; HP:0000384; HP:0001177; HP:0001199; HP:0002023; HP:0004792; HP:0000028; HP:0000083; HP:0000365; HP:0000396; HP:0001482; HP:0001545; HP:0001760; HP:0001763; HP:0001863; HP:0002019; HP:0004209; HP:0008551; HP:0000047; HP:0000048; HP:0000076; HP:0000086; HP:0000089; HP:0000130; HP:0000142; HP:0000154; HP:0000324; HP:0000486; HP:0000504; HP:0000518; HP:0000567; HP:0000568; HP:0000581; HP:0000612; HP:0000772; HP:0000821; HP:0000823; HP:0001140; HP:0001249; HP:0001274; HP:0001508; HP:0001631; HP:0001636; HP:0001641; HP:0001643; HP:0001671; HP:0001770; HP:0002308; HP:0002607; HP:0003468; HP:0004322; HP:0005562; HP:0006824; HP:0008736; HP:0009465; HP:0009912; HP:0009944; HP:0010059; HP:0010331; HP:0010481; HP:0010760; HP:0011304; HP:0012210; HP:0030680; HP:0100559,Abnormal pinna morphology; Rectovaginal fistula; Preauricular skin tag; Preaxial hand polydactyly; Triphalangeal thumb; Anal atresia; Rectoperineal fistula; Cryptorchidism; Renal insufficiency; Hearing impairment; Overfolded helix; Subcutaneous nodule; Anteriorly placed anus; Abnormal foot morphology; Pes planus; Toe clinodactyly; Constipation; Clinodactyly of the 5th finger; Microtia; Hypospadias; Bifid scrotum; Vesicoureteral reflux; Ectopic kidney; Renal hypoplasia; Abnormality of the uterus; Abnormal vagina morphology; Wide mouth; Facial asymmetry; Strabismus; Abnormality of vision; Cataract; Chorioretinal coloboma; Microphthalmia; Blepharophimosis; Iris coloboma; Abnormal rib morphology; Hypothyroidism; Delayed puberty; Limbal dermoid; Intellectual disability; Agenesis of corpus callosum; Failure to thrive; Atrial septal defect; Tetralogy of Fallot; Abnormal pulmonary valve morphology; Patent ductus arteriosus; Abnormal cardiac septum morphology; Toe syndactyly; Chiari malformation; Bowel incontinence; Abnormal vertebral morphology; Short stature; Multiple renal cysts; Cranial nerve paralysis; Hypoplasia of penis; Ulnar deviation of finger; Abnormal tragus morphology; Partial duplication of thumb phalanx; Broad hallux phalanx; Aplasia/Hypoplasia of the 3rd toe; Urethral valve; Absent toe; Broad thumb; Abnormal renal morphology; Abnormal cardiovascular system morphology; Lower limb asymmetry,1.0,1.0,1.0,1.0,1.0,1.0,0.0,1.0,1.0,1.0,1.0,0.0,0.0,1.0,1.0,exact_name_db,ORPHA:857
CILP_0427,Secondary,Usher Syndrome,Usher Syndrome [OMIM phenotype 276900],USH1B,276900,MYO7A,1,Retinal ciliopathy,AR,HP:0000007,Autosomal recessive inheritance,8.0,HP:0000572; HP:0000550; HP:0000639; HP:0000407; HP:0001270; HP:0008555; HP:0000510; HP:0000512,Visual loss; Undetectable electroretinogram; Nystagmus; Sensorineural hearing impairment; Motor delay; Absent vestibular function; Rod-cone dystrophy; Abnormal electroretinogram,0.0,0.0,0.0,1.0,1.0,0.0,0.0,0.0,0.0,0.0,1.0,0.0,0.0,0.0,0.0,exact_omim,OMIM:276900
CILP_0428,Secondary,Usher Syndrome,Usher Syndrome [OMIM phenotype 276901],USH2A,276901,USH2A,1,Retinal ciliopathy,AR,HP:0000007,Autosomal recessive inheritance,2.0,HP:0000510; HP:0008527,Rod-cone dystrophy; Congenital sensorineural hearing impairment,0.0,0.0,0.0,1.0,1.0,0.0,0.0,0.0,0.0,0.0,0.0,0.0,0.0,0.0,0.0,exact_omim,OMIM:276901
CILP_0429,Secondary,Usher Syndrome,Usher Syndrome [OMIM phenotype 276902],USH3A,276902,CLRN1,1,Retinal ciliopathy,AR,HP:0000007,Autosomal recessive inheritance,6.0,HP:0000662; HP:0001751; HP:0001123; HP:0000407; HP:0007663; HP:0000510,Nyctalopia; Abnormal vestibular function; Visual field defect; Sensorineural hearing impairment; Reduced visual acuity; Rod-cone dystrophy,0.0,0.0,0.0,1.0,1.0,0.0,0.0,0.0,0.0,0.0,0.0,0.0,0.0,0.0,0.0,exact_omim,OMIM:276902
CILP_0430,Secondary,Usher Syndrome,Usher Syndrome [OMIM phenotype 276904],USH1C,276904,USH1C,1,Retinal ciliopathy,AR,HP:0000007,Autosomal recessive inheritance,3.0,HP:0001756; HP:0000510; HP:0008527,Vestibular hyporeflexia; Rod-cone dystrophy; Congenital sensorineural hearing impairment,0.0,0.0,0.0,1.0,1.0,0.0,0.0,0.0,0.0,0.0,0.0,0.0,0.0,0.0,0.0,exact_omim,OMIM:276904
CILP_0431,Secondary,Usher Syndrome,Usher Syndrome [OMIM phenotype 601067],USH1D,601067,CDH23,1,Retinal ciliopathy,AR,HP:0000007,Autosomal recessive inheritance,3.0,HP:0001751; HP:0000365; HP:0000510,Abnormal vestibular function; Hearing impairment; Rod-cone dystrophy,0.0,0.0,0.0,1.0,1.0,0.0,0.0,0.0,0.0,0.0,0.0,0.0,0.0,0.0,0.0,exact_omim,OMIM:601067
CILP_0432,Secondary,Usher Syndrome,Usher Syndrome [OMIM phenotype 602083],USH1F,602083,PCDH15,1,Retinal ciliopathy,AR,HP:0000007,Autosomal recessive inheritance,5.0,HP:0001751; HP:0031629; HP:0001270; HP:0000510; HP:0008527,Abnormal vestibular function; Impaired tandem gait; Motor delay; Rod-cone dystrophy; Congenital sensorineural hearing impairment,0.0,0.0,0.0,1.0,1.0,0.0,0.0,0.0,0.0,0.0,1.0,0.0,0.0,0.0,0.0,exact_omim,OMIM:602083
CILP_0433,Secondary,Usher Syndrome,Usher Syndrome [OMIM phenotype 605472],USH2C,605472,ADGRV1; PDZD7,2,Retinal ciliopathy,AR,HP:0000007,Autosomal recessive inheritance,2.0,HP:0000510; HP:0008527,Rod-cone dystrophy; Congenital sensorineural hearing impairment,0.0,0.0,0.0,1.0,1.0,0.0,0.0,0.0,0.0,0.0,0.0,0.0,0.0,0.0,0.0,exact_omim,OMIM:605472
CILP_0434,Secondary,Usher Syndrome,Usher Syndrome [OMIM phenotype 606943],USH1G,606943,USH1G,1,Retinal ciliopathy,AR,HP:0000007,Autosomal recessive inheritance,4.0,HP:0001751; HP:0000407; HP:0000510; HP:0004646,Abnormal vestibular function; Sensorineural hearing impairment; Rod-cone dystrophy; Hypoplasia of the nasal bone,0.0,0.0,0.0,1.0,1.0,0.0,0.0,0.0,1.0,0.0,0.0,0.0,0.0,1.0,0.0,exact_omim,OMIM:606943
CILP_0435,Secondary,Usher Syndrome,Usher Syndrome [OMIM phenotype 611383],USH2D,611383,WHRN,1,Retinal ciliopathy,AR,HP:0000007,Autosomal recessive inheritance,4.0,HP:0000365; HP:0001751; HP:0000662; HP:0000510,Hearing impairment; Abnormal vestibular function; Nyctalopia; Rod-cone dystrophy,0.0,0.0,0.0,1.0,1.0,0.0,0.0,0.0,0.0,0.0,0.0,0.0,0.0,0.0,0.0,exact_omim,OMIM:611383
CILP_0436,Secondary,Usher Syndrome,Usher Syndrome [OMIM phenotype 614504],USH3B,614504,HARS1,1,Retinal ciliopathy,AR,HP:0000007,Autosomal recessive inheritance,10.0,HP:0007083; HP:0000365; HP:0002078; HP:0000613; HP:0002194; HP:0000505; HP:0000543; HP:0007843; HP:0011504; HP:0000666,Hyperactive patellar reflex; Hearing impairment; Truncal ataxia; Photophobia; Delayed gross motor development; Visual impairment; Optic disc pallor; Attenuation of retinal blood vessels; Bull's eye maculopathy; Horizontal nystagmus,0.0,1.0,0.0,1.0,1.0,0.0,0.0,0.0,0.0,0.0,1.0,0.0,0.0,0.0,0.0,exact_omim,OMIM:614504
CILP_0437,Secondary,Usher Syndrome,Usher Syndrome [OMIM phenotype 614869],USH1J,614869,CIB2,1,Retinal ciliopathy,Needs curation,,,37.0,HP:0000407; HP:0000505; HP:0000512; HP:0000529; HP:0000618; HP:0000662; HP:0001123; HP:0001751; HP:0007703; HP:0008568; HP:0000518; HP:0000545; HP:0001251; HP:0008499; HP:0000360; HP:0000483; HP:0000639; HP:0000670; HP:0000682; HP:0000691; HP:0000709; HP:0000716; HP:0000738; HP:0000739; HP:0001639; HP:0002120; HP:0002194; HP:0002312; HP:0003198; HP:0003457; HP:0007360; HP:0007994; HP:0008947; HP:0010780; HP:0011025; HP:0011073; HP:0031936,Sensorineural hearing impairment; Visual impairment; Abnormal electroretinogram; Progressive visual loss; Blindness; Nyctalopia; Visual field defect; Abnormal vestibular function; Abnormal retinal pigmentation; Vestibular areflexia; Cataract; Myopia; Ataxia; High hypermetropia; Tinnitus; Astigmatism; Nystagmus; Carious teeth; Abnormal dental enamel morphology; Microdontia; Psychosis; Depression; Hallucinations; Anxiety; Hypertrophic cardiomyopathy; Cerebral cortical atrophy; Delayed gross motor development; Clumsiness; Myopathy; EMG abnormality; Aplasia/Hypoplasia of the cerebellum; Peripheral visual field loss; Floppy infant; Hyperacusis; Abnormal cardiovascular system physiology; Abnormality of dental color; Delayed ability to walk,0.0,1.0,0.0,1.0,1.0,0.0,0.0,0.0,1.0,0.0,1.0,0.0,0.0,1.0,0.0,exact_name_db,ORPHA:886
CILP_0438,Secondary,Usher Syndrome,Usher Syndrome [OMIM phenotype 618144],USH4,618144,ARSG,1,Retinal ciliopathy,AR,HP:0000007,Autosomal recessive inheritance,10.0,HP:0001133; HP:0007737; HP:0001751; HP:0000662; HP:0030631; HP:0000408; HP:0000407; HP:0000546; HP:0030529; HP:0001105,Constriction of peripheral visual field; Spicular pigmentation of the retina; Abnormal vestibular function; Nyctalopia; Hyperautofluorescent macular lesion; Progressive sensorineural hearing impairment; Sensorineural hearing impairment; Retinal degeneration; Ring scotoma; Retinal atrophy,0.0,0.0,0.0,1.0,1.0,0.0,0.0,0.0,0.0,0.0,0.0,0.0,0.0,0.0,0.0,exact_omim,OMIM:618144
CILP_0439,Secondary,Visceral Heterotaxy,Visceral Heterotaxy [OMIM phenotype 270100],HTX5,270100,NODAL,1,Motile cilia / laterality,AD,HP:0000006,Autosomal dominant inheritance,30.0,HP:0001750; HP:0001651; HP:0000089; HP:0001272; HP:0011699; HP:0011555; HP:0031565; HP:0010305; HP:0031348; HP:0011536; HP:0001629; HP:0001746; HP:0006695; HP:0004935; HP:0001643; HP:0002059; HP:0001321; HP:0003363; HP:0000073; HP:0004970; HP:0001680; HP:0000071; HP:0010773; HP:0005160; HP:0011861; HP:0001719; HP:0001511; HP:0001631; HP:0002247; HP:0002566,Single ventricle; Dextrocardia; Renal hypoplasia; Cerebellar atrophy; Atrial reentry tachycardia; Double inlet left ventricle; Abdominal situs ambiguus; Absence of the sacrum; Dextrotransposition of the great arteries; Right atrial isomerism; Ventricular septal defect; Asplenia; Atrioventricular canal defect; Pulmonary artery atresia; Patent ductus arteriosus; Cerebral atrophy; Cerebellar hypoplasia; Abdominal situs inversus; Ureteral duplication; Ascending tubular aorta aneurysm; Coarctation of aorta; Ureteral stenosis; Partial anomalous pulmonary venous return; Total anomalous pulmonary venous return; Bilateral trilobed lung; Double outlet right ventricle; Intrauterine growth retardation; Atrial septal defect; Duodenal atresia; Intestinal malrotation,1.0,1.0,0.0,0.0,0.0,1.0,1.0,1.0,0.0,0.0,1.0,0.0,1.0,1.0,0.0,exact_omim,OMIM:270100
CILP_0440,Secondary,Visceral Heterotaxy,Visceral Heterotaxy [OMIM phenotype 306955],HTX1,306955,ZIC3,1,Motile cilia / laterality,XLR,HP:0001419,X-linked recessive inheritance,53.0,HP:0001374; HP:0002023; HP:0001651; HP:0000085; HP:0011536; HP:0031348; HP:0012304; HP:0000316; HP:0001800; HP:0000238; HP:0001643; HP:0003305; HP:0001642; HP:0002475; HP:0003363; HP:0011565; HP:0033379; HP:0001539; HP:0000961; HP:0000369; HP:0001655; HP:0001776; HP:0001674; HP:0001750; HP:0002240; HP:0004383; HP:0010305; HP:0001629; HP:0001508; HP:0012890; HP:0011560; HP:0001669; HP:0001746; HP:0006695; HP:0001748; HP:0003026; HP:0002410; HP:0001682; HP:0001561; HP:0001321; HP:0001640; HP:0002098; HP:0001680; HP:0005160; HP:0011861; HP:0001719; HP:0001718; HP:0011670; HP:0005912; HP:0001631; HP:0000105; HP:0002247; HP:0000104,Congenital hip dislocation; Anal atresia; Dextrocardia; Horseshoe kidney; Right atrial isomerism; Dextrotransposition of the great arteries; Hypoplastic aortic arch; Hypertelorism; Hypoplastic toenails; Hydrocephalus; Patent ductus arteriosus; Block vertebrae; Pulmonic stenosis; Myelomeningocele; Abdominal situs inversus; Common atrium; Bilateral superior vena cava; Omphalocele; Cyanosis; Low-set ears; Patent foramen ovale; Bilateral talipes equinovarus; Complete atrioventricular canal defect; Single ventricle; Hepatomegaly; Hypoplastic left ventricle; Absence of the sacrum; Ventricular septal defect; Failure to thrive; Posteriorly placed anus; Mitral atresia; Transposition of the great arteries; Asplenia; Atrioventricular canal defect; Polysplenia; Short long bone; Aqueductal stenosis; Subvalvular aortic stenosis; Polyhydramnios; Cerebellar hypoplasia; Cardiomegaly; Respiratory distress; Coarctation of aorta; Total anomalous pulmonary venous return; Bilateral trilobed lung; Double outlet right ventricle; Mitral stenosis; Left superior vena cava draining to coronary sinus; Biliary atresia; Atrial septal defect; Enlarged kidney; Duodenal atresia; Renal agenesis,1.0,1.0,0.0,1.0,1.0,1.0,1.0,1.0,0.0,1.0,1.0,0.0,1.0,1.0,1.0,exact_omim,OMIM:306955
CILP_0441,Secondary,Visceral Heterotaxy,Visceral Heterotaxy [OMIM phenotype 605376],HTX2,605376,CFC1,1,Motile cilia / laterality,INCOMPLETE_PENETRANCE; AD,HP:0003829; HP:0000006,Typified by incomplete penetrance; Autosomal dominant inheritance,14.0,HP:0000252; HP:0001696; HP:0001651; HP:0003363; HP:0001274; HP:0011599; HP:0033379; HP:0011537; HP:0001719; HP:0001669; HP:0001746; HP:0006695; HP:0001748; HP:0002566,Microcephaly; Situs inversus totalis; Dextrocardia; Abdominal situs inversus; Agenesis of corpus callosum; Mesocardia; Bilateral superior vena cava; Left atrial isomerism; Double outlet right ventricle; Transposition of the great arteries; Asplenia; Atrioventricular canal defect; Polysplenia; Intestinal malrotation,1.0,1.0,0.0,0.0,0.0,0.0,1.0,1.0,1.0,0.0,1.0,0.0,0.0,1.0,0.0,exact_omim,OMIM:605376
CILP_0442,Secondary,Visceral Heterotaxy,Visceral Heterotaxy [OMIM phenotype 606325],HTX3,606325,SESN1,1,Motile cilia / laterality,AD; XLR; INCOMPLETE_PENETRANCE; AR,HP:0000006; HP:0001419; HP:0003829; HP:0000007,Autosomal dominant inheritance; X-linked recessive inheritance; Typified by incomplete penetrance; Autosomal recessive inheritance,97.0,HP:0001750; HP:0001651; HP:0000089; HP:0001272; HP:0011699; HP:0011555; HP:0031565; HP:0010305; HP:0031348; HP:0011536; HP:0001629; HP:0001746; HP:0006695; HP:0004935; HP:0001643; HP:0002059; HP:0001321; HP:0003363; HP:0000073; HP:0004970; HP:0001680; HP:0000071; HP:0010773; HP:0005160; HP:0011861; HP:0001719; HP:0001511; HP:0001631; HP:0002247; HP:0002566; HP:0001374; HP:0002023; HP:0000085; HP:0012304; HP:0000316; HP:0001800; HP:0000238; HP:0003305; HP:0001642; HP:0002475; HP:0011565; HP:0033379; HP:0001539; HP:0000961; HP:0000369; HP:0001655; HP:0001776; HP:0001674; HP:0002240; HP:0004383; HP:0001508; HP:0012890; HP:0011560; HP:0001669; HP:0001748; HP:0003026; HP:0002410; HP:0001682; HP:0001561; HP:0001640; HP:0002098; HP:0001718; HP:0011670; HP:0005912; HP:0000105; HP:0000104; HP:0000252; HP:0001696; HP:0001274; HP:0011599; HP:0011537; HP:0010452; HP:0034188; HP:0012020; HP:0011671; HP:0011579; HP:0001671; HP:0030853; HP:0004762; HP:0004971; HP:0011611; HP:0001702; HP:0001646; HP:0031834; HP:0011539; HP:0011538; HP:0011540; HP:0003251; HP:0000403; HP:0033036; HP:0012735; HP:0011109; HP:0010445; HP:0011577; HP:0031590; HP:0034011; HP:0000389,Single ventricle; Dextrocardia; Renal hypoplasia; Cerebellar atrophy; Atrial reentry tachycardia; Double inlet left ventricle; Abdominal situs ambiguus; Absence of the sacrum; Dextrotransposition of the great arteries; Right atrial isomerism; Ventricular septal defect; Asplenia; Atrioventricular canal defect; Pulmonary artery atresia; Patent ductus arteriosus; Cerebral atrophy; Cerebellar hypoplasia; Abdominal situs inversus; Ureteral duplication; Ascending tubular aorta aneurysm; Coarctation of aorta; Ureteral stenosis; Partial anomalous pulmonary venous return; Total anomalous pulmonary venous return; Bilateral trilobed lung; Double outlet right ventricle; Intrauterine growth retardation; Atrial septal defect; Duodenal atresia; Intestinal malrotation; Congenital hip dislocation; Anal atresia; Horseshoe kidney; Hypoplastic aortic arch; Hypertelorism; Hypoplastic toenails; Hydrocephalus; Block vertebrae; Pulmonic stenosis; Myelomeningocele; Common atrium; Bilateral superior vena cava; Omphalocele; Cyanosis; Low-set ears; Patent foramen ovale; Bilateral talipes equinovarus; Complete atrioventricular canal defect; Hepatomegaly; Hypoplastic left ventricle; Failure to thrive; Posteriorly placed anus; Mitral atresia; Transposition of the great arteries; Polysplenia; Short long bone; Aqueductal stenosis; Subvalvular aortic stenosis; Polyhydramnios; Cardiomegaly; Respiratory distress; Mitral stenosis; Left superior vena cava draining to coronary sinus; Biliary atresia; Enlarged kidney; Renal agenesis; Microcephaly; Situs inversus totalis; Agenesis of corpus callosum; Mesocardia; Left atrial isomerism; Ectopia of the spleen; Midline liver; Right aortic arch; Interrupted inferior vena cava with azygous continuation; Unbalanced atrioventricular canal defect; Abnormal cardiac septum morphology; Heterotaxy; Hypoplasia of right ventricle; Pulmonary artery hypoplasia; Interrupted aortic arch; Abnormal tricuspid valve morphology; Abnormal aortic valve morphology; Aortopulmonary collateral arteries; Atrial situs ambiguous; Atrial situs inversus; Levotransposition of the great arteries; Male infertility; Recurrent otitis media; Decreased nasal nitric oxide; Cough; Chronic sinusitis; Primum atrial septal defect; Partial atrioventricular canal defect; Asthenopia; Reduced progressive sperm motility; Chronic otitis media,1.0,1.0,0.0,1.0,1.0,1.0,1.0,1.0,1.0,1.0,1.0,0.0,1.0,1.0,1.0,family_aggregate_from_exact_omim,OMIM:270100; OMIM:306955; OMIM:605376; OMIM:613751; OMIM:614779; OMIM:616749; OMIM:617205; OMIM:618948; OMIM:619607; OMIM:619608
CILP_0443,Secondary,Visceral Heterotaxy,Visceral Heterotaxy [OMIM phenotype 613751],HTX4,613751,ACVR2B,1,Motile cilia / laterality,AD,HP:0000006,Autosomal dominant inheritance,15.0,HP:0001674; HP:0001651; HP:0011565; HP:0033379; HP:0005160; HP:0031348; HP:0010452; HP:0001629; HP:0034188; HP:0012020; HP:0011671; HP:0001669; HP:0006695; HP:0001748; HP:0004935,Complete atrioventricular canal defect; Dextrocardia; Common atrium; Bilateral superior vena cava; Total anomalous pulmonary venous return; Dextrotransposition of the great arteries; Ectopia of the spleen; Ventricular septal defect; Midline liver; Right aortic arch; Interrupted inferior vena cava with azygous continuation; Transposition of the great arteries; Atrioventricular canal defect; Polysplenia; Pulmonary artery atresia,1.0,1.0,0.0,0.0,0.0,0.0,1.0,0.0,0.0,0.0,0.0,0.0,1.0,0.0,0.0,exact_omim,OMIM:613751
CILP_0444,Secondary,Visceral Heterotaxy,Visceral Heterotaxy [OMIM phenotype 614779],HTX6,614779,CFAP53,1,Motile cilia / laterality,AR,HP:0000007,Autosomal recessive inheritance,10.0,HP:0001696; HP:0001651; HP:0003363; HP:0001719; HP:0012020; HP:0001669; HP:0004383; HP:0011565; HP:0005160; HP:0011579,Situs inversus totalis; Dextrocardia; Abdominal situs inversus; Double outlet right ventricle; Right aortic arch; Transposition of the great arteries; Hypoplastic left ventricle; Common atrium; Total anomalous pulmonary venous return; Unbalanced atrioventricular canal defect,1.0,1.0,0.0,0.0,0.0,0.0,0.0,1.0,0.0,0.0,0.0,0.0,1.0,0.0,0.0,exact_omim,OMIM:614779
CILP_0445,Secondary,Visceral Heterotaxy,Visceral Heterotaxy [OMIM phenotype 616749],HTX7,616749,MMP21,1,Motile cilia / laterality,AR,HP:0000007,Autosomal recessive inheritance,21.0,HP:0001671; HP:0030853; HP:0001696; HP:0004762; HP:0001651; HP:0004971; HP:0011611; HP:0011565; HP:0005160; HP:0012020; HP:0011671; HP:0011560; HP:0001702; HP:0001669; HP:0001646; HP:0006695; HP:0001748; HP:0004935; HP:0000961; HP:0001631; HP:0002566,Abnormal cardiac septum morphology; Heterotaxy; Situs inversus totalis; Hypoplasia of right ventricle; Dextrocardia; Pulmonary artery hypoplasia; Interrupted aortic arch; Common atrium; Total anomalous pulmonary venous return; Right aortic arch; Interrupted inferior vena cava with azygous continuation; Mitral atresia; Abnormal tricuspid valve morphology; Transposition of the great arteries; Abnormal aortic valve morphology; Atrioventricular canal defect; Polysplenia; Pulmonary artery atresia; Cyanosis; Atrial septal defect; Intestinal malrotation,1.0,1.0,0.0,0.0,0.0,0.0,1.0,1.0,0.0,0.0,0.0,0.0,1.0,0.0,1.0,exact_omim,OMIM:616749
CILP_0446,Secondary,Visceral Heterotaxy,Visceral Heterotaxy [OMIM phenotype 617205],HTX8,617205,PKD1L1,1,Motile cilia / laterality,AR,HP:0000007,Autosomal recessive inheritance,12.0,HP:0031834; HP:0011539; HP:0001651; HP:0003363; HP:0004383; HP:0011538; HP:0011579; HP:0001629; HP:0011540; HP:0001719; HP:0012020; HP:0004935,Aortopulmonary collateral arteries; Atrial situs ambiguous; Dextrocardia; Abdominal situs inversus; Hypoplastic left ventricle; Atrial situs inversus; Unbalanced atrioventricular canal defect; Ventricular septal defect; Levotransposition of the great arteries; Double outlet right ventricle; Right aortic arch; Pulmonary artery atresia,1.0,1.0,0.0,0.0,0.0,0.0,0.0,1.0,0.0,0.0,0.0,0.0,1.0,0.0,0.0,exact_omim,OMIM:617205
CILP_0447,Secondary,Visceral Heterotaxy,Visceral Heterotaxy [OMIM phenotype 618948],HTX9,618948,MNS1,1,Motile cilia / laterality,AR,HP:0000007,Autosomal recessive inheritance,5.0,HP:0001696; HP:0001651; HP:0003251; HP:0001746; HP:0000403,Situs inversus totalis; Dextrocardia; Male infertility; Asplenia; Recurrent otitis media,1.0,1.0,0.0,0.0,1.0,1.0,1.0,0.0,0.0,0.0,0.0,0.0,0.0,0.0,0.0,exact_omim,OMIM:618948
CILP_0448,Secondary,Visceral Heterotaxy,Visceral Heterotaxy [OMIM phenotype 619607],HTX10,619607,CFAP52,1,Motile cilia / laterality,AR,HP:0000007,Autosomal recessive inheritance,8.0,HP:0001696; HP:0001651; HP:0003363; HP:0003251; HP:0033036; HP:0000403; HP:0012735; HP:0011109,Situs inversus totalis; Dextrocardia; Abdominal situs inversus; Male infertility; Decreased nasal nitric oxide; Recurrent otitis media; Cough; Chronic sinusitis,1.0,1.0,0.0,0.0,1.0,1.0,1.0,1.0,1.0,0.0,0.0,0.0,1.0,1.0,0.0,exact_omim,OMIM:619607
CILP_0449,Secondary,Visceral Heterotaxy,Visceral Heterotaxy [OMIM phenotype 619608],HTX11,619608,CFAP45,1,Motile cilia / laterality,AR,HP:0000007,Autosomal recessive inheritance,11.0,HP:0001696; HP:0033036; HP:0010445; HP:0011577; HP:0011109; HP:0031590; HP:0034011; HP:0001748; HP:0000389; HP:0002247; HP:0002566,Situs inversus totalis; Decreased nasal nitric oxide; Primum atrial septal defect; Partial atrioventricular canal defect; Chronic sinusitis; Asthenopia; Reduced progressive sperm motility; Polysplenia; Chronic otitis media; Duodenal atresia; Intestinal malrotation,1.0,1.0,0.0,1.0,1.0,1.0,1.0,0.0,1.0,0.0,0.0,0.0,1.0,1.0,0.0,exact_omim,OMIM:619608
CILP_0450,Secondary,Visceral Heterotaxy,Visceral Heterotaxy [OMIM phenotype No MIM Number],HTX,No MIM Number,CC2D1A; TTC21B,2,Motile cilia / laterality,AD; XLR; INCOMPLETE_PENETRANCE; AR,HP:0000006; HP:0001419; HP:0003829; HP:0000007,Autosomal dominant inheritance; X-linked recessive inheritance; Typified by incomplete penetrance; Autosomal recessive inheritance,97.0,HP:0001750; HP:0001651; HP:0000089; HP:0001272; HP:0011699; HP:0011555; HP:0031565; HP:0010305; HP:0031348; HP:0011536; HP:0001629; HP:0001746; HP:0006695; HP:0004935; HP:0001643; HP:0002059; HP:0001321; HP:0003363; HP:0000073; HP:0004970; HP:0001680; HP:0000071; HP:0010773; HP:0005160; HP:0011861; HP:0001719; HP:0001511; HP:0001631; HP:0002247; HP:0002566; HP:0001374; HP:0002023; HP:0000085; HP:0012304; HP:0000316; HP:0001800; HP:0000238; HP:0003305; HP:0001642; HP:0002475; HP:0011565; HP:0033379; HP:0001539; HP:0000961; HP:0000369; HP:0001655; HP:0001776; HP:0001674; HP:0002240; HP:0004383; HP:0001508; HP:0012890; HP:0011560; HP:0001669; HP:0001748; HP:0003026; HP:0002410; HP:0001682; HP:0001561; HP:0001640; HP:0002098; HP:0001718; HP:0011670; HP:0005912; HP:0000105; HP:0000104; HP:0000252; HP:0001696; HP:0001274; HP:0011599; HP:0011537; HP:0010452; HP:0034188; HP:0012020; HP:0011671; HP:0011579; HP:0001671; HP:0030853; HP:0004762; HP:0004971; HP:0011611; HP:0001702; HP:0001646; HP:0031834; HP:0011539; HP:0011538; HP:0011540; HP:0003251; HP:0000403; HP:0033036; HP:0012735; HP:0011109; HP:0010445; HP:0011577; HP:0031590; HP:0034011; HP:0000389,Single ventricle; Dextrocardia; Renal hypoplasia; Cerebellar atrophy; Atrial reentry tachycardia; Double inlet left ventricle; Abdominal situs ambiguus; Absence of the sacrum; Dextrotransposition of the great arteries; Right atrial isomerism; Ventricular septal defect; Asplenia; Atrioventricular canal defect; Pulmonary artery atresia; Patent ductus arteriosus; Cerebral atrophy; Cerebellar hypoplasia; Abdominal situs inversus; Ureteral duplication; Ascending tubular aorta aneurysm; Coarctation of aorta; Ureteral stenosis; Partial anomalous pulmonary venous return; Total anomalous pulmonary venous return; Bilateral trilobed lung; Double outlet right ventricle; Intrauterine growth retardation; Atrial septal defect; Duodenal atresia; Intestinal malrotation; Congenital hip dislocation; Anal atresia; Horseshoe kidney; Hypoplastic aortic arch; Hypertelorism; Hypoplastic toenails; Hydrocephalus; Block vertebrae; Pulmonic stenosis; Myelomeningocele; Common atrium; Bilateral superior vena cava; Omphalocele; Cyanosis; Low-set ears; Patent foramen ovale; Bilateral talipes equinovarus; Complete atrioventricular canal defect; Hepatomegaly; Hypoplastic left ventricle; Failure to thrive; Posteriorly placed anus; Mitral atresia; Transposition of the great arteries; Polysplenia; Short long bone; Aqueductal stenosis; Subvalvular aortic stenosis; Polyhydramnios; Cardiomegaly; Respiratory distress; Mitral stenosis; Left superior vena cava draining to coronary sinus; Biliary atresia; Enlarged kidney; Renal agenesis; Microcephaly; Situs inversus totalis; Agenesis of corpus callosum; Mesocardia; Left atrial isomerism; Ectopia of the spleen; Midline liver; Right aortic arch; Interrupted inferior vena cava with azygous continuation; Unbalanced atrioventricular canal defect; Abnormal cardiac septum morphology; Heterotaxy; Hypoplasia of right ventricle; Pulmonary artery hypoplasia; Interrupted aortic arch; Abnormal tricuspid valve morphology; Abnormal aortic valve morphology; Aortopulmonary collateral arteries; Atrial situs ambiguous; Atrial situs inversus; Levotransposition of the great arteries; Male infertility; Recurrent otitis media; Decreased nasal nitric oxide; Cough; Chronic sinusitis; Primum atrial septal defect; Partial atrioventricular canal defect; Asthenopia; Reduced progressive sperm motility; Chronic otitis media,1.0,1.0,0.0,1.0,1.0,1.0,1.0,1.0,1.0,1.0,1.0,0.0,1.0,1.0,1.0,family_aggregate_from_exact_omim,OMIM:270100; OMIM:306955; OMIM:605376; OMIM:613751; OMIM:614779; OMIM:616749; OMIM:617205; OMIM:618948; OMIM:619607; OMIM:619608
CILP_0451,Primary,Weyers Acrofacial Dysostosis,Weyers Acrofacial Dysostosis [OMIM phenotype 193530],WAD,193530,EVC; EVC2,2,Skeletal ciliopathy,AD,HP:0000006,Autosomal dominant inheritance,12.0,HP:0000395; HP:0001792; HP:0004279; HP:0001156; HP:0001162; HP:0002164; HP:0000601; HP:0004209; HP:0001830; HP:0006315; HP:0000698; HP:0003502,Prominent antihelix; Small nail; Short palm; Brachydactyly; Postaxial hand polydactyly; Nail dysplasia; Hypotelorism; Clinodactyly of the 5th finger; Postaxial foot polydactyly; Solitary median maxillary central incisor; Conical tooth; Mild short stature,0.0,0.0,0.0,1.0,1.0,0.0,0.0,1.0,1.0,1.0,0.0,0.0,0.0,1.0,1.0,exact_omim,OMIM:193530
