Record ID,Disease family,Subtype abbreviation,OMIM phenotype MIM number,Source identifiers,Source type,Ciliopathy class,Clinical group,Associated genes,Inheritance (as curated),Organ systems involved,Number of HPO terms,HPO term IDs,Included in analysis,Reason for exclusion,Note
CILP_0001,Acrocallosal Syndrome,ACLS,200990,OMIM:200990,OMIM phenotype entry,Primary,Neurodevelopmental ciliopathy,KIF7,AR,Abdomen; Eyes; Ears; Cardiovascular; Growth; Genitourinary; Head and neck; Limbs; Nervous system; Skeletal; Skin,81,HP:0001177; HP:0000286; HP:0001770; HP:0000486; HP:0000365; HP:0010803; HP:0002023; HP:0001250; HP:0002263; HP:0010808; HP:0000160; HP:0003196; HP:0001252; HP:0001290; HP:0010291; HP:0000639; HP:0000319; HP:0012471; HP:0011220; HP:0000316; HP:0008897; HP:0009942; HP:0001841; HP:0000358; HP:0001249; HP:0000054; HP:0000494; HP:0000175; HP:0005148; HP:0001182; HP:0001537; HP:0006101; HP:0000648; HP:0000207; HP:0004209; HP:0009611; HP:0000322; HP:0000047; HP:0000685; HP:0000369; HP:0000204; HP:0000143; HP:0000384; HP:0006329; HP:0001671; HP:0000343; HP:0000023; HP:0001156; HP:0000260; HP:0001274; HP:0010864; HP:0001508; HP:0000337; HP:0030680; HP:0000218; HP:0002714; HP:0006335; HP:0000256; HP:0000212; HP:0000377; HP:0000154; HP:0000431; HP:0000233; HP:0001641; HP:0001162; HP:0000194; HP:0003781; HP:0000193; HP:0000190; HP:0010576; HP:0007370; HP:0000308; HP:0010066; HP:0007894; HP:0001830; HP:0002007; HP:0001510; HP:0000303; HP:0000028; HP:0000589; HP:0000269,No,Disease family with fewer than 5 entries,
CILP_0002,Al-Gazali-Bakalinova Syndrome,AGBK,607131,OMIM:607131,OMIM phenotype entry,Primary,General / needs curation,KIF7,AR,Abdomen; Eyes; Ears; Head and neck; Limbs; Nervous system; Metabolism; Skeletal,28,HP:0003037; HP:0000023; HP:0001274; HP:0001270; HP:0003071; HP:0010442; HP:0012444; HP:0000316; HP:0002419; HP:0030084; HP:0002857; HP:0002656; HP:0001004; HP:0000256; HP:0002654; HP:0000431; HP:0002079; HP:0001263; HP:0000272; HP:0000470; HP:0001182; HP:0005280; HP:0001999; HP:0000767; HP:0000768; HP:0000207; HP:0002007; HP:0000369,No,Disease family with fewer than 5 entries,
CILP_0003,Alström Syndrome,ALMS,203800,OMIM:203800,OMIM phenotype entry,Primary,Multisystem ciliopathy,ALMS1,AR,Abdomen; Eyes; Ears; Cardiovascular; Endocrine; Growth; Genitourinary; Immune system; Head and neck; Limbs; Nervous system; Metabolism; Respiratory; Skeletal; Skin,54,HP:0001133; HP:0000164; HP:0003233; HP:0000123; HP:0004322; HP:0001970; HP:0000083; HP:0003074; HP:0010442; HP:0000639; HP:0000956; HP:0000873; HP:0040217; HP:0007843; HP:0004438; HP:0001763; HP:0000831; HP:0001644; HP:0000572; HP:0002155; HP:0000771; HP:0001263; HP:0000408; HP:0000407; HP:0005616; HP:0002621; HP:0000842; HP:0000523; HP:0002149; HP:0001397; HP:0001596; HP:0002240; HP:0000580; HP:0000815; HP:0000858; HP:0000618; HP:0000613; HP:0006532; HP:0200120; HP:0002910; HP:0005987; HP:0000230; HP:0002650; HP:0002099; HP:0002808; HP:0000822; HP:0001635; HP:0000821; HP:0000824; HP:0000505; HP:0000548; HP:0001956; HP:0000388; HP:0001513,No,Disease family with fewer than 5 entries,
CILP_0004,Ataxia-telangiectasia-like Disorder,ATLD1,604391,OMIM:604391,OMIM phenotype entry,Secondary,Atypical / secondary ciliopathy,MRE11,AR,Eyes; Cardiovascular; Limbs; Nervous system; Metabolism; Skeletal; Skin,25,HP:0000640; HP:0001310; HP:0001332; HP:0001272; HP:0003693; HP:0002066; HP:0001252; HP:0001251; HP:0002061; HP:0007286; HP:0000657; HP:0001009; HP:0002317; HP:0002359; HP:0001265; HP:0000571; HP:0000750; HP:0001266; HP:0001260; HP:0002075; HP:0002072; HP:0011133; HP:0007772; HP:0003438; HP:0001315,No,Disease family with fewer than 5 entries,
CILP_0005,Ataxia-telangiectasia-like Disorder,ATLD2,615919,OMIM:615919,OMIM phenotype entry,Secondary,Atypical / secondary ciliopathy,PCNA,AR,Abdomen; Eyes; Ears; Cardiovascular; Growth; Head and neck; Limbs; Nervous system; Skeletal; Skin,21,HP:0003323; HP:0002015; HP:0000252; HP:0000992; HP:0001761; HP:0004322; HP:0001272; HP:0001260; HP:0001263; HP:0001251; HP:0034697; HP:0002180; HP:0034392; HP:0000407; HP:0031087; HP:0000613; HP:0000524; HP:0002317; HP:0001324; HP:0000776; HP:0005328,No,Disease family with fewer than 5 entries,
CILP_0006,Autosomal Dominant Polycystic Kidney Disease,PKD1,173900,OMIM:173900,OMIM phenotype entry,Primary,Renal-hepatic ciliopathy,PKD1,AD,Abdomen; Cardiovascular; Genitourinary; Nervous system,8,HP:0000083; HP:0002253; HP:0000822; HP:0001407; HP:0000113; HP:0001653; HP:0007029; HP:0001634,Yes,,
CILP_0007,Autosomal Dominant Polycystic Kidney Disease,PKD3,600666,OMIM:600666,OMIM phenotype entry,Primary,Renal-hepatic ciliopathy,GANAB,AD,Abdomen; Cardiovascular; Genitourinary; Nervous system,5,HP:0001410; HP:0000822; HP:0001407; HP:0004944; HP:0000113,Yes,,
CILP_0008,Autosomal Dominant Polycystic Kidney Disease,PKD4,606702,ORPHA:730,Orphanet entry (matched by disease name),Primary,Renal-hepatic ciliopathy,FCYT,Autosomal dominant,Abdomen; Cardiovascular; Endocrine; Genitourinary; Immune system; Nervous system; Metabolism,26,HP:0000083; HP:0000107; HP:0001407; HP:0003259; HP:0012213; HP:0000790; HP:0000822; HP:0003774; HP:0012591; HP:0012592; HP:0012622; HP:0030157; HP:0000010; HP:0000105; HP:0000791; HP:0001634; HP:0001737; HP:0002616; HP:0004944; HP:0006557; HP:0008672; HP:0011004; HP:0012207; HP:0012330; HP:0100702; HP:0011760,Yes,,
CILP_0009,Autosomal Dominant Polycystic Kidney Disease,PKD2,613095,OMIM:613095,OMIM phenotype entry,Primary,Renal-hepatic ciliopathy,PKD2,INCOMPLETE_PENETRANCE; AD,Abdomen; Cardiovascular; Genitourinary; Immune system; Head and neck; Metabolism; Skin,18,HP:0003774; HP:0000010; HP:0001696; HP:0001651; HP:0003155; HP:0000083; HP:0005562; HP:0002240; HP:0011800; HP:0030948; HP:0006254; HP:0000822; HP:0001407; HP:0002900; HP:0000113; HP:0003259; HP:0000952; HP:0000324,Yes,,
CILP_0010,Autosomal Dominant Polycystic Kidney Disease,PKD5,617610,OMIM:617610,OMIM phenotype entry,Primary,Renal-hepatic ciliopathy,DZIP1L,AR,Abdomen; Cardiovascular; Genitourinary; Immune system,7,HP:0003774; HP:0005565; HP:0004719; HP:0000822; HP:0001433; HP:0000113; HP:0000105,Yes,,
CILP_0011,Autosomal Dominant Polycystic Kidney Disease,PKD6,618061,OMIM:618061,OMIM phenotype entry,Primary,Renal-hepatic ciliopathy,DNAJB11,AD,Abdomen; Cardiovascular; Genitourinary; Skeletal,7,HP:0003774; HP:0000083; HP:0000822; HP:0001407; HP:0012213; HP:0000113; HP:0001997,Yes,,
CILP_0012,Autosomal Dominant Polycystic Kidney Disease,PKD7,620056,OMIM:620056,OMIM phenotype entry,Primary,Renal-hepatic ciliopathy,ALG5,AD,Cardiovascular; Genitourinary,6,HP:0003774; HP:0012585; HP:0032948; HP:0000083; HP:0005562; HP:0000822,Yes,,
CILP_0013,Autosomal Dominant Polycystic Kidney Disease,PKD,,ORPHA:730,Orphanet entry (matched by disease name),Primary,Renal-hepatic ciliopathy,ACOT13; ALG9; CYS1; IFT140; PTGER2,Autosomal dominant,Abdomen; Cardiovascular; Endocrine; Genitourinary; Immune system; Nervous system; Metabolism,26,HP:0000083; HP:0000107; HP:0001407; HP:0003259; HP:0012213; HP:0000790; HP:0000822; HP:0003774; HP:0012591; HP:0012592; HP:0012622; HP:0030157; HP:0000010; HP:0000105; HP:0000791; HP:0001634; HP:0001737; HP:0002616; HP:0004944; HP:0006557; HP:0008672; HP:0011004; HP:0012207; HP:0012330; HP:0100702; HP:0011760,No,"Exact duplicate of CILP_0008 (identical features, same family)",
CILP_0014,Autosomal Recessive Polycystic Kidney Disease,PKD4,263200,OMIM:263200,OMIM phenotype entry,Primary,Renal-hepatic ciliopathy,PKHD1,AR,Abdomen; Cardiovascular; Genitourinary; Immune system; Head and neck; Metabolism; Respiratory,22,HP:0002089; HP:0005576; HP:0000083; HP:0001395; HP:0002240; HP:0002040; HP:0001409; HP:0004719; HP:0001944; HP:0001405; HP:0001407; HP:0000113; HP:0001744; HP:0008659; HP:0001562; HP:0005564; HP:0000822; HP:0000107; HP:0001737; HP:0002009; HP:0000105; HP:0002248,No,Disease family with fewer than 5 entries,
CILP_0015,Autosomal Recessive Polycystic Kidney Disease,PKD5,617610,OMIM:617610,OMIM phenotype entry,Primary,Renal-hepatic ciliopathy,DZIP1L,AR,Abdomen; Cardiovascular; Genitourinary; Immune system,7,HP:0003774; HP:0005565; HP:0004719; HP:0000822; HP:0001433; HP:0000113; HP:0000105,No,Disease family with fewer than 5 entries,
CILP_0016,Bardet–Biedl Syndrome,BBS1,209900,OMIM:209900,OMIM phenotype entry,Primary,Multisystem ciliopathy,BBS1,AR,Abdomen; Eyes; Ears; Cardiovascular; Endocrine; Growth; Genitourinary; Immune system; Head and neck; Limbs; Nervous system; Metabolism; Respiratory; Skeletal; Skin,62,HP:0000483; HP:0000365; HP:0001773; HP:0000486; HP:0001251; HP:0002141; HP:0012743; HP:0000518; HP:0000639; HP:0012393; HP:0001328; HP:0000678; HP:0009466; HP:0001769; HP:0008734; HP:0000510; HP:0007843; HP:0001007; HP:0001249; HP:0000556; HP:0002311; HP:0000054; HP:0009806; HP:0001263; HP:0010750; HP:0100259; HP:0002705; HP:0007994; HP:0007737; HP:0000662; HP:0002167; HP:0001156; HP:0030631; HP:0001395; HP:0000819; HP:0001829; HP:0000855; HP:0007663; HP:0000218; HP:0000135; HP:0000256; HP:0000137; HP:0000077; HP:0000750; HP:0002650; HP:0001162; HP:0002099; HP:0002251; HP:0001080; HP:0000508; HP:0000822; HP:0000668; HP:0001712; HP:0000546; HP:0001956; HP:0001830; HP:0001159; HP:0000501; HP:0000545; HP:0001513; HP:0000786; HP:0000148,Yes,,
CILP_0017,Bardet–Biedl Syndrome,BBS3,600151,OMIM:600151,OMIM phenotype entry,Primary,Multisystem ciliopathy,ARL6,AR,Eyes; Cardiovascular; Growth; Genitourinary; Limbs; Nervous system; Skeletal,12,HP:0000662; HP:0000089; HP:0001156; HP:0001263; HP:0003241; HP:0000580; HP:0005180; HP:0100259; HP:0000505; HP:0000510; HP:0001513; HP:0001249,Yes,,
CILP_0018,Bardet–Biedl Syndrome,BBS6,605231,OMIM:605231,OMIM phenotype entry,Primary,Multisystem ciliopathy,MKKS,AR,Eyes; Endocrine; Growth; Genitourinary; Limbs; Nervous system; Metabolism; Skeletal,11,HP:0003241; HP:0000580; HP:0000819; HP:0100259; HP:0000107; HP:0000510; HP:0001159; HP:0000047; HP:0001249; HP:0001513; HP:0000148,Yes,,
CILP_0019,Bardet–Biedl Syndrome,BBS2,615981,OMIM:615981,OMIM phenotype entry,Primary,Multisystem ciliopathy,BBS2,AR,Eyes; Cardiovascular; Endocrine; Growth; Genitourinary; Head and neck; Limbs; Nervous system; Metabolism; Skeletal,39,HP:0011939; HP:0010946; HP:0000662; HP:0000041; HP:0012745; HP:0012622; HP:0031624; HP:0000819; HP:0000319; HP:0032285; HP:0001647; HP:0000414; HP:0000678; HP:0000752; HP:0000510; HP:0000135; HP:0000311; HP:0001249; HP:0001644; HP:0000494; HP:0000054; HP:0000233; HP:0001162; HP:0000490; HP:0001263; HP:0003241; HP:0000470; HP:0005280; HP:0001959; HP:0000822; HP:0000546; HP:0007994; HP:0001511; HP:0000103; HP:0001830; HP:0001631; HP:0000047; HP:0000003; HP:0001513,Yes,,
CILP_0020,Bardet–Biedl Syndrome,BBS4,615982,OMIM:615982,OMIM phenotype entry,Primary,Multisystem ciliopathy,BBS4,AR,Eyes; Endocrine; Growth; Genitourinary; Head and neck; Limbs; Nervous system; Skeletal,14,HP:0000077; HP:0000164; HP:0000662; HP:0001156; HP:0003241; HP:0010442; HP:0000107; HP:0000546; HP:0000510; HP:0001159; HP:0000135; HP:0000028; HP:0001513; HP:0001249,Yes,,
CILP_0021,Bardet–Biedl Syndrome,BBS5,615983,OMIM:615983,OMIM phenotype entry,Primary,Multisystem ciliopathy,BBS5,AR,Eyes; Cardiovascular; Endocrine; Growth; Genitourinary; Head and neck; Limbs; Nervous system; Skeletal,20,HP:0007737; HP:0000054; HP:0000750; HP:0001256; HP:0000662; HP:0001156; HP:0003241; HP:0100259; HP:0000668; HP:0007663; HP:0004209; HP:0007401; HP:0007754; HP:0000543; HP:0007787; HP:0000510; HP:0001159; HP:0007843; HP:0000135; HP:0001513,Yes,,
CILP_0022,Bardet–Biedl Syndrome,BBS7,615984,OMIM:615984,OMIM phenotype entry,Primary,Multisystem ciliopathy,BBS7,AR,Eyes; Endocrine; Growth; Genitourinary; Head and neck; Limbs; Nervous system; Skeletal,13,HP:0000490; HP:0000160; HP:0000272; HP:0004691; HP:0010442; HP:0005280; HP:0100259; HP:0000316; HP:0030084; HP:0000510; HP:0000135; HP:0001513; HP:0001249,Yes,,
CILP_0023,Bardet–Biedl Syndrome,BBS8,615985,OMIM:615985,OMIM phenotype entry,Primary,Multisystem ciliopathy,TTC8,AR,Eyes; Cardiovascular; Endocrine; Growth; Genitourinary; Head and neck; Limbs; Nervous system; Skeletal,10,HP:0000110; HP:0100259; HP:0001696; HP:0001263; HP:0000510; HP:0000135; HP:0000047; HP:0000248; HP:0001249; HP:0001513,Yes,,
CILP_0024,Bardet–Biedl Syndrome,BBS9,615986,OMIM:615986,OMIM phenotype entry,Primary,Multisystem ciliopathy,BBS9,AR,Eyes; Cardiovascular; Growth; Genitourinary; Limbs; Nervous system; Metabolism; Skeletal,23,HP:0000483; HP:0007737; HP:0000486; HP:0001156; HP:0000083; HP:0003074; HP:0010442; HP:0000518; HP:0000858; HP:0000510; HP:0007843; HP:0001249; HP:0000750; HP:0001162; HP:0001263; HP:0002591; HP:0100259; HP:0001959; HP:0000546; HP:0001956; HP:0001159; HP:0001830; HP:0001513,Yes,,
CILP_0025,Bardet–Biedl Syndrome,BBS10,615987,OMIM:615987,OMIM phenotype entry,Primary,Multisystem ciliopathy,BBS10,AR,Eyes; Endocrine; Growth; Genitourinary; Limbs; Nervous system; Skeletal,10,HP:0001256; HP:0001250; HP:0000083; HP:0001263; HP:0000107; HP:0010442; HP:0000510; HP:0000135; HP:0001513; HP:0000556,Yes,,
CILP_0026,Bardet–Biedl Syndrome,BBS11,615988,OMIM:615988,OMIM phenotype entry,Primary,Multisystem ciliopathy,TRIM32,AR,Eyes; Endocrine; Growth; Genitourinary; Limbs; Skeletal,5,HP:0000077; HP:0010442; HP:0000488; HP:0000135; HP:0001513,Yes,,
CILP_0027,Bardet–Biedl Syndrome,BBS12,615989,OMIM:615989,OMIM phenotype entry,Primary,Multisystem ciliopathy,BBS12,AR,Abdomen; Eyes; Endocrine; Growth; Genitourinary; Limbs; Nervous system; Skeletal,13,HP:0001162; HP:0000072; HP:0010442; HP:0031500; HP:0100543; HP:0000800; HP:0030010; HP:0001830; HP:0000510; HP:0000135; HP:0001513; HP:0000126; HP:0000148,Yes,,
CILP_0028,Bardet–Biedl Syndrome,BBS13,615990,OMIM:615990,OMIM phenotype entry,Primary,Multisystem ciliopathy,MKS1,AR,Eyes; Cardiovascular; Growth; Limbs; Nervous system; Skeletal,7,HP:0007737; HP:0001263; HP:0010442; HP:0000510; HP:0007843; HP:0001249; HP:0001513,Yes,,
CILP_0029,Bardet–Biedl Syndrome,BBS14,615991,OMIM:615991,OMIM phenotype entry,Primary,Multisystem ciliopathy,CEP290,AR,Eyes; Growth; Genitourinary; Limbs; Nervous system; Skeletal,7,HP:0000639; HP:0000083; HP:0001263; HP:0010442; HP:0000510; HP:0001513; HP:0001249,Yes,,
CILP_0030,Bardet–Biedl Syndrome,BBS15,615992,OMIM:615992,OMIM phenotype entry,Primary,Multisystem ciliopathy,WDPCP,AR,,0,,No,No HPO term in the source annotation,
CILP_0031,Bardet–Biedl Syndrome,BBS16,615993,OMIM:615993,OMIM phenotype entry,Primary,Multisystem ciliopathy,SDCCAG8,AR,Eyes; Ears; Endocrine; Growth; Genitourinary; Immune system; Limbs; Nervous system; Respiratory; Skeletal,21,HP:0000110; HP:0003774; HP:0000365; HP:0004322; HP:0002098; HP:0000083; HP:0001263; HP:0003241; HP:0010442; HP:0011950; HP:0100543; HP:0000107; HP:0000403; HP:0000546; HP:0007663; HP:0002205; HP:0000510; HP:0000135; HP:0001249; HP:0001513; HP:0000104,Yes,,
CILP_0032,Bardet–Biedl Syndrome,BBS17,615994,OMIM:615994,OMIM phenotype entry,Primary,Multisystem ciliopathy,LZTFL1,AR,Eyes; Cardiovascular; Endocrine; Growth; Genitourinary; Head and neck; Limbs; Nervous system; Skeletal,28,HP:0003774; HP:0007737; HP:0001696; HP:0001156; HP:0001651; HP:0010442; HP:0100543; HP:0000458; HP:0007401; HP:0006159; HP:0000510; HP:0000135; HP:0001249; HP:0002311; HP:0000054; HP:0001162; HP:0001263; HP:0100260; HP:0001959; HP:0000107; HP:0000546; HP:0004409; HP:0000505; HP:0000548; HP:0001830; HP:0000103; HP:0001513; HP:0004689,Yes,,
CILP_0033,Bardet–Biedl Syndrome,BBS18,615995,OMIM:615995,OMIM phenotype entry,Primary,Multisystem ciliopathy,BBIP1,AR,Eyes; Growth; Genitourinary; Limbs; Nervous system; Skeletal,8,HP:0003774; HP:0001156; HP:0000518; HP:0000083; HP:0000510; HP:0001513; HP:0000556; HP:0001249,Yes,,
CILP_0034,Bardet–Biedl Syndrome,BBS19,615996,OMIM:615996,OMIM phenotype entry,Primary,Multisystem ciliopathy,IFT27,AR,Abdomen; Eyes; Ears; Cardiovascular; Endocrine; Growth; Genitourinary; Head and neck; Limbs; Nervous system; Metabolism; Skeletal,27,HP:0001397; HP:0000365; HP:0000089; HP:0000083; HP:0004383; HP:0011577; HP:0001629; HP:0006159; HP:0001643; HP:0000510; HP:0020049; HP:0000135; HP:0001249; HP:0000750; HP:0031936; HP:0002079; HP:0001263; HP:0003241; HP:0100259; HP:0006042; HP:0004409; HP:0000548; HP:0001830; HP:0001631; HP:0000545; HP:0001513; HP:0000126,Yes,,
CILP_0035,Bardet–Biedl Syndrome,BBS22,617119,OMIM:617119,OMIM phenotype entry,Primary,Multisystem ciliopathy,IFT74,AR,Eyes; Endocrine; Growth; Genitourinary; Head and neck; Limbs; Nervous system; Skeletal,13,HP:0000252; HP:0000750; HP:0001520; HP:0002591; HP:0010442; HP:0000505; HP:0001830; HP:0000510; HP:0000135; HP:0000256; HP:0001249; HP:0001513; HP:0007988,Yes,,
CILP_0036,Bardet–Biedl Syndrome,BBS21,617406,OMIM:617406,OMIM phenotype entry,Primary,Multisystem ciliopathy,C8orf37,AR,Eyes; Growth; Genitourinary; Head and neck; Limbs; Nervous system; Metabolism; Skeletal,18,HP:0001133; HP:0000164; HP:0000750; HP:0030631; HP:0001162; HP:0000085; HP:0030329; HP:0000618; HP:0007750; HP:0030483; HP:0000668; HP:0025502; HP:0000548; HP:0000510; HP:0002910; HP:0001513; HP:0000545; HP:0001105,Yes,,
CILP_0037,Bardet–Biedl Syndrome,BBS20,619471,OMIM:619471,OMIM phenotype entry,Primary,Multisystem ciliopathy,IFT172,AR,Abdomen; Eyes; Cardiovascular; Endocrine; Growth; Genitourinary; Immune system; Limbs; Nervous system; Metabolism; Respiratory; Skeletal,26,HP:0006889; HP:0001133; HP:0000483; HP:0000662; HP:0000540; HP:0012841; HP:0002516; HP:0000510; HP:0001841; HP:0002910; HP:0000054; HP:0000750; HP:0003124; HP:0001085; HP:0001162; HP:0002099; HP:0001263; HP:0004691; HP:0000093; HP:0100259; HP:0012047; HP:0000026; HP:0001631; HP:0008689; HP:0001513; HP:0001733,Yes,,
CILP_0038,Bardet–Biedl Syndrome,BBS,,OMIM:209900; OMIM:600151; OMIM:605231; OMIM:615981; OMIM:615982; OMIM:615983; OMIM:615984; OMIM:615985; OMIM:615986; OMIM:615987; OMIM:615988; OMIM:615989; OMIM:615990; OMIM:615991; OMIM:615992; OMIM:615993; OMIM:615994; OMIM:615995; OMIM:615996; OMIM:617119; OMIM:617406; OMIM:619471,Family-level record (combined OMIM entries),Primary,Multisystem ciliopathy,IFT81; SCLT1; TTC21B,AR,Abdomen; Eyes; Ears; Cardiovascular; Endocrine; Growth; Genitourinary; Immune system; Head and neck; Limbs; Nervous system; Metabolism; Respiratory; Skeletal; Skin,168,HP:0000483; HP:0000365; HP:0001773; HP:0000486; HP:0001251; HP:0002141; HP:0012743; HP:0000518; HP:0000639; HP:0012393; HP:0001328; HP:0000678; HP:0009466; HP:0001769; HP:0008734; HP:0000510; HP:0007843; HP:0001007; HP:0001249; HP:0000556; HP:0002311; HP:0000054; HP:0009806; HP:0001263; HP:0010750; HP:0100259; HP:0002705; HP:0007994; HP:0007737; HP:0000662; HP:0002167; HP:0001156; HP:0030631; HP:0001395; HP:0000819; HP:0001829; HP:0000855; HP:0007663; HP:0000218; HP:0000135; HP:0000256; HP:0000137; HP:0000077; HP:0000750; HP:0002650; HP:0001162; HP:0002099; HP:0002251; HP:0001080; HP:0000508; HP:0000822; HP:0000668; HP:0001712; HP:0000546; HP:0001956; HP:0001830; HP:0001159; HP:0000501; HP:0000545; HP:0001513; HP:0000786; HP:0000148; HP:0000089; HP:0003241; HP:0000580; HP:0005180; HP:0000505; HP:0000107; HP:0000047; HP:0011939; HP:0010946; HP:0000041; HP:0012745; HP:0012622; HP:0031624; HP:0000319; HP:0032285; HP:0001647; HP:0000414; HP:0000752; HP:0000311; HP:0001644; HP:0000494; HP:0000233; HP:0000490; HP:0000470; HP:0005280; HP:0001959; HP:0001511; HP:0000103; HP:0001631; HP:0000003; HP:0000164; HP:0010442; HP:0000028; HP:0001256; HP:0004209; HP:0007401; HP:0007754; HP:0000543; HP:0007787; HP:0000160; HP:0000272; HP:0004691; HP:0000316; HP:0030084; HP:0000110; HP:0001696; HP:0000248; HP:0000083; HP:0003074; HP:0000858; HP:0002591; HP:0001250; HP:0000488; HP:0000072; HP:0031500; HP:0100543; HP:0000800; HP:0030010; HP:0000126; HP:0003774; HP:0004322; HP:0002098; HP:0011950; HP:0000403; HP:0002205; HP:0000104; HP:0001651; HP:0000458; HP:0006159; HP:0100260; HP:0004409; HP:0000548; HP:0004689; HP:0001397; HP:0004383; HP:0011577; HP:0001629; HP:0001643; HP:0020049; HP:0031936; HP:0002079; HP:0006042; HP:0000252; HP:0001520; HP:0007988; HP:0001133; HP:0000085; HP:0030329; HP:0000618; HP:0007750; HP:0030483; HP:0025502; HP:0002910; HP:0001105; HP:0006889; HP:0000540; HP:0012841; HP:0002516; HP:0001841; HP:0003124; HP:0001085; HP:0000093; HP:0012047; HP:0000026; HP:0008689; HP:0001733,Yes,,
CILP_0039,Bazex-Dupré-Christol Syndrome,BZX,301845,OMIM:301845,OMIM phenotype entry,Primary,Atypical / secondary ciliopathy,ACTRT1,XLD,Immune system; Head and neck; Skeletal; Skin,19,HP:0001056; HP:0003764; HP:0001047; HP:0000430; HP:0000221; HP:0001382; HP:0002671; HP:0025367; HP:0008070; HP:0040154; HP:0032152; HP:0000418; HP:0000953; HP:0000964; HP:0000966; HP:0002208; HP:0009886; HP:0009765; HP:0003777,No,Disease family with fewer than 5 entries,
CILP_0040,Bilateral Polycystic Kidney Disease,PKD,,OMIM:263200; OMIM:600273; OMIM:600666; OMIM:613095; OMIM:617610; OMIM:618061; OMIM:620056; OMIM:620903; OMIM:621164; ORPHA:730; ORPHA:731,Family-level record (combined OMIM and Orphanet entries),Primary,Renal-hepatic ciliopathy,TTC21B,INCOMPLETE_PENETRANCE; AD; AR,Abdomen; Ears; Cardiovascular; Endocrine; Growth; Genitourinary; Immune system; Head and neck; Limbs; Nervous system; Metabolism; Respiratory; Skeletal; Skin,107,HP:0003774; HP:0000010; HP:0001696; HP:0001651; HP:0003155; HP:0000083; HP:0005562; HP:0002240; HP:0011800; HP:0030948; HP:0006254; HP:0000822; HP:0001407; HP:0002900; HP:0000113; HP:0003259; HP:0000952; HP:0000324; HP:0012213; HP:0001997; HP:0001410; HP:0004944; HP:0009717; HP:0006772; HP:0000023; HP:0000074; HP:0012624; HP:0012625; HP:0000093; HP:0012626; HP:0033261; HP:0000003; HP:0000787; HP:0001634; HP:0002089; HP:0005576; HP:0001395; HP:0002040; HP:0001409; HP:0004719; HP:0001944; HP:0001405; HP:0001744; HP:0008659; HP:0001562; HP:0005564; HP:0000107; HP:0001737; HP:0002009; HP:0000105; HP:0002248; HP:0004322; HP:0000097; HP:0000090; HP:0001959; HP:0001712; HP:0000103; HP:0012585; HP:0032948; HP:0005565; HP:0001433; HP:0001396; HP:0001510; HP:0001971; HP:0002612; HP:0002630; HP:0002878; HP:0002902; HP:0004905; HP:0006560; HP:0011040; HP:0011892; HP:0011968; HP:0012202; HP:0100512; HP:0100513; HP:0001541; HP:0001873; HP:0001919; HP:0002239; HP:0002243; HP:0002791; HP:0002884; HP:0006532; HP:0030151; HP:0100520; HP:0000347; HP:0000369; HP:0000457; HP:0002108; HP:0030153; HP:0040064; HP:0100543; HP:0000790; HP:0012591; HP:0012592; HP:0012622; HP:0030157; HP:0000791; HP:0002616; HP:0006557; HP:0008672; HP:0011004; HP:0012207; HP:0012330; HP:0100702; HP:0011760,No,Disease family with fewer than 5 entries,
CILP_0041,"Biliary, Renal, Neurologic, and Skeletal Syndrome",BRENS,619534,OMIM:619534,OMIM phenotype entry,Primary,Renal-hepatic ciliopathy,TTC26,AR,Abdomen; Eyes; Ears; Cardiovascular; Endocrine; Growth; Genitourinary; Immune system; Head and neck; Limbs; Nervous system; Metabolism; Respiratory; Skeletal; Skin,103,HP:0000365; HP:0001696; HP:0001695; HP:0002783; HP:0004322; HP:0000083; HP:0002020; HP:0003073; HP:0010445; HP:0010442; HP:0004719; HP:0000238; HP:0000873; HP:0031956; HP:0003124; HP:0000490; HP:0002151; HP:0033614; HP:0100259; HP:0007430; HP:0000369; HP:0001612; HP:0000126; HP:0001396; HP:0000582; HP:0010946; HP:0000463; HP:0001395; HP:0001394; HP:0002240; HP:0031964; HP:0040319; HP:0006695; HP:0025116; HP:0001942; HP:0006579; HP:0002410; HP:0006956; HP:0001561; HP:0000232; HP:0001684; HP:0002099; HP:0011622; HP:0010774; HP:0002092; HP:0011344; HP:0001159; HP:0002007; HP:0000589; HP:0001651; HP:0001250; HP:0003155; HP:0001252; HP:0003270; HP:0011579; HP:0001409; HP:0001408; HP:0000316; HP:0003429; HP:0002612; HP:0001643; HP:0002613; HP:0000311; HP:0000952; HP:0001541; HP:0001382; HP:0001263; HP:0011565; HP:0030948; HP:0003281; HP:0031358; HP:0005180; HP:0002908; HP:0000969; HP:0012382; HP:0012383; HP:0002904; HP:0012020; HP:0004927; HP:0001659; HP:0001257; HP:0001655; HP:0003774; HP:0010627; HP:0000023; HP:0012408; HP:0033542; HP:0002040; HP:0033149; HP:0010068; HP:0012766; HP:0001508; HP:0001629; HP:0000938; HP:0006892; HP:0000411; HP:0001744; HP:0004976; HP:0000276; HP:0005280; HP:0011304; HP:0002205; HP:0003259,No,Disease family with fewer than 5 entries,
CILP_0042,Birt-Hogg-Dubé Syndrome,BHD,135150,OMIM:135150,OMIM phenotype entry,Motile,General / needs curation,FLCN,AD,Abdomen; Genitourinary; Respiratory; Skeletal; Skin,13,HP:0001012; HP:0030436; HP:0003003; HP:0030255; HP:0005584; HP:0032227; HP:0032228; HP:0000107; HP:0002108; HP:0007620; HP:0005948; HP:0009726; HP:0006755,No,Disease family with fewer than 5 entries,
CILP_0043,COACH Syndrome,COACH1,216360,OMIM:216360,OMIM phenotype entry,Primary,Neurodevelopmental ciliopathy,TMEM67,AR,Abdomen; Eyes; Cardiovascular; Growth; Genitourinary; Immune system; Head and neck; Limbs; Nervous system; Metabolism; Skeletal,41,HP:0003774; HP:0002342; HP:0000463; HP:0000122; HP:0001332; HP:0001250; HP:0002085; HP:0001252; HP:0001395; HP:0001394; HP:0002240; HP:0001251; HP:0001290; HP:0002040; HP:0002084; HP:0033149; HP:0001409; HP:0000639; HP:0000316; HP:0000657; HP:0002617; HP:0002419; HP:0000311; HP:0002910; HP:0001744; HP:0008659; HP:0001347; HP:0000154; HP:0001320; HP:0001162; HP:0006817; HP:0001263; HP:0000090; HP:0000508; HP:0000822; HP:0001438; HP:0000107; HP:0000543; HP:0001257; HP:0001510; HP:0000589,No,Disease family with fewer than 5 entries,
CILP_0044,COACH Syndrome,COACH2,619111,OMIM:619111,OMIM phenotype entry,Primary,Neurodevelopmental ciliopathy,CC2D2A,AR,Abdomen; Eyes; Cardiovascular; Genitourinary; Nervous system; Metabolism; Respiratory,18,HP:0001320; HP:0000486; HP:0001395; HP:0001274; HP:0001263; HP:0006580; HP:0004719; HP:0000657; HP:0000822; HP:0005949; HP:0000238; HP:0002419; HP:0002612; HP:0002910; HP:0000589; HP:0000567; HP:0003259; HP:0001249,No,Disease family with fewer than 5 entries,
CILP_0045,COACH Syndrome,COACH3,619113,OMIM:619113,OMIM phenotype entry,Primary,Neurodevelopmental ciliopathy,RPGRIP1L,AR,Abdomen; Eyes; Genitourinary; Nervous system; Skeletal,16,HP:0032945; HP:0003774; HP:0000486; HP:0032948; HP:0000083; HP:0001263; HP:0001251; HP:0001290; HP:0000090; HP:0000092; HP:0006580; HP:0001903; HP:0000729; HP:0000508; HP:0000657; HP:0002419,No,Disease family with fewer than 5 entries,
CILP_0046,COACH Syndrome,COACH,,OMIM:216360; OMIM:619111; OMIM:619113,Family-level record (combined OMIM entries),Primary,Neurodevelopmental ciliopathy,PMM2,AR,Abdomen; Eyes; Cardiovascular; Growth; Genitourinary; Immune system; Head and neck; Limbs; Nervous system; Metabolism; Respiratory; Skeletal,57,HP:0003774; HP:0002342; HP:0000463; HP:0000122; HP:0001332; HP:0001250; HP:0002085; HP:0001252; HP:0001395; HP:0001394; HP:0002240; HP:0001251; HP:0001290; HP:0002040; HP:0002084; HP:0033149; HP:0001409; HP:0000639; HP:0000316; HP:0000657; HP:0002617; HP:0002419; HP:0000311; HP:0002910; HP:0001744; HP:0008659; HP:0001347; HP:0000154; HP:0001320; HP:0001162; HP:0006817; HP:0001263; HP:0000090; HP:0000508; HP:0000822; HP:0001438; HP:0000107; HP:0000543; HP:0001257; HP:0001510; HP:0000589; HP:0000486; HP:0001274; HP:0006580; HP:0004719; HP:0005949; HP:0000238; HP:0002612; HP:0000567; HP:0003259; HP:0001249; HP:0032945; HP:0032948; HP:0000083; HP:0000092; HP:0001903; HP:0000729,No,Disease family with fewer than 5 entries,
CILP_0047,Caroli Disease,CD,600643,ORPHA:53035,Orphanet entry (matched by disease name),Primary,Renal-hepatic ciliopathy,PKHD1,Autosomal recessive,Abdomen; Cardiovascular; Growth; Genitourinary; Immune system; Head and neck; Metabolism; Skin,31,HP:0001396; HP:0000952; HP:0001406; HP:0002027; HP:0002908; HP:0003155; HP:0030151; HP:0030948; HP:0000113; HP:0000989; HP:0001081; HP:0001394; HP:0001541; HP:0001744; HP:0001824; HP:0001945; HP:0001974; HP:0002013; HP:0002018; HP:0002039; HP:0002040; HP:0002240; HP:0025143; HP:0031964; HP:0032106; HP:0032545; HP:0001395; HP:0001409; HP:0002613; HP:0030153; HP:0100523,No,Disease family with fewer than 5 entries,
CILP_0048,Carpenter Syndrome,CRPT1,201000,OMIM:201000,OMIM phenotype entry,Primary,Skeletal ciliopathy,RAB23,AR,Abdomen; Eyes; Ears; Cardiovascular; Endocrine; Growth; Genitourinary; Immune system; Head and neck; Limbs; Nervous system; Skeletal; Skin,67,HP:0000286; HP:0007759; HP:0001770; HP:0004322; HP:0004443; HP:0004442; HP:0000482; HP:0004440; HP:0010093; HP:0006397; HP:0002857; HP:0001643; HP:0001841; HP:0001642; HP:0001840; HP:0001249; HP:0009608; HP:0002673; HP:0003241; HP:0004097; HP:0011800; HP:0012385; HP:0000407; HP:0009891; HP:0001537; HP:0000327; HP:0002869; HP:0000648; HP:0001539; HP:0000405; HP:0004209; HP:0002700; HP:0000960; HP:0000248; HP:0000369; HP:0000126; HP:0006349; HP:0004467; HP:0001156; HP:0003298; HP:0010194; HP:0001629; HP:0010275; HP:0001669; HP:0001748; HP:0009843; HP:0000218; HP:0006335; HP:0000377; HP:0002059; HP:0002650; HP:0002970; HP:0001162; HP:0000072; HP:0000470; HP:0000272; HP:0003182; HP:0005280; HP:0007370; HP:0000826; HP:0009473; HP:0000506; HP:0001636; HP:0001631; HP:0000028; HP:0000347; HP:0001513,No,Disease family with fewer than 5 entries,
CILP_0049,Carpenter Syndrome,CRPT2,614976,OMIM:614976,OMIM phenotype entry,Primary,Skeletal ciliopathy,MEGF8,AR,Abdomen; Eyes; Ears; Cardiovascular; Growth; Genitourinary; Head and neck; Limbs; Nervous system; Skeletal; Skin,73,HP:0000286; HP:0001696; HP:0000243; HP:0001651; HP:0001252; HP:0045075; HP:0011220; HP:0000954; HP:0000316; HP:0002812; HP:0001643; HP:0000278; HP:0000358; HP:0002553; HP:0000054; HP:0001263; HP:0011927; HP:0000294; HP:0011800; HP:0010554; HP:0010239; HP:0005180; HP:0100259; HP:0012385; HP:0006380; HP:0100258; HP:0009891; HP:0000407; HP:0001537; HP:0000767; HP:0002705; HP:0000689; HP:0000768; HP:0004209; HP:0009933; HP:0008689; HP:0000369; HP:0000248; HP:0000049; HP:0000582; HP:0000263; HP:0001234; HP:0000189; HP:0000343; HP:0001156; HP:0000463; HP:0002121; HP:0001669; HP:0000579; HP:0000218; HP:0006136; HP:0006610; HP:0000411; HP:0002557; HP:0002558; HP:0000973; HP:0001363; HP:0000670; HP:0000431; HP:0001762; HP:0000475; HP:0031936; HP:0000592; HP:0000470; HP:0005280; HP:0011304; HP:0009110; HP:0007651; HP:0002007; HP:0000465; HP:0001631; HP:0001513; HP:0000028,No,Disease family with fewer than 5 entries,
CILP_0050,Complex Lethal Osteochondrodysplasia,OCLSBG,616897,OMIM:616897,OMIM phenotype entry,Primary,Skeletal ciliopathy,TAPT1,AR,Abdomen; Eyes; Ears; Cardiovascular; Growth; Genitourinary; Head and neck; Limbs; Nervous system; Metabolism; Respiratory; Skeletal,48,HP:0002265; HP:0005257; HP:0001371; HP:0003196; HP:0100333; HP:0031107; HP:0011220; HP:0000316; HP:0000358; HP:0000252; HP:0000054; HP:0000175; HP:0001541; HP:0004331; HP:0001181; HP:0000926; HP:0000047; HP:0000248; HP:0000369; HP:0000126; HP:0005855; HP:0003015; HP:0002202; HP:0002089; HP:0000463; HP:0001195; HP:0003097; HP:0012368; HP:0001629; HP:0000938; HP:0001789; HP:0002119; HP:0000773; HP:0009826; HP:0001561; HP:0000431; HP:0001640; HP:0001321; HP:0000470; HP:0001518; HP:0000506; HP:0001639; HP:0006640; HP:0003978; HP:0001511; HP:0002645; HP:0000465; HP:0000347,No,Disease family with fewer than 5 entries,
CILP_0051,Cone-Rod Dystrophy,CORD2,120970,OMIM:120970,OMIM phenotype entry,Secondary,Retinal ciliopathy,CRX,AD,Eyes,14,HP:0001133; HP:0011509; HP:0007737; HP:0000662; HP:0000551; HP:0012508; HP:0000618; HP:0007663; HP:0007994; HP:0000548; HP:0000603; HP:0007722; HP:0000512; HP:0000533,Yes,,
CILP_0052,Cone-Rod Dystrophy,CORDX3,300476,OMIM:300476,OMIM phenotype entry,Secondary,Retinal ciliopathy,CACNA1F,XLR,Eyes; Nervous system,14,HP:0000483; HP:0000541; HP:0000551; HP:0030825; HP:0000639; HP:0008002; HP:0008323; HP:0000613; HP:0007663; HP:0000505; HP:0000603; HP:0000548; HP:0000543; HP:0000545,Yes,,
CILP_0053,Cone-Rod Dystrophy,CORDX1,304020,OMIM:304020,OMIM phenotype entry,Secondary,Retinal ciliopathy,RPGR,XL,Eyes; Nervous system,10,HP:0007814; HP:0030632; HP:0000662; HP:0000551; HP:0000639; HP:0000613; HP:0007663; HP:0000505; HP:0007722; HP:0000545,Yes,,
CILP_0054,Cone-Rod Dystrophy,CORD5,600977,OMIM:600977,OMIM phenotype entry,Secondary,Retinal ciliopathy,PITPNM3,AD,Eyes; Nervous system,7,HP:0007814; HP:0000551; HP:0000608; HP:0000613; HP:0007663; HP:0000548; HP:0000603,Yes,,
CILP_0055,Cone-Rod Dystrophy,CORD6,601777,OMIM:601777,OMIM phenotype entry,Secondary,Retinal ciliopathy,GUCY2D,AR; AD; AGE_RELATED_ONSET,Eyes; Cardiovascular; Nervous system,13,HP:0007737; HP:0000662; HP:0012047; HP:0000639; HP:0000613; HP:0007663; HP:0007641; HP:0007994; HP:0007675; HP:0000548; HP:0007401; HP:0007843; HP:0000533,Yes,,
CILP_0056,Cone-Rod Dystrophy,CORD14,602093,OMIM:602093,OMIM phenotype entry,Secondary,Retinal ciliopathy,GUCA1A,AD,Eyes; Nervous system,5,HP:0000529; HP:0000613; HP:0007663; HP:0000548; HP:0007401,Yes,,
CILP_0057,Cone-Rod Dystrophy,CORD7,603649,OMIM:603649,OMIM phenotype entry,Secondary,Retinal ciliopathy,RIMS1,AD,Eyes,6,HP:0012045; HP:0000551; HP:0000505; HP:0000548; HP:0007401; HP:0011504,Yes,,
CILP_0058,Cone-Rod Dystrophy,CORD3,604116,OMIM:604116,OMIM phenotype entry,Secondary,Retinal ciliopathy,ABCA4,AR,Eyes; Cardiovascular,10,HP:0000572; HP:0000551; HP:0000580; HP:0011504; HP:0007994; HP:0000548; HP:0000603; HP:0007984; HP:0000543; HP:0007843,Yes,,
CILP_0059,Cone-Rod Dystrophy,CORD13,608194,OMIM:608194,OMIM phenotype entry,Secondary,Retinal ciliopathy,RPGRIP1,AR,Eyes; Cardiovascular; Nervous system,25,HP:0001133; HP:0007737; HP:0031605; HP:0000662; HP:0000540; HP:0032037; HP:0030515; HP:0000639; HP:0032122; HP:0000613; HP:0007663; HP:0007401; HP:0007787; HP:0007688; HP:0007843; HP:0000512; HP:0000551; HP:0001141; HP:0011505; HP:0000529; HP:0000608; HP:0000505; HP:0000548; HP:0000543; HP:0000545,Yes,,
CILP_0060,Cone-Rod Dystrophy,CORD10,610283,OMIM:610283,OMIM phenotype entry,Secondary,Retinal ciliopathy,SEMA4A,AR,Eyes; Cardiovascular; Nervous system,9,HP:0009926; HP:0007737; HP:0000662; HP:0000529; HP:0000608; HP:0000613; HP:0007994; HP:0000510; HP:0007843,Yes,,
CILP_0061,Cone-Rod Dystrophy,CORD11,610381,OMIM:610381,OMIM phenotype entry,Secondary,Retinal ciliopathy,RAX2,AD,Eyes; Nervous system; Skin,7,HP:0007924; HP:0000980; HP:0000608; HP:0000613; HP:0000548; HP:0007401; HP:0011504,Yes,,
CILP_0062,Cone-Rod Dystrophy,CORD12,612657,OMIM:612657,OMIM phenotype entry,Secondary,Retinal ciliopathy,PROM1,AR; AD,Eyes,7,HP:0000662; HP:0000551; HP:0008323; HP:0007663; HP:0000548; HP:0000603; HP:0011504,Yes,,
CILP_0063,Cone-Rod Dystrophy,CORD9,612775,OMIM:612775,OMIM phenotype entry,Secondary,Retinal ciliopathy,ADAM9,AR,Eyes,2,HP:0000505; HP:0000548,Yes,,
CILP_0064,Cone-Rod Dystrophy,CORD4,613093,OMIM:613093,OMIM phenotype entry,Secondary,Retinal ciliopathy,PDE6C,AR,Eyes; Nervous system,8,HP:0000639; HP:0030465; HP:0000613; HP:0007663; HP:0007641; HP:0000505; HP:0000548; HP:0030825,Yes,,
CILP_0065,Cone-Rod Dystrophy,CORD15,613660,OMIM:613660,OMIM phenotype entry,Secondary,Retinal ciliopathy,CDHR1,AR,Eyes; Cardiovascular; Nervous system,8,HP:0001133; HP:0000662; HP:0000551; HP:0000529; HP:0000613; HP:0000510; HP:0007722; HP:0007843,Yes,,Same OMIM entry also curated under Retinitis Pigmentosa (CILP_0303)
CILP_0066,Cone-Rod Dystrophy,CORD16,614500,OMIM:614500,OMIM phenotype entry,Secondary,Retinal ciliopathy,C8orf37,AR,Eyes; Cardiovascular; Limbs; Nervous system; Skeletal,13,HP:0007737; HP:0000662; HP:0025147; HP:0100259; HP:0000529; HP:0000518; HP:0000613; HP:0007663; HP:0000548; HP:0007401; HP:0000543; HP:0000510; HP:0007843,Yes,,Same OMIM entry also curated under Retinitis Pigmentosa (CILP_0320)
CILP_0067,Cone-Rod Dystrophy,CORD18,615374,OMIM:615374,OMIM phenotype entry,Secondary,Retinal ciliopathy,RAB28,AR,Eyes,6,HP:0025010; HP:0008001; HP:0007663; HP:0000603; HP:0011003; HP:0000548,Yes,,
CILP_0068,Cone-Rod Dystrophy,CORD19,615860,OMIM:615860,OMIM phenotype entry,Secondary,Retinal ciliopathy,TTLL5,AR,Eyes,5,HP:0007663; HP:0030629; HP:0000548; HP:0011003; HP:0030844,Yes,,
CILP_0069,Cone-Rod Dystrophy,CORD20,615973,OMIM:615973,OMIM phenotype entry,Secondary,Retinal ciliopathy,POC1B,AR,Eyes,10,HP:0001133; HP:0007737; HP:0000552; HP:0011003; HP:0000639; HP:0007663; HP:0000505; HP:0000548; HP:0000603; HP:0000543,Yes,,
CILP_0070,Cone-Rod Dystrophy,CORD21,616502,OMIM:616502,OMIM phenotype entry,Secondary,Retinal ciliopathy,DRAM2,AR,Eyes; Nervous system,5,HP:0000662; HP:0000613; HP:0007663; HP:0007401; HP:0000556,Yes,,
CILP_0071,Cone-Rod Dystrophy,CORD22,619531,OMIM:619531,OMIM phenotype entry,Secondary,Retinal ciliopathy,TLCD3B,AR,Eyes; Cardiovascular; Nervous system,10,HP:0030631; HP:0025159; HP:0030629; HP:0030825; HP:0011504; HP:0030844; HP:0000613; HP:0007663; HP:0007722; HP:0007843,Yes,,
CILP_0072,Cone-Rod Dystrophy,CORD,,ORPHA:1872,Orphanet entry (matched by disease name),Secondary,Retinal ciliopathy,DYNC2I2,Genetically heterogeneous,Eyes; Cardiovascular; Nervous system,15,HP:0000613; HP:0000662; HP:0007703; HP:0000529; HP:0000543; HP:0000551; HP:0000603; HP:0001105; HP:0007641; HP:0007737; HP:0007843; HP:0030466; HP:0000505; HP:0000639; HP:0012508,Yes,,
CILP_0073,Congenital Heart Disease,HDCA,600001,OMIM:600001,OMIM phenotype entry,Secondary,Atypical / secondary ciliopathy,GATA6,AD,Abdomen; Cardiovascular; Endocrine; Growth; Genitourinary; Head and neck; Nervous system; Metabolism; Respiratory; Skeletal,35,HP:0000023; HP:0004388; HP:0001250; HP:0001195; HP:0003076; HP:0011611; HP:0003074; HP:0031369; HP:0000819; HP:0011581; HP:0001508; HP:0001629; HP:0011682; HP:0001669; HP:0001643; HP:0001642; HP:0000776; HP:0004415; HP:0000891; HP:0000252; HP:0001660; HP:0011629; HP:0000073; HP:0002594; HP:0001263; HP:0011467; HP:0011573; HP:0009112; HP:0001636; HP:0001537; HP:0001511; HP:0001631; HP:0005912; HP:0002566; HP:0001655,No,Disease family with fewer than 5 entries,
CILP_0074,Cornelia de Lange Syndrome,CDLS1,122470,OMIM:122470,OMIM phenotype entry,Secondary,Atypical / secondary ciliopathy,NIPBL,SPORADIC; AD,Abdomen; Eyes; Ears; Cardiovascular; Growth; Genitourinary; Immune system; Head and neck; Limbs; Nervous system; Metabolism; Respiratory; Skeletal; Skin,125,HP:0000483; HP:0002023; HP:0000365; HP:0000486; HP:0000089; HP:0004322; HP:0002021; HP:0000086; HP:0000482; HP:0003196; HP:0002020; HP:0000085; HP:0000639; HP:0008897; HP:0009623; HP:0000879; HP:0002036; HP:0002553; HP:0000252; HP:0002033; HP:0004691; HP:0000093; HP:0003083; HP:0000407; HP:0000527; HP:0000648; HP:0004209; HP:0000405; HP:0005815; HP:0007678; HP:0000520; HP:0000248; HP:0000369; HP:0001612; HP:0000126; HP:0003997; HP:0001276; HP:0000341; HP:0000343; HP:0004785; HP:0000463; HP:0001156; HP:0002120; HP:0004383; HP:0001270; HP:0000739; HP:0011120; HP:0000733; HP:0000219; HP:0030084; HP:0007665; HP:0000218; HP:0000455; HP:0000059; HP:0001545; HP:0000076; HP:0000750; HP:0009829; HP:0000470; HP:0002090; HP:0012165; HP:0000508; HP:0000107; HP:0008743; HP:0100716; HP:0001159; HP:0007018; HP:0000347; HP:0000588; HP:0002983; HP:0001770; HP:0002188; HP:0000684; HP:0001377; HP:0001773; HP:0001250; HP:0001252; HP:0410030; HP:0009380; HP:0031228; HP:0000319; HP:0000718; HP:0001647; HP:0000954; HP:0001643; HP:0001642; HP:0001007; HP:0001249; HP:0000175; HP:0000453; HP:0030148; HP:0000574; HP:0002750; HP:0011968; HP:0000050; HP:0001263; HP:0000294; HP:0012385; HP:0000729; HP:0000965; HP:0002987; HP:0000047; HP:0000204; HP:0002984; HP:0001655; HP:0000687; HP:0000023; HP:0002162; HP:0001629; HP:0002714; HP:0002557; HP:0000776; HP:0001640; HP:0005565; HP:0005280; HP:0010066; HP:0001636; HP:0001511; HP:0200055; HP:0000664; HP:0001631; HP:0000388; HP:0001873; HP:0000028; HP:0000545,Yes,,
CILP_0075,Cornelia de Lange Syndrome,CDLS2,300590,OMIM:300590,OMIM phenotype entry,Secondary,Atypical / secondary ciliopathy,SMC1A,XLD; XLR,Abdomen; Eyes; Cardiovascular; Growth; Head and neck; Limbs; Nervous system; Skeletal; Skin,37,HP:0000341; HP:0002465; HP:0001773; HP:0004322; HP:0000463; HP:0001156; HP:0001250; HP:0002020; HP:0100543; HP:0000319; HP:0000219; HP:0002119; HP:0009623; HP:0008897; HP:0002714; HP:0000218; HP:0030084; HP:0001249; HP:0001007; HP:0002996; HP:0002553; HP:0000252; HP:0000494; HP:0000574; HP:0001263; HP:0000470; HP:0000294; HP:0001639; HP:0000508; HP:0000426; HP:0000965; HP:0000527; HP:0001511; HP:0000664; HP:0200055; HP:0000248; HP:0000347,Yes,,
CILP_0076,Cornelia de Lange Syndrome,CDLS5,300882,OMIM:300882,OMIM phenotype entry,Secondary,Atypical / secondary ciliopathy,HDAC8,XL; XLD,Abdomen; Eyes; Ears; Cardiovascular; Endocrine; Growth; Genitourinary; Head and neck; Limbs; Nervous system; Skeletal; Skin,50,HP:0001770; HP:0001773; HP:0001377; HP:0000365; HP:0004322; HP:0001250; HP:0002020; HP:0001290; HP:0000316; HP:0009623; HP:0008897; HP:0008734; HP:0000278; HP:0001007; HP:0001249; HP:0002553; HP:0000175; HP:0000054; HP:0000252; HP:0003764; HP:0000490; HP:0001263; HP:0000294; HP:0000965; HP:0000527; HP:0004209; HP:0000248; HP:0000687; HP:0000343; HP:0000463; HP:0040082; HP:0008872; HP:0002119; HP:0002714; HP:0000218; HP:0000455; HP:0000135; HP:0000233; HP:0000470; HP:0005280; HP:0000708; HP:0000506; HP:0000508; HP:0000426; HP:0001956; HP:0000664; HP:0200055; HP:0000347; HP:0000545; HP:0000028,Yes,,
CILP_0077,Cornelia de Lange Syndrome,CDLS3,610759,OMIM:610759,OMIM phenotype entry,Secondary,Atypical / secondary ciliopathy,SMC3,AD,Abdomen; Eyes; Ears; Cardiovascular; Growth; Genitourinary; Head and neck; Limbs; Nervous system; Skeletal; Skin,80,HP:0000286; HP:0002465; HP:0001770; HP:0000365; HP:0001773; HP:0004322; HP:0001052; HP:0001250; HP:0002020; HP:0010047; HP:0000319; HP:0001647; HP:0000954; HP:0009623; HP:0001643; HP:0001642; HP:0000278; HP:0001007; HP:0001249; HP:0000358; HP:0002553; HP:0000175; HP:0030820; HP:0000252; HP:0000574; HP:0000331; HP:0011968; HP:0001263; HP:0000691; HP:0000294; HP:0004691; HP:0002194; HP:0010750; HP:0010044; HP:0011451; HP:0000965; HP:0000527; HP:0004209; HP:0000248; HP:0000369; HP:0000324; HP:0001655; HP:0000687; HP:0000341; HP:0001476; HP:0000343; HP:0000463; HP:0001156; HP:0012368; HP:0012210; HP:0100543; HP:0001508; HP:0001629; HP:0000414; HP:0008872; HP:0000579; HP:0000219; HP:0007665; HP:0002714; HP:0000218; HP:0000455; HP:0002996; HP:0000233; HP:0000072; HP:0005484; HP:0000470; HP:0005280; HP:0100874; HP:0011230; HP:0000508; HP:0000426; HP:0009237; HP:0002007; HP:0001357; HP:0200055; HP:0000664; HP:0001631; HP:0000028; HP:0000347; HP:0000545,Yes,,
CILP_0078,Cornelia de Lange Syndrome,CDLS4,614701,OMIM:614701,OMIM phenotype entry,Secondary,Atypical / secondary ciliopathy,RAD21,AD,Abdomen; Eyes; Ears; Cardiovascular; Growth; Head and neck; Limbs; Nervous system; Skeletal; Skin,45,HP:0000220; HP:0000582; HP:0000343; HP:0001156; HP:0004322; HP:0000463; HP:0000381; HP:0001250; HP:0003196; HP:0002020; HP:0033785; HP:0012368; HP:0100864; HP:0000319; HP:0002937; HP:0000954; HP:0000316; HP:0006870; HP:0000219; HP:0002812; HP:0002119; HP:0002678; HP:0001488; HP:0002974; HP:0002553; HP:0000176; HP:0000175; HP:0000252; HP:0000574; HP:0000431; HP:0000233; HP:0001263; HP:0004691; HP:0100777; HP:0000965; HP:0001636; HP:0000601; HP:0004209; HP:0000768; HP:0001159; HP:0000664; HP:0008428; HP:0002566; HP:0000248; HP:0000369,Yes,,
CILP_0079,Cornelia de Lange Syndrome,,,ORPHA:199,Orphanet entry (matched by disease name),Secondary,Atypical / secondary ciliopathy,ANKRD11,Needs curation,Abdomen; Eyes; Ears; Cardiovascular; Endocrine; Growth; Genitourinary; Immune system; Head and neck; Limbs; Nervous system; Metabolism; Skeletal; Skin,100,HP:0000218; HP:0000233; HP:0000248; HP:0000252; HP:0000294; HP:0000343; HP:0000347; HP:0000413; HP:0000463; HP:0000470; HP:0000527; HP:0000574; HP:0000664; HP:0000684; HP:0000687; HP:0001249; HP:0001276; HP:0001770; HP:0001773; HP:0002020; HP:0002162; HP:0002230; HP:0002553; HP:0002714; HP:0002750; HP:0002983; HP:0003196; HP:0004322; HP:0005280; HP:0007665; HP:0009623; HP:0010034; HP:0010300; HP:0010864; HP:0200055; HP:0000003; HP:0000028; HP:0000047; HP:0000059; HP:0000076; HP:0000405; HP:0000407; HP:0000482; HP:0000498; HP:0000508; HP:0000545; HP:0000667; HP:0000722; HP:0000739; HP:0000965; HP:0001387; HP:0001508; HP:0001511; HP:0001622; HP:0002167; HP:0002360; HP:0002557; HP:0002974; HP:0003042; HP:0004209; HP:0007018; HP:0007598; HP:0008736; HP:0008850; HP:0008872; HP:0000083; HP:0000130; HP:0000175; HP:0000400; HP:0000453; HP:0000486; HP:0000501; HP:0000518; HP:0000639; HP:0000717; HP:0000767; HP:0000776; HP:0000786; HP:0000823; HP:0001250; HP:0001252; HP:0001385; HP:0001557; HP:0001629; HP:0001631; HP:0001883; HP:0001956; HP:0002021; HP:0002119; HP:0002120; HP:0002566; HP:0002580; HP:0002827; HP:0007360; HP:0009830; HP:0010880; HP:0012165; HP:0030680; HP:0040071; HP:0000358,Yes,,
CILP_0080,Cornelia de Lange Syndrome,,,ORPHA:199,Orphanet entry (matched by disease name),Secondary,Atypical / secondary ciliopathy,BRD4,Needs curation,Abdomen; Eyes; Ears; Cardiovascular; Endocrine; Growth; Genitourinary; Immune system; Head and neck; Limbs; Nervous system; Metabolism; Skeletal; Skin,100,HP:0000218; HP:0000233; HP:0000248; HP:0000252; HP:0000294; HP:0000343; HP:0000347; HP:0000413; HP:0000463; HP:0000470; HP:0000527; HP:0000574; HP:0000664; HP:0000684; HP:0000687; HP:0001249; HP:0001276; HP:0001770; HP:0001773; HP:0002020; HP:0002162; HP:0002230; HP:0002553; HP:0002714; HP:0002750; HP:0002983; HP:0003196; HP:0004322; HP:0005280; HP:0007665; HP:0009623; HP:0010034; HP:0010300; HP:0010864; HP:0200055; HP:0000003; HP:0000028; HP:0000047; HP:0000059; HP:0000076; HP:0000405; HP:0000407; HP:0000482; HP:0000498; HP:0000508; HP:0000545; HP:0000667; HP:0000722; HP:0000739; HP:0000965; HP:0001387; HP:0001508; HP:0001511; HP:0001622; HP:0002167; HP:0002360; HP:0002557; HP:0002974; HP:0003042; HP:0004209; HP:0007018; HP:0007598; HP:0008736; HP:0008850; HP:0008872; HP:0000083; HP:0000130; HP:0000175; HP:0000400; HP:0000453; HP:0000486; HP:0000501; HP:0000518; HP:0000639; HP:0000717; HP:0000767; HP:0000776; HP:0000786; HP:0000823; HP:0001250; HP:0001252; HP:0001385; HP:0001557; HP:0001629; HP:0001631; HP:0001883; HP:0001956; HP:0002021; HP:0002119; HP:0002120; HP:0002566; HP:0002580; HP:0002827; HP:0007360; HP:0009830; HP:0010880; HP:0012165; HP:0030680; HP:0040071; HP:0000358,No,"Exact duplicate of CILP_0079 (identical features, same family)",
CILP_0081,Cranioectodermal Dysplasia,CED1,218330,OMIM:218330,OMIM phenotype entry,Primary,Skeletal ciliopathy,IFT122,AR,Abdomen; Eyes; Ears; Cardiovascular; Growth; Genitourinary; Immune system; Head and neck; Limbs; Nervous system; Metabolism; Respiratory; Skeletal; Skin,65,HP:0000286; HP:0003038; HP:0001970; HP:0004442; HP:0003071; HP:0012622; HP:0012623; HP:0000639; HP:0000954; HP:0001647; HP:0009466; HP:0001407; HP:0002217; HP:0000674; HP:0000556; HP:0001249; HP:0001382; HP:0000293; HP:0000691; HP:0001816; HP:0000968; HP:0000767; HP:0000601; HP:0002705; HP:0001538; HP:0002901; HP:0000369; HP:0000687; HP:0003774; HP:0030799; HP:0008905; HP:0001399; HP:0000023; HP:0001156; HP:0000463; HP:0001395; HP:0005792; HP:0002240; HP:0010306; HP:0032612; HP:0008070; HP:0000939; HP:0009880; HP:0009882; HP:0006297; HP:0000218; HP:0030084; HP:0000411; HP:0000774; HP:0000773; HP:0005567; HP:0002213; HP:0000431; HP:0000232; HP:0000506; HP:0001837; HP:0000668; HP:0006563; HP:0000348; HP:0002205; HP:0002007; HP:0000268; HP:0001799; HP:0000545; HP:0001831,Yes,,
CILP_0082,Cranioectodermal Dysplasia,CED2,613610,OMIM:613610,OMIM phenotype entry,Primary,Skeletal ciliopathy,WDR35,AR,Abdomen; Eyes; Ears; Cardiovascular; Growth; Genitourinary; Immune system; Head and neck; Limbs; Nervous system; Metabolism; Respiratory; Skeletal; Skin,78,HP:0000286; HP:0000486; HP:0004322; HP:0000083; HP:0010442; HP:0045075; HP:0000639; HP:0001408; HP:0000319; HP:0000316; HP:0007687; HP:0001643; HP:0002613; HP:0000476; HP:0000278; HP:0001249; HP:0020206; HP:0000175; HP:0000293; HP:0001382; HP:0001263; HP:0000691; HP:0011800; HP:0006580; HP:0000968; HP:0002904; HP:0011330; HP:0000888; HP:0000767; HP:0030151; HP:0000289; HP:0000369; HP:0001655; HP:0000687; HP:0011090; HP:0000341; HP:0001396; HP:0000582; HP:0008905; HP:0001156; HP:0000023; HP:0000540; HP:0000581; HP:0002240; HP:0008070; HP:0001789; HP:0001748; HP:0030084; HP:0000218; HP:0006532; HP:0000774; HP:0000653; HP:0002910; HP:0000773; HP:0000256; HP:0002676; HP:0001744; HP:0000973; HP:0001363; HP:0003027; HP:0001561; HP:0000431; HP:0000232; HP:0001162; HP:0000470; HP:0045025; HP:0005280; HP:0000506; HP:0000822; HP:0000107; HP:0000348; HP:0001712; HP:0000268; HP:0002007; HP:0001357; HP:0001159; HP:0001631; HP:0000347,Yes,,
CILP_0083,Cranioectodermal Dysplasia,CED3,614099,OMIM:614099,OMIM phenotype entry,Primary,Skeletal ciliopathy,IFT43,AR,Abdomen; Cardiovascular; Growth; Genitourinary; Head and neck; Limbs; Respiratory; Skeletal; Skin,30,HP:0030799; HP:0003774; HP:0008905; HP:0001156; HP:0004322; HP:0004442; HP:0001394; HP:0008070; HP:0000958; HP:0000774; HP:0000256; HP:0001821; HP:0000973; HP:0002213; HP:0000232; HP:0010714; HP:0001382; HP:0004691; HP:0000090; HP:0100259; HP:0000968; HP:0000506; HP:0004969; HP:0000268; HP:0002007; HP:0001852; HP:0000685; HP:0000347; HP:0001799; HP:0000687,Yes,,
CILP_0084,Cranioectodermal Dysplasia,CED4,614378,OMIM:614378,OMIM phenotype entry,Primary,Skeletal ciliopathy,WDR19,AR,Eyes; Ears; Growth; Genitourinary; Immune system; Head and neck; Limbs; Nervous system; Respiratory; Skeletal; Skin,31,HP:0003774; HP:0000286; HP:0000662; HP:0000540; HP:0004322; HP:0000463; HP:0004442; HP:0001805; HP:0000319; HP:0010174; HP:0009882; HP:0000679; HP:6001070; HP:0006532; HP:0005528; HP:0000774; HP:0000411; HP:0000510; HP:0000973; HP:0001385; HP:0000233; HP:0000293; HP:0001382; HP:0033036; HP:0010554; HP:0008081; HP:0000767; HP:0000505; HP:0001319; HP:0002007; HP:0009836,Yes,,
CILP_0085,Cranioectodermal Dysplasia,,,OMIM:218330; ORPHA:1515,Orphanet entry (matched by disease name),Primary,Skeletal ciliopathy,IFT140; IFT52,AR,Abdomen; Eyes; Ears; Cardiovascular; Growth; Genitourinary; Immune system; Head and neck; Limbs; Nervous system; Metabolism; Respiratory; Skeletal; Skin,77,HP:0000286; HP:0003038; HP:0001970; HP:0004442; HP:0003071; HP:0012622; HP:0012623; HP:0000639; HP:0000954; HP:0001647; HP:0009466; HP:0001407; HP:0002217; HP:0000674; HP:0000556; HP:0001249; HP:0001382; HP:0000293; HP:0000691; HP:0001816; HP:0000968; HP:0000767; HP:0000601; HP:0002705; HP:0001538; HP:0002901; HP:0000369; HP:0000687; HP:0003774; HP:0030799; HP:0008905; HP:0001399; HP:0000023; HP:0001156; HP:0000463; HP:0001395; HP:0005792; HP:0002240; HP:0010306; HP:0032612; HP:0008070; HP:0000939; HP:0009880; HP:0009882; HP:0006297; HP:0000218; HP:0030084; HP:0000411; HP:0000774; HP:0000773; HP:0005567; HP:0002213; HP:0000431; HP:0000232; HP:0000506; HP:0001837; HP:0000668; HP:0006563; HP:0000348; HP:0002205; HP:0002007; HP:0000268; HP:0001799; HP:0000545; HP:0001831; HP:0001363; HP:0006101; HP:0000679; HP:0000682; HP:0004209; HP:0008499; HP:0000164; HP:0000269; HP:0000940; HP:0000944; HP:0001231; HP:0008388,Yes,,
CILP_0086,Ellis-van Creveld Syndrome,EVC,225500,OMIM:225500,OMIM phenotype entry,Primary,Skeletal ciliopathy,EVC; EVC2,AR,Cardiovascular; Growth; Genitourinary; Head and neck; Limbs; Nervous system; Skeletal; Skin,29,HP:0000684; HP:0002164; HP:0008873; HP:0001305; HP:0006035; HP:0002857; HP:0006477; HP:0000774; HP:0000773; HP:0000039; HP:0001249; HP:0003026; HP:0000695; HP:0001762; HP:0001162; HP:0001241; HP:0011565; HP:0010454; HP:0000968; HP:0000668; HP:0000888; HP:0000768; HP:0008921; HP:0001830; HP:0000047; HP:0001631; HP:0002866; HP:0000028; HP:0000204,No,Disease family with fewer than 5 entries,
CILP_0087,Greig Cephalopolysyndactyly Syndrome,GCPS,175700,OMIM:175700,OMIM phenotype entry,Primary,Skeletal ciliopathy,GLI3,AD,Abdomen; Eyes; Cardiovascular; Genitourinary; Head and neck; Limbs; Nervous system; Metabolism; Skeletal; Skin,51,HP:0011939; HP:0001177; HP:0002023; HP:0001256; HP:0000563; HP:0000243; HP:0001250; HP:0003074; HP:0010567; HP:0010055; HP:0000316; HP:0000238; HP:0001841; HP:0001007; HP:0000494; HP:0002079; HP:0001263; HP:0011330; HP:0001537; HP:0001459; HP:0001539; HP:0005616; HP:0000047; HP:0004303; HP:0030799; HP:0002683; HP:0001156; HP:0000023; HP:0002164; HP:0001274; HP:0001627; HP:0002119; HP:0000256; HP:0001363; HP:0000750; HP:0000431; HP:0001321; HP:0001162; HP:0000270; HP:0010059; HP:0011304; HP:0009473; HP:0006042; HP:0000348; HP:0001836; HP:0000268; HP:0002007; HP:0001830; HP:0001159; HP:0001631; HP:0000028,No,Disease family with fewer than 5 entries,
CILP_0088,Holoprosencephaly,HPE3,142945,OMIM:142945,OMIM phenotype entry,Secondary,Neurodevelopmental ciliopathy,SHH,INCOMPLETE_PENETRANCE; AD,Eyes; Endocrine; Genitourinary; Head and neck; Nervous system; Skeletal,21,HP:0009914; HP:0000252; HP:0000175; HP:0001360; HP:0000193; HP:0002000; HP:0012806; HP:0001263; HP:0000272; HP:0011800; HP:0410030; HP:0005280; HP:0000601; HP:0002119; HP:0000366; HP:0000520; HP:0009932; HP:0006315; HP:0001249; HP:0000126; HP:0000863,Yes,,
CILP_0089,Holoprosencephaly,HPE4,142946,OMIM:142946,OMIM phenotype entry,Secondary,Neurodevelopmental ciliopathy,TGIF1,AD,Eyes; Endocrine; Head and neck; Nervous system; Skeletal,15,HP:0000252; HP:0001332; HP:0000161; HP:0001250; HP:0005273; HP:0010757; HP:0005280; HP:0009099; HP:0000508; HP:0000437; HP:0006870; HP:0000601; HP:0002507; HP:0000873; HP:0020128,Yes,,
CILP_0090,Holoprosencephaly,HPE2,157170,OMIM:157170,OMIM phenotype entry,Secondary,Neurodevelopmental ciliopathy,SIX3,INCOMPLETE_PENETRANCE; SPORADIC; AD,Abdomen; Eyes; Cardiovascular; Endocrine; Head and neck; Nervous system; Skeletal,37,HP:0006988; HP:0009914; HP:0010626; HP:0001750; HP:0001250; HP:0000161; HP:0001274; HP:0001252; HP:0012806; HP:0001290; HP:0005273; HP:0010941; HP:0000612; HP:0000835; HP:0000873; HP:0002019; HP:0001249; HP:0006315; HP:0000176; HP:0000252; HP:0007968; HP:0002650; HP:0001321; HP:0001360; HP:0000193; HP:0001263; HP:0000272; HP:0011800; HP:0010757; HP:0100336; HP:0100337; HP:0009099; HP:0000601; HP:0000568; HP:0002507; HP:0000520; HP:0000567,Yes,,
CILP_0091,Holoprosencephaly,HPE13,301043,OMIM:301043,OMIM phenotype entry,Secondary,Neurodevelopmental ciliopathy,STAG2,XLR,Abdomen; Eyes; Ears; Cardiovascular; Head and neck; Nervous system; Skeletal,31,HP:0006988; HP:0009914; HP:0000365; HP:0000161; HP:0001250; HP:0001274; HP:0002020; HP:0004383; HP:0100842; HP:0001629; HP:0008551; HP:0001643; HP:0001249; HP:0006315; HP:0000176; HP:0000175; HP:0000252; HP:0030048; HP:0009927; HP:0001263; HP:0000609; HP:0009099; HP:0001719; HP:0002507; HP:0008467; HP:0003316; HP:0000347; HP:0000369; HP:0008428; HP:0002247; HP:0001655,Yes,,
CILP_0092,Holoprosencephaly,HPE5,609637,OMIM:609637,OMIM phenotype entry,Secondary,Neurodevelopmental ciliopathy,ZIC2,AD,Eyes; Ears; Endocrine; Head and neck; Nervous system; Skeletal; Skin,34,HP:0006988; HP:0000341; HP:0000340; HP:0000582; HP:0000463; HP:0002002; HP:0000243; HP:0001272; HP:0001250; HP:0100702; HP:0000316; HP:0006870; HP:0000337; HP:0000238; HP:0002119; HP:0000218; HP:0001249; HP:0001347; HP:0032549; HP:0006956; HP:0000252; HP:0025670; HP:0001360; HP:0001263; HP:0005280; HP:0012385; HP:0000348; HP:0000601; HP:0002507; HP:0000400; HP:0000202; HP:0000664; HP:0000520; HP:0000863,Yes,,
CILP_0093,Holoprosencephaly,HPE7,610828,OMIM:610828,OMIM phenotype entry,Secondary,Neurodevelopmental ciliopathy,PTCH1,INCOMPLETE_PENETRANCE; AD,Abdomen; Eyes; Ears; Endocrine; Head and neck; Nervous system; Skeletal; Skin,50,HP:0006988; HP:0000242; HP:0010649; HP:0000161; HP:0001250; HP:0004122; HP:0003196; HP:0000283; HP:0100333; HP:0010650; HP:0000437; HP:0000316; HP:0006870; HP:0000238; HP:0006315; HP:0005469; HP:0000175; HP:0000252; HP:0005104; HP:0011803; HP:0001263; HP:0011800; HP:0100336; HP:0100337; HP:0100334; HP:0009099; HP:0009891; HP:0000601; HP:0000568; HP:0001338; HP:0002507; HP:0001539; HP:0007633; HP:0000400; HP:0000582; HP:0002365; HP:0001274; HP:0005273; HP:0010664; HP:0012368; HP:0000612; HP:0002436; HP:0000256; HP:0000871; HP:0000431; HP:0001360; HP:0002007; HP:0000664; HP:0000267; HP:0000586,Yes,,
CILP_0094,Holoprosencephaly,HPE9,610829,OMIM:610829,OMIM phenotype entry,Secondary,Neurodevelopmental ciliopathy,GLI2,INCOMPLETE_PENETRANCE; SPORADIC; AD,Eyes; Ears; Endocrine; Growth; Genitourinary; Head and neck; Limbs; Nervous system; Skeletal; Skin,56,HP:0006988; HP:0000286; HP:0004322; HP:0001250; HP:0003196; HP:0001092; HP:0033725; HP:0010650; HP:0011220; HP:0000238; HP:0010290; HP:0002536; HP:0000358; HP:0006315; HP:0000175; HP:0000252; HP:0000054; HP:0000453; HP:0001263; HP:0011800; HP:0100336; HP:0100337; HP:0000609; HP:0000528; HP:0000327; HP:0000689; HP:0000601; HP:0000568; HP:0001338; HP:0000400; HP:0000322; HP:0009932; HP:0000204; HP:0000324; HP:0000384; HP:0010627; HP:0010626; HP:0000260; HP:0010864; HP:0002714; HP:0000455; HP:0002436; HP:0000179; HP:0000395; HP:0000871; HP:0001360; HP:0001162; HP:0000272; HP:0000470; HP:0005280; HP:0100960; HP:0011272; HP:0000508; HP:0006485; HP:0000824; HP:0000028,Yes,,
CILP_0095,Holoprosencephaly,HPE11,614226,OMIM:614226,OMIM phenotype entry,Secondary,Neurodevelopmental ciliopathy,CDON,SPORADIC; AD,Abdomen; Eyes; Cardiovascular; Immune system; Head and neck; Nervous system; Skeletal; Skin,11,HP:0000252; HP:0000175; HP:0000574; HP:0001360; HP:0001274; HP:0001263; HP:0410030; HP:0000601; HP:0001748; HP:0000664; HP:0000520,Yes,,
CILP_0096,Holoprosencephaly,HPE12,618500,OMIM:618500,OMIM phenotype entry,Secondary,Neurodevelopmental ciliopathy,CNOT1,AD,Abdomen; Eyes; Ears; Endocrine; Growth; Head and neck; Limbs; Nervous system; Metabolism; Skeletal,35,HP:0001331; HP:0000286; HP:0000340; HP:0001234; HP:0000343; HP:0002384; HP:0001250; HP:0001274; HP:0001290; HP:0010669; HP:0100651; HP:0031964; HP:0008551; HP:0100801; HP:0006870; HP:0000218; HP:0000873; HP:0001324; HP:0000252; HP:0002079; HP:0001263; HP:0011467; HP:0030948; HP:0005280; HP:0001738; HP:0000407; HP:0001518; HP:0000601; HP:0002507; HP:0000405; HP:0001511; HP:0001510; HP:0001257; HP:0000369; HP:0000269,Yes,,
CILP_0097,Hydrolethalus Syndrome,HLS1,236680,OMIM:236680,OMIM phenotype entry,Primary,Neurodevelopmental ciliopathy,HYLS1,AR,Abdomen; Eyes; Ears; Cardiovascular; Endocrine; Growth; Genitourinary; Immune system; Head and neck; Limbs; Nervous system; Respiratory; Skeletal,39,HP:0001331; HP:0008749; HP:0001177; HP:0000142; HP:0002323; HP:0001674; HP:0002101; HP:0000161; HP:0004122; HP:0001274; HP:0002282; HP:0001629; HP:0001305; HP:0001747; HP:0002139; HP:0006379; HP:0002777; HP:0000136; HP:0002536; HP:0000377; HP:0008216; HP:0009824; HP:0000175; HP:0001561; HP:0000475; HP:0001762; HP:0011803; HP:0001162; HP:0010066; HP:0009752; HP:0000568; HP:0006882; HP:0001539; HP:0001511; HP:0008986; HP:0000047; HP:0000369; HP:0000347; HP:0000126,No,Disease family with fewer than 5 entries,
CILP_0098,Hydrolethalus Syndrome,HLS2,614120,OMIM:614120,OMIM phenotype entry,Primary,Neurodevelopmental ciliopathy,KIF7,AR,Head and neck; Limbs; Nervous system; Skeletal,10,HP:0000175; HP:0002323; HP:0001162; HP:0001274; HP:0000238; HP:0002419; HP:0002119; HP:0001830; HP:0001841; HP:0000347,No,Disease family with fewer than 5 entries,
CILP_0099,Infantile Polycystic Kidney Disease,PKD,,OMIM:263200; OMIM:600273; OMIM:600666; OMIM:613095; OMIM:617610; OMIM:618061; OMIM:620056; OMIM:620903; OMIM:621164; ORPHA:730; ORPHA:731,Family-level record (combined OMIM and Orphanet entries),Primary,Renal-hepatic ciliopathy,HNF1B,INCOMPLETE_PENETRANCE; AD; AR,Abdomen; Ears; Cardiovascular; Endocrine; Growth; Genitourinary; Immune system; Head and neck; Limbs; Nervous system; Metabolism; Respiratory; Skeletal; Skin,107,HP:0003774; HP:0000010; HP:0001696; HP:0001651; HP:0003155; HP:0000083; HP:0005562; HP:0002240; HP:0011800; HP:0030948; HP:0006254; HP:0000822; HP:0001407; HP:0002900; HP:0000113; HP:0003259; HP:0000952; HP:0000324; HP:0012213; HP:0001997; HP:0001410; HP:0004944; HP:0009717; HP:0006772; HP:0000023; HP:0000074; HP:0012624; HP:0012625; HP:0000093; HP:0012626; HP:0033261; HP:0000003; HP:0000787; HP:0001634; HP:0002089; HP:0005576; HP:0001395; HP:0002040; HP:0001409; HP:0004719; HP:0001944; HP:0001405; HP:0001744; HP:0008659; HP:0001562; HP:0005564; HP:0000107; HP:0001737; HP:0002009; HP:0000105; HP:0002248; HP:0004322; HP:0000097; HP:0000090; HP:0001959; HP:0001712; HP:0000103; HP:0012585; HP:0032948; HP:0005565; HP:0001433; HP:0001396; HP:0001510; HP:0001971; HP:0002612; HP:0002630; HP:0002878; HP:0002902; HP:0004905; HP:0006560; HP:0011040; HP:0011892; HP:0011968; HP:0012202; HP:0100512; HP:0100513; HP:0001541; HP:0001873; HP:0001919; HP:0002239; HP:0002243; HP:0002791; HP:0002884; HP:0006532; HP:0030151; HP:0100520; HP:0000347; HP:0000369; HP:0000457; HP:0002108; HP:0030153; HP:0040064; HP:0100543; HP:0000790; HP:0012591; HP:0012592; HP:0012622; HP:0030157; HP:0000791; HP:0002616; HP:0006557; HP:0008672; HP:0011004; HP:0012207; HP:0012330; HP:0100702; HP:0011760,No,Disease family with fewer than 5 entries,
CILP_0100,Joubert Syndrome,JBTS12,200990,OMIM:200990,OMIM phenotype entry,Primary,Neurodevelopmental ciliopathy,KIF7,AR,Abdomen; Eyes; Ears; Cardiovascular; Growth; Genitourinary; Head and neck; Limbs; Nervous system; Skeletal; Skin,81,HP:0001177; HP:0000286; HP:0001770; HP:0000486; HP:0000365; HP:0010803; HP:0002023; HP:0001250; HP:0002263; HP:0010808; HP:0000160; HP:0003196; HP:0001252; HP:0001290; HP:0010291; HP:0000639; HP:0000319; HP:0012471; HP:0011220; HP:0000316; HP:0008897; HP:0009942; HP:0001841; HP:0000358; HP:0001249; HP:0000054; HP:0000494; HP:0000175; HP:0005148; HP:0001182; HP:0001537; HP:0006101; HP:0000648; HP:0000207; HP:0004209; HP:0009611; HP:0000322; HP:0000047; HP:0000685; HP:0000369; HP:0000204; HP:0000143; HP:0000384; HP:0006329; HP:0001671; HP:0000343; HP:0000023; HP:0001156; HP:0000260; HP:0001274; HP:0010864; HP:0001508; HP:0000337; HP:0030680; HP:0000218; HP:0002714; HP:0006335; HP:0000256; HP:0000212; HP:0000377; HP:0000154; HP:0000431; HP:0000233; HP:0001641; HP:0001162; HP:0000194; HP:0003781; HP:0000193; HP:0000190; HP:0010576; HP:0007370; HP:0000308; HP:0010066; HP:0007894; HP:0001830; HP:0002007; HP:0001510; HP:0000303; HP:0000028; HP:0000589; HP:0000269,Yes,,
CILP_0101,Joubert Syndrome,JBTS1,213300,OMIM:213300,OMIM phenotype entry,Primary,Neurodevelopmental ciliopathy,INPP5E,AR,Abdomen; Eyes; Ears; Genitourinary; Head and neck; Limbs; Nervous system; Respiratory; Skeletal; Skin,53,HP:0000286; HP:0002421; HP:0000486; HP:0010808; HP:0001252; HP:0001251; HP:0001290; HP:0011933; HP:0000718; HP:0011220; HP:0002419; HP:0025336; HP:0000752; HP:0000158; HP:0002335; HP:0001249; HP:0000556; HP:0002553; HP:0000252; HP:0002871; HP:0000570; HP:0002195; HP:0001263; HP:0002790; HP:0007271; HP:0002508; HP:0000567; HP:0000369; HP:0000463; HP:0002365; HP:0001395; HP:0010828; HP:0000617; HP:0000657; HP:0030084; HP:0002876; HP:0000256; HP:0001320; HP:0000750; HP:0000112; HP:0031936; HP:0001162; HP:0100951; HP:0000508; HP:0007772; HP:0000107; HP:0007973; HP:0000543; HP:0001357; HP:0001830; HP:0000588; HP:0000742; HP:0200096,Yes,,
CILP_0102,Joubert Syndrome,JBTS10,300804,OMIM:300804,OMIM phenotype entry,Primary,Neurodevelopmental ciliopathy,OFD1,XLR,Abdomen; Eyes; Ears; Growth; Immune system; Head and neck; Limbs; Nervous system; Metabolism; Skeletal; Skin,36,HP:0000286; HP:0004325; HP:0004322; HP:0001310; HP:0002002; HP:0001156; HP:0002187; HP:0001252; HP:0001270; HP:0002280; HP:0025161; HP:0010864; HP:0002719; HP:0012471; HP:0002419; HP:0008872; HP:0000510; HP:0000256; HP:0001007; HP:0001320; HP:0001561; HP:0000252; HP:0000494; HP:0000431; HP:0001344; HP:0001162; HP:0002591; HP:0001263; HP:0033454; HP:0001954; HP:0000405; HP:0001830; HP:0002007; HP:0001510; HP:0001513; HP:0000369,Yes,,
CILP_0103,Joubert Syndrome,JBTS2,608091,OMIM:608091,OMIM phenotype entry,Primary,Neurodevelopmental ciliopathy,TMEM216,AR,Eyes; Ears; Growth; Genitourinary; Head and neck; Limbs; Nervous system; Respiratory; Skeletal,47,HP:0002365; HP:0001250; HP:0000083; HP:0001252; HP:0001251; HP:0001273; HP:0002084; HP:0011933; HP:0000639; HP:0001508; HP:0000617; HP:0000657; HP:0000316; HP:0002419; HP:0000238; HP:0000218; HP:0002876; HP:0000256; HP:0000556; HP:0001249; HP:0002335; HP:0001760; HP:0001583; HP:0002871; HP:0001162; HP:0000050; HP:0001263; HP:0002195; HP:0000570; HP:0002790; HP:0000090; HP:0005280; HP:0100951; HP:0011330; HP:0002508; HP:0000107; HP:0007772; HP:0000568; HP:0000505; HP:0001830; HP:0002007; HP:0000565; HP:0000268; HP:0002404; HP:0000369; HP:0000567; HP:0000588,Yes,,
CILP_0104,Joubert Syndrome,JBTS3,608629,OMIM:608629,OMIM phenotype entry,Primary,Neurodevelopmental ciliopathy,AHI1,AR,Eyes; Ears; Cardiovascular; Genitourinary; Head and neck; Nervous system; Respiratory; Skeletal; Skin,31,HP:0000286; HP:0003774; HP:0000463; HP:0001252; HP:0001251; HP:0000580; HP:0011933; HP:0001270; HP:0033725; HP:0000639; HP:0000657; HP:0002419; HP:0002876; HP:0000512; HP:0001249; HP:0000556; HP:0001320; HP:0002553; HP:0006956; HP:0000431; HP:0002871; HP:0031936; HP:0000194; HP:0002790; HP:0000090; HP:0100951; HP:0000508; HP:0000505; HP:0001631; HP:0000369; HP:0006821,Yes,,
CILP_0105,Joubert Syndrome,JBTS4,609583,OMIM:609583,OMIM phenotype entry,Primary,Neurodevelopmental ciliopathy,NPHP1,AR,Eyes; Genitourinary; Nervous system; Skeletal,17,HP:0003774; HP:0001320; HP:0000571; HP:0000083; HP:0001252; HP:0001263; HP:0001251; HP:0001290; HP:0002172; HP:0000090; HP:0002194; HP:0011933; HP:0000639; HP:0100957; HP:0000657; HP:0002419; HP:0002404,Yes,,
CILP_0106,Joubert Syndrome,JBTS5,610188,OMIM:610188,OMIM phenotype entry,Primary,Neurodevelopmental ciliopathy,CEP290,AR,Eyes; Genitourinary; Head and neck; Nervous system; Respiratory; Skeletal,27,HP:0003774; HP:0000480; HP:0001252; HP:0002085; HP:0001251; HP:0001290; HP:0000639; HP:0000718; HP:0000657; HP:0002419; HP:0007663; HP:0002876; HP:0000510; HP:0002335; HP:0001249; HP:0000175; HP:0002871; HP:0005565; HP:0006817; HP:0001263; HP:0002790; HP:0000090; HP:0000803; HP:0000508; HP:0004727; HP:0007875; HP:0002404,Yes,,
CILP_0107,Joubert Syndrome,JBTS6,610688,OMIM:610688,OMIM phenotype entry,Primary,Neurodevelopmental ciliopathy,TMEM67,AR,Abdomen; Eyes; Genitourinary; Nervous system; Respiratory; Skeletal,21,HP:0001320; HP:0003774; HP:0002365; HP:0002198; HP:0001263; HP:0001395; HP:0001252; HP:0001251; HP:0000090; HP:0011933; HP:0100951; HP:0001408; HP:0000618; HP:0000657; HP:0002419; HP:0000546; HP:0000733; HP:0005957; HP:0002404; HP:0000567; HP:0001249,Yes,,
CILP_0108,Joubert Syndrome,JBTS7,611560,OMIM:611560,OMIM phenotype entry,Primary,Neurodevelopmental ciliopathy,RPGRIP1L,AR,Eyes; Genitourinary; Head and neck; Limbs; Nervous system; Respiratory; Skeletal,24,HP:0003774; HP:0002365; HP:0001273; HP:0001251; HP:0001290; HP:0002084; HP:0000639; HP:0000657; HP:0002419; HP:0002857; HP:0002876; HP:0001249; HP:0000556; HP:0002650; HP:0002871; HP:0001162; HP:0001263; HP:0002790; HP:0000090; HP:0100259; HP:0002508; HP:0000508; HP:0000107; HP:0002789,Yes,,
CILP_0109,Joubert Syndrome,JBTS9,612285,OMIM:612285,OMIM phenotype entry,Primary,Neurodevelopmental ciliopathy,CC2D2A,AR,Abdomen; Eyes; Genitourinary; Head and neck; Nervous system; Respiratory; Skeletal,17,HP:0003774; HP:0000483; HP:0002650; HP:0001250; HP:0001263; HP:0001395; HP:0002084; HP:0000518; HP:0000639; HP:0100704; HP:0000657; HP:0002419; HP:0002119; HP:0002876; HP:0001249; HP:0002104; HP:0000556,Yes,,
CILP_0110,Joubert Syndrome,JBTS8,612291,OMIM:612291,OMIM phenotype entry,Primary,Neurodevelopmental ciliopathy,ARL13B,AR,Abdomen; Eyes; Growth; Head and neck; Nervous system; Respiratory; Skeletal; Skin,18,HP:0002883; HP:0001276; HP:0001344; HP:0031936; HP:0002085; HP:0001252; HP:0001263; HP:0000580; HP:0002240; HP:0001251; HP:0001290; HP:0000508; HP:0000657; HP:0002419; HP:0000543; HP:0006579; HP:0001513; HP:0001249,Yes,,
CILP_0111,Joubert Syndrome,JBTS11,613820,OMIM:613820,OMIM phenotype entry,Primary,Neurodevelopmental ciliopathy,TTC21B,AR; AD,Genitourinary,2,HP:0003774; HP:0000090,Yes,,Same OMIM entry also curated under Nephronophthisis (CILP_0197)
CILP_0112,Joubert Syndrome,JBTS13,614173,OMIM:614173,OMIM phenotype entry,Primary,Neurodevelopmental ciliopathy,TCTN1,AR,Nervous system,3,HP:0001320; HP:0002419; HP:0001302,Yes,,
CILP_0113,Joubert Syndrome,JBTS34,614175,OMIM:614175,OMIM phenotype entry,Primary,Neurodevelopmental ciliopathy,B9D2,AR,Abdomen; Eyes; Ears; Genitourinary; Head and neck; Limbs; Nervous system; Skeletal; Skin,24,HP:0000286; HP:0002323; HP:0001250; HP:0002085; HP:0009487; HP:0002419; HP:0001305; HP:0000377; HP:0000054; HP:0000175; HP:0001321; HP:0001162; HP:0002198; HP:0000193; HP:0045025; HP:0100259; HP:0012385; HP:0000508; HP:0000107; HP:0006563; HP:0001830; HP:0002007; HP:0000960; HP:0000047,Yes,,Same OMIM entry also curated under Meckel–Gruber Syndrome (CILP_0179)
CILP_0114,Joubert Syndrome,JBTS14,614424,OMIM:614424,OMIM phenotype entry,Primary,Neurodevelopmental ciliopathy,TMEM237,AR,Eyes; Ears; Cardiovascular; Growth; Genitourinary; Head and neck; Limbs; Nervous system; Skeletal; Skin,43,HP:0000286; HP:0010804; HP:0000486; HP:0002365; HP:0001252; HP:0001251; HP:0001290; HP:0002084; HP:0010864; HP:0000639; HP:0001629; HP:0000737; HP:0100704; HP:0000316; HP:0001305; HP:0000238; HP:0002419; HP:0025514; HP:0000358; HP:0002335; HP:0002435; HP:0002553; HP:0001320; HP:0000494; HP:0000175; HP:0002079; HP:0000194; HP:0000490; HP:0001263; HP:0000272; HP:0002170; HP:0100259; HP:0000508; HP:0000822; HP:0000426; HP:0000107; HP:0000348; HP:0000568; HP:0000648; HP:0001510; HP:0000322; HP:0000589; HP:0000369,Yes,,
CILP_0115,Joubert Syndrome,JBTS15,614464,OMIM:614464,OMIM phenotype entry,Primary,Neurodevelopmental ciliopathy,CEP41,AR,Eyes; Genitourinary; Limbs; Nervous system; Skeletal,15,HP:0000054; HP:0000062; HP:0001263; HP:0001252; HP:0001251; HP:0001290; HP:0000090; HP:0030769; HP:0100258; HP:0000657; HP:0002419; HP:0000488; HP:0001249; HP:0000556; HP:0000589,Yes,,
CILP_0116,Joubert Syndrome,JBTS16,614465,OMIM:614465,OMIM phenotype entry,Primary,Neurodevelopmental ciliopathy,TMEM138,AR,Eyes; Genitourinary; Head and neck; Limbs; Nervous system; Skeletal,10,HP:0000657; HP:0000107; HP:0000316; HP:0000090; HP:0001305; HP:0002084; HP:0002419; HP:0010442; HP:0000589; HP:0000556,Yes,,
CILP_0117,Joubert Syndrome,JBTS17,614615,OMIM:614615,OMIM phenotype entry,Primary,Neurodevelopmental ciliopathy,CPLANE1,AR,Eyes; Genitourinary; Limbs; Nervous system; Respiratory; Skeletal,10,HP:0002883; HP:0100259; HP:0011939; HP:0012210; HP:0100258; HP:0001263; HP:0001251; HP:0000657; HP:0002419; HP:0000479,Yes,,
CILP_0118,Joubert Syndrome,JBTS18,614815,OMIM:614815,OMIM phenotype entry,Primary,Neurodevelopmental ciliopathy,TCTN3,AR,Abdomen; Eyes; Cardiovascular; Growth; Genitourinary; Head and neck; Limbs; Nervous system; Skeletal,22,HP:0002085; HP:0001274; HP:0000085; HP:0000180; HP:0001629; HP:0034044; HP:0002419; HP:0002139; HP:0000278; HP:0001249; HP:0002335; HP:0002751; HP:0005248; HP:0000175; HP:0001762; HP:0000496; HP:0001382; HP:0012385; HP:0100259; HP:0000107; HP:0006487; HP:0001511,Yes,,
CILP_0119,Joubert Syndrome,JBTS19,614844,OMIM:614844,OMIM phenotype entry,Primary,Neurodevelopmental ciliopathy,ZNF423,AR; AD,Eyes; Cardiovascular; Genitourinary; Nervous system,5,HP:0001320; HP:0001696; HP:0000090; HP:0000546; HP:0000113,Yes,,Same OMIM entry also curated under Nephronophthisis (CILP_0200)
CILP_0120,Joubert Syndrome,JBTS20,614970,OMIM:614970,OMIM phenotype entry,Primary,Neurodevelopmental ciliopathy,TMEM231,AR,Eyes; Genitourinary; Limbs; Nervous system; Respiratory; Skeletal,12,HP:0001344; HP:0002540; HP:0001263; HP:0004692; HP:0002093; HP:0100259; HP:0000718; HP:0000657; HP:0000107; HP:0002419; HP:0000488; HP:0000742,Yes,,
CILP_0121,Joubert Syndrome,JBTS21,615636,OMIM:615636,OMIM phenotype entry,Primary,Neurodevelopmental ciliopathy,CSPP1,AR,Abdomen; Eyes; Ears; Cardiovascular; Genitourinary; Immune system; Head and neck; Nervous system; Respiratory; Skeletal,33,HP:0002089; HP:0000486; HP:0002365; HP:0001591; HP:0001250; HP:0001252; HP:0002085; HP:0001251; HP:0002084; HP:0011933; HP:0000639; HP:0004719; HP:0000657; HP:0000316; HP:0002878; HP:0000773; HP:0001249; HP:0001744; HP:0002015; HP:0002079; HP:0001263; HP:0002094; HP:0034302; HP:0011109; HP:0007291; HP:0000528; HP:0000407; HP:0000508; HP:0000107; HP:0000648; HP:0000488; HP:0009932; HP:0002104,Yes,,
CILP_0122,Joubert Syndrome,JBTS22,615665,OMIM:615665,OMIM phenotype entry,Primary,Neurodevelopmental ciliopathy,PDE6D,AR,Eyes; Growth; Genitourinary; Head and neck; Limbs; Nervous system; Skeletal,17,HP:0000550; HP:0000089; HP:0002079; HP:0001162; HP:0001263; HP:0004691; HP:0001290; HP:0001999; HP:0000657; HP:0007112; HP:0000568; HP:0002419; HP:0007973; HP:0001511; HP:0001830; HP:0000589; HP:0002335,Yes,,
CILP_0123,Joubert Syndrome,JBTS23,616490,OMIM:616490,OMIM phenotype entry,Primary,Neurodevelopmental ciliopathy,KIAA0586,AR,Eyes; Ears; Limbs; Nervous system; Respiratory; Skeletal,9,HP:0006989; HP:0000496; HP:0000407; HP:0007033; HP:0001263; HP:0010442; HP:0002789; HP:0000589; HP:0002104,Yes,,
CILP_0124,Joubert Syndrome,JBTS24,616654,OMIM:616654,OMIM phenotype entry,Primary,Neurodevelopmental ciliopathy,TCTN2,AR,Eyes; Limbs; Nervous system; Skeletal,16,HP:0001344; HP:0001762; HP:0001321; HP:0001310; HP:0001288; HP:0000540; HP:0001162; HP:0001263; HP:0001252; HP:0001251; HP:0000639; HP:0001302; HP:0001830; HP:0001257; HP:0002126; HP:0001347,Yes,,
CILP_0125,Joubert Syndrome,JBTS25,616781,OMIM:616781,OMIM phenotype entry,Primary,Neurodevelopmental ciliopathy,CEP104,AR,Eyes; Nervous system; Skeletal,7,HP:0001321; HP:0001263; HP:0001251; HP:0000657; HP:0001290; HP:0002419; HP:0000512,Yes,,
CILP_0126,Joubert Syndrome,JBTS26,616784,OMIM:616784,OMIM phenotype entry,Primary,Neurodevelopmental ciliopathy,KATNIP,AR,Eyes; Endocrine; Growth; Genitourinary; Immune system; Head and neck; Nervous system; Respiratory; Skeletal,16,HP:0001320; HP:0000054; HP:0000175; HP:0000871; HP:0004322; HP:0000463; HP:0001263; HP:0001290; HP:0410030; HP:0011787; HP:0000639; HP:0000508; HP:0000316; HP:0000824; HP:0002007; HP:0002788,Yes,,
CILP_0127,Joubert Syndrome,JBTS27,617120,OMIM:617120,OMIM phenotype entry,Primary,Neurodevelopmental ciliopathy,B9D1,AR,Eyes; Genitourinary; Head and neck; Limbs; Nervous system; Skeletal,15,HP:0008936; HP:0010946; HP:0002066; HP:0001263; HP:0001252; HP:0001251; HP:0010442; HP:0000657; HP:0020045; HP:0002419; HP:0002007; HP:0000488; HP:0000179; HP:0001249; HP:0000325,Yes,,
CILP_0128,Joubert Syndrome,JBTS28,617121,OMIM:617121,OMIM phenotype entry,Primary,Neurodevelopmental ciliopathy,MKS1,AR,Eyes; Head and neck; Nervous system; Skeletal; Skin,18,HP:0002553; HP:0000486; HP:0000750; HP:0000431; HP:0001382; HP:0002395; HP:0001260; HP:0001263; HP:0001251; HP:0000580; HP:0001290; HP:0000639; HP:0000657; HP:0000316; HP:0002419; HP:0000337; HP:0000543; HP:0001249,Yes,,
CILP_0129,Joubert Syndrome,JBTS29,617562,OMIM:617562,OMIM phenotype entry,Primary,Neurodevelopmental ciliopathy,TMEM107,AR,Eyes; Genitourinary; Head and neck; Nervous system; Skeletal,11,HP:0001321; HP:0001371; HP:0001263; HP:0002085; HP:0001251; HP:0000657; HP:0002419; HP:0000488; HP:0000113; HP:0001249; HP:0000347,Yes,,Same OMIM entry also curated under Meckel–Gruber Syndrome (CILP_0183)
CILP_0130,Joubert Syndrome,JBTS30,617622,OMIM:617622,OMIM phenotype entry,Primary,Neurodevelopmental ciliopathy,ARMC9,AR,Eyes; Genitourinary; Head and neck; Limbs; Nervous system; Respiratory; Skeletal,30,HP:0001272; HP:0001250; HP:0001274; HP:0001252; HP:0002282; HP:0010442; HP:0001305; HP:0002419; HP:0007663; HP:0000219; HP:0002119; HP:0000218; HP:0001249; HP:0000556; HP:0000054; HP:0000750; HP:0000431; HP:0000496; HP:0001162; HP:0020185; HP:0000193; HP:0001263; HP:0004691; HP:0000609; HP:0000508; HP:0002789; HP:0002104; HP:0000589; HP:0000347; HP:0002126,Yes,,
CILP_0131,Joubert Syndrome,JBTS32,617757,OMIM:617757,OMIM phenotype entry,Primary,Neurodevelopmental ciliopathy,SUFU,AR,Eyes; Cardiovascular; Growth; Head and neck; Limbs; Nervous system; Skeletal,20,HP:0000098; HP:0001256; HP:0001520; HP:0001162; HP:0001260; HP:0001263; HP:0001252; HP:0001251; HP:0002280; HP:0005280; HP:0000639; HP:0001639; HP:0001317; HP:0000316; HP:0000657; HP:0002419; HP:0002007; HP:0001830; HP:0000256; HP:0002126,Yes,,
CILP_0132,Joubert Syndrome,JBTS31,617761,OMIM:617761,OMIM phenotype entry,Primary,Neurodevelopmental ciliopathy,CEP120,AR,Eyes; Nervous system; Skeletal,10,HP:0000486; HP:0002078; HP:0002079; HP:0000639; HP:0001263; HP:0001252; HP:0000657; HP:0002419; HP:0002119; HP:0009921,Yes,,
CILP_0133,Joubert Syndrome,JBTS33,617767,OMIM:617767,OMIM phenotype entry,Primary,Neurodevelopmental ciliopathy,PIBF1,AR,Abdomen; Eyes; Cardiovascular; Immune system; Head and neck; Limbs; Nervous system; Respiratory; Skeletal,11,HP:0002188; HP:0001263; HP:0001252; HP:0001251; HP:0000657; HP:0002419; HP:0000548; HP:0001159; HP:0000256; HP:0002104; HP:0001744,Yes,,
CILP_0134,Joubert Syndrome,JBTS35,618161,OMIM:618161,OMIM phenotype entry,Primary,Neurodevelopmental ciliopathy,ARL3,AR,Eyes; Ears; Genitourinary; Immune system; Head and neck; Limbs; Nervous system; Metabolism; Skeletal; Skin,25,HP:0000662; HP:0000463; HP:0001251; HP:0001290; HP:0011933; HP:0000657; HP:0000954; HP:0002419; HP:0000510; HP:0001320; HP:0002553; HP:0000010; HP:0001263; HP:0030760; HP:0004370; HP:0005280; HP:0010535; HP:0000529; HP:0000506; HP:0000508; HP:0000768; HP:0000664; HP:0000003; HP:0000369; HP:0000126,Yes,,
CILP_0135,Joubert Syndrome,JBTS36,618763,OMIM:618763,OMIM phenotype entry,Primary,Neurodevelopmental ciliopathy,FAM149B1,AR,Eyes; Ears; Head and neck; Limbs; Nervous system; Skeletal; Skin,14,HP:0002553; HP:0000486; HP:0000463; HP:0000194; HP:0001250; HP:0001263; HP:0000407; HP:0011220; HP:0000508; HP:0002419; HP:0000768; HP:0006159; HP:0000256; HP:0001249,Yes,,
CILP_0136,Joubert Syndrome,JBTS37,619185,OMIM:619185,OMIM phenotype entry,Primary,Neurodevelopmental ciliopathy,TOGARAM1,AR,Abdomen; Eyes; Ears; Growth; Genitourinary; Head and neck; Limbs; Nervous system; Skeletal; Skin,34,HP:0025186; HP:0000463; HP:0004322; HP:0002240; HP:0001290; HP:0008070; HP:0002938; HP:0000316; HP:0000657; HP:0002419; HP:0000218; HP:0006610; HP:0008734; HP:0000358; HP:0001320; HP:0000054; HP:0000431; HP:0000475; HP:0001344; HP:0002079; HP:0005487; HP:0001382; HP:0000490; HP:0001263; HP:0100259; HP:0000729; HP:0000508; HP:0000568; HP:0002007; HP:0000369; HP:0000028; HP:0001513; HP:0000445; HP:0000126,Yes,,
CILP_0137,Joubert Syndrome,JBTS38,619476,OMIM:619476,OMIM phenotype entry,Primary,Neurodevelopmental ciliopathy,KIAA0753,AR,Eyes; Ears; Endocrine; Growth; Head and neck; Nervous system; Skeletal,20,HP:0001320; HP:0000286; HP:0000486; HP:0004322; HP:0000540; HP:0030353; HP:0001263; HP:0001252; HP:0011755; HP:0012506; HP:0011220; HP:0007068; HP:0000657; HP:0002419; HP:0000824; HP:0002714; HP:0000565; HP:0002007; HP:0000358; HP:0000369,Yes,,
CILP_0138,Joubert Syndrome,JBTS39,619562,OMIM:619562,OMIM phenotype entry,Primary,Neurodevelopmental ciliopathy,TMEM218,AR,Eyes; Cardiovascular; Growth; Genitourinary; Head and neck; Limbs; Nervous system; Respiratory; Skeletal,13,HP:0001320; HP:0002085; HP:0001263; HP:0004383; HP:0100259; HP:0040213; HP:0009183; HP:0007021; HP:0000657; HP:0002419; HP:0025502; HP:0000113; HP:0000556,Yes,,
CILP_0139,Joubert Syndrome,JBTS40,619582,OMIM:619582,OMIM phenotype entry,Primary,Neurodevelopmental ciliopathy,IFT74,AR,Eyes; Head and neck; Limbs; Nervous system; Skeletal,10,HP:0100259; HP:0000609; HP:0001263; HP:0001252; HP:0000657; HP:0002419; HP:0001270; HP:0007874; HP:0005280; HP:0001249,Yes,,
CILP_0140,Joubert Syndrome,JBTS,,OMIM:200990; OMIM:213300; OMIM:300804; OMIM:608091; OMIM:608629; OMIM:609583; OMIM:610188; OMIM:610688; OMIM:611560; OMIM:612285; OMIM:612291; OMIM:613820; OMIM:614173; OMIM:614175; OMIM:614424; OMIM:614464; OMIM:614465; OMIM:614615; OMIM:614815; OMIM:614844; OMIM:614970; OMIM:615636; OMIM:615665; OMIM:616490; OMIM:616654; OMIM:616781; OMIM:616784; OMIM:617120; OMIM:617121; OMIM:617562; OMIM:617622; OMIM:617757; OMIM:617761; OMIM:617767; OMIM:618161; OMIM:618763; OMIM:619185; OMIM:619476; OMIM:619562; OMIM:619582,Family-level record (combined OMIM entries),Primary,Neurodevelopmental ciliopathy,ADAMTS9; CBY1; CC2D1A; LAMA1; LRRCC1; RNU4ATAC; TOPORS,AR; XLR; AD,Abdomen; Eyes; Ears; Cardiovascular; Endocrine; Growth; Genitourinary; Immune system; Head and neck; Limbs; Nervous system; Metabolism; Respiratory; Skeletal; Skin,329,HP:0001177; HP:0000286; HP:0001770; HP:0000486; HP:0000365; HP:0010803; HP:0002023; HP:0001250; HP:0002263; HP:0010808; HP:0000160; HP:0003196; HP:0001252; HP:0001290; HP:0010291; HP:0000639; HP:0000319; HP:0012471; HP:0011220; HP:0000316; HP:0008897; HP:0009942; HP:0001841; HP:0000358; HP:0001249; HP:0000054; HP:0000494; HP:0000175; HP:0005148; HP:0001182; HP:0001537; HP:0006101; HP:0000648; HP:0000207; HP:0004209; HP:0009611; HP:0000322; HP:0000047; HP:0000685; HP:0000369; HP:0000204; HP:0000143; HP:0000384; HP:0006329; HP:0001671; HP:0000343; HP:0000023; HP:0001156; HP:0000260; HP:0001274; HP:0010864; HP:0001508; HP:0000337; HP:0030680; HP:0000218; HP:0002714; HP:0006335; HP:0000256; HP:0000212; HP:0000377; HP:0000154; HP:0000431; HP:0000233; HP:0001641; HP:0001162; HP:0000194; HP:0003781; HP:0000193; HP:0000190; HP:0010576; HP:0007370; HP:0000308; HP:0010066; HP:0007894; HP:0001830; HP:0002007; HP:0001510; HP:0000303; HP:0000028; HP:0000589; HP:0000269; HP:0002421; HP:0001251; HP:0011933; HP:0000718; HP:0002419; HP:0025336; HP:0000752; HP:0000158; HP:0002335; HP:0000556; HP:0002553; HP:0000252; HP:0002871; HP:0000570; HP:0002195; HP:0001263; HP:0002790; HP:0007271; HP:0002508; HP:0000567; HP:0000463; HP:0002365; HP:0001395; HP:0010828; HP:0000617; HP:0000657; HP:0030084; HP:0002876; HP:0001320; HP:0000750; HP:0000112; HP:0031936; HP:0100951; HP:0000508; HP:0007772; HP:0000107; HP:0007973; HP:0000543; HP:0001357; HP:0000588; HP:0000742; HP:0200096; HP:0004325; HP:0004322; HP:0001310; HP:0002002; HP:0002187; HP:0001270; HP:0002280; HP:0025161; HP:0002719; HP:0008872; HP:0000510; HP:0001007; HP:0001561; HP:0001344; HP:0002591; HP:0033454; HP:0001954; HP:0000405; HP:0001513; HP:0000083; HP:0001273; HP:0002084; HP:0000238; HP:0001760; HP:0001583; HP:0000050; HP:0000090; HP:0005280; HP:0011330; HP:0000568; HP:0000505; HP:0000565; HP:0000268; HP:0002404; HP:0003774; HP:0000580; HP:0033725; HP:0000512; HP:0006956; HP:0001631; HP:0006821; HP:0000571; HP:0002172; HP:0002194; HP:0100957; HP:0000480; HP:0002085; HP:0007663; HP:0005565; HP:0006817; HP:0000803; HP:0004727; HP:0007875; HP:0002198; HP:0001408; HP:0000618; HP:0000546; HP:0000733; HP:0005957; HP:0002857; HP:0002650; HP:0100259; HP:0002789; HP:0000483; HP:0000518; HP:0100704; HP:0002119; HP:0002104; HP:0002883; HP:0001276; HP:0002240; HP:0006579; HP:0001302; HP:0002323; HP:0009487; HP:0001305; HP:0001321; HP:0045025; HP:0012385; HP:0006563; HP:0000960; HP:0010804; HP:0001629; HP:0000737; HP:0025514; HP:0002435; HP:0002079; HP:0000490; HP:0000272; HP:0002170; HP:0000822; HP:0000426; HP:0000348; HP:0000062; HP:0030769; HP:0100258; HP:0000488; HP:0010442; HP:0011939; HP:0012210; HP:0000479; HP:0000085; HP:0000180; HP:0034044; HP:0002139; HP:0000278; HP:0002751; HP:0005248; HP:0001762; HP:0000496; HP:0001382; HP:0006487; HP:0001511; HP:0001696; HP:0000113; HP:0002540; HP:0004692; HP:0002093; HP:0002089; HP:0001591; HP:0004719; HP:0002878; HP:0000773; HP:0001744; HP:0002015; HP:0002094; HP:0034302; HP:0011109; HP:0007291; HP:0000528; HP:0000407; HP:0009932; HP:0000550; HP:0000089; HP:0004691; HP:0001999; HP:0007112; HP:0006989; HP:0007033; HP:0001288; HP:0000540; HP:0001257; HP:0002126; HP:0001347; HP:0000871; HP:0410030; HP:0011787; HP:0000824; HP:0002788; HP:0008936; HP:0010946; HP:0002066; HP:0020045; HP:0000179; HP:0000325; HP:0002395; HP:0001260; HP:0001371; HP:0000347; HP:0001272; HP:0002282; HP:0000219; HP:0020185; HP:0000609; HP:0000098; HP:0001256; HP:0001520; HP:0001639; HP:0001317; HP:0002078; HP:0009921; HP:0002188; HP:0000548; HP:0001159; HP:0000662; HP:0000954; HP:0000010; HP:0030760; HP:0004370; HP:0010535; HP:0000529; HP:0000506; HP:0000768; HP:0000664; HP:0000003; HP:0000126; HP:0006159; HP:0025186; HP:0008070; HP:0002938; HP:0006610; HP:0008734; HP:0000475; HP:0005487; HP:0000729; HP:0000445; HP:0030353; HP:0011755; HP:0012506; HP:0007068; HP:0004383; HP:0040213; HP:0009183; HP:0007021; HP:0025502; HP:0007874,Yes,,
CILP_0141,Juvenile Myoclonic Epilepsy,EJM1,254770,OMIM:254770,OMIM phenotype entry,Motile,Atypical / secondary ciliopathy,EFHC1,AD,Nervous system,7,HP:0002069; HP:0012001; HP:0002133; HP:0002121; HP:0007000; HP:0032794; HP:0001249,Yes,,
CILP_0142,Juvenile Myoclonic Epilepsy,EJM8,607628,OMIM:607628,OMIM phenotype entry,Motile,Atypical / secondary ciliopathy,CLCN2,AD,Nervous system,3,HP:0007193; HP:0002123; HP:0002121,Yes,,
CILP_0143,Juvenile Myoclonic Epilepsy,EJM6,607682,OMIM:607682,OMIM phenotype entry,Motile,Atypical / secondary ciliopathy,CACNB4,AD,Eyes; Ears; Nervous system,18,HP:0002069; HP:0002078; HP:0002373; HP:0002131; HP:0002121; HP:0001260; HP:0010818; HP:0002172; HP:0010532; HP:0002392; HP:0011147; HP:0010850; HP:0007193; HP:0007270; HP:0000639; HP:0007000; HP:0001249; HP:0001336,Yes,,
CILP_0144,Juvenile Myoclonic Epilepsy,EJM5,611136,ORPHA:307,Orphanet entry (matched by disease name),Motile,Atypical / secondary ciliopathy,GABRA1,Needs curation,Eyes; Head and neck; Nervous system,10,HP:0002197; HP:0002392; HP:0007000; HP:0000153; HP:0000496; HP:0002121; HP:0002373; HP:0007207; HP:0000718; HP:0002133,Yes,,
CILP_0145,Juvenile Myoclonic Epilepsy,EJM7,613060,OMIM:613060,OMIM phenotype entry,Motile,Atypical / secondary ciliopathy,GABRD,AD,Nervous system,5,HP:0002069; HP:0002123; HP:0002373; HP:0002121; HP:0007359,Yes,,
CILP_0146,Juvenile Myoclonic Epilepsy,EJM10,617924,OMIM:617924,OMIM phenotype entry,Motile,Atypical / secondary ciliopathy,ICK,INCOMPLETE_PENETRANCE; AD,Nervous system,4,HP:0002069; HP:0002123; HP:0002373; HP:0002121,Yes,,
CILP_0147,Kallmann syndrome,KLM,308750,OMIM:308750,OMIM phenotype entry,Primary,Endocrine / developmental ciliopathy,WDR11,XL,Endocrine; Growth; Genitourinary; Head and neck; Limbs; Nervous system; Skeletal; Skin,19,HP:0000044; HP:0000054; HP:0001341; HP:0000771; HP:0001761; HP:0000122; HP:0030344; HP:0003782; HP:0001251; HP:0003164; HP:0030341; HP:0002929; HP:0000458; HP:0000029; HP:0000218; HP:0001335; HP:0001258; HP:0000028; HP:0002225,No,Disease family with fewer than 5 entries,
CILP_0148,Laurence–Moon Syndrome,LNMS,245800,OMIM:245800,OMIM phenotype entry,Secondary,Multisystem ciliopathy,PNPLA6,AR,Eyes; Growth; Genitourinary; Limbs; Nervous system; Skeletal,13,HP:0001155; HP:0000054; HP:0000046; HP:0004322; HP:0000580; HP:0001251; HP:0010442; HP:0000639; HP:0009830; HP:0001258; HP:0001249; HP:0001513; HP:0000533,No,Disease family with fewer than 5 entries,
CILP_0149,Leber Congenital Amaurosis,LCA1,204000,OMIM:204000,OMIM phenotype entry,Primary,Retinal ciliopathy,GUCY2D,AR,Abdomen; Eyes; Ears; Cardiovascular; Growth; Genitourinary; Nervous system; Metabolism,19,HP:0001099; HP:0000563; HP:0003354; HP:0000662; HP:0001483; HP:0000580; HP:0003296; HP:0002240; HP:0012426; HP:0000639; HP:0000518; HP:0000407; HP:0000618; HP:0000613; HP:0007663; HP:0001510; HP:0007843; HP:0001249; HP:0000654,Yes,,
CILP_0150,Leber Congenital Amaurosis,LCA2,204100,OMIM:204100,OMIM phenotype entry,Primary,Retinal ciliopathy,RPE65,AR,Eyes; Cardiovascular; Nervous system,16,HP:0001320; HP:0001099; HP:0000563; HP:0000662; HP:0001483; HP:0000580; HP:0030825; HP:0000518; HP:0000639; HP:0000618; HP:0000613; HP:0007663; HP:0000543; HP:0007688; HP:0007843; HP:0001249,Yes,,
CILP_0151,Leber Congenital Amaurosis,LCA3,604232,OMIM:604232,OMIM phenotype entry,Primary,Retinal ciliopathy,SPATA7,AR,Eyes,4,HP:0000572; HP:0001133; HP:0000662; HP:0000639,Yes,,
CILP_0152,Leber Congenital Amaurosis,LCA4,604393,OMIM:604393,OMIM phenotype entry,Primary,Retinal ciliopathy,AIPL1,AR; AD,Eyes; Cardiovascular,10,HP:0000563; HP:0000662; HP:0012043; HP:0000618; HP:0007663; HP:0007401; HP:0000548; HP:0000543; HP:0007688; HP:0007843,Yes,,
CILP_0153,Leber Congenital Amaurosis,LCA5,604537,OMIM:604537,OMIM phenotype entry,Primary,Retinal ciliopathy,LCA5,AR,Eyes,6,HP:0000550; HP:0000572; HP:0000540; HP:0000639; HP:0008499; HP:0000505,Yes,,
CILP_0154,Leber Congenital Amaurosis,LCA18,608133,OMIM:608133,OMIM phenotype entry,Primary,Retinal ciliopathy,PRPH2,AR; AD,Eyes; Cardiovascular,8,HP:0001133; HP:0000662; HP:0000580; HP:0007830; HP:0000510; HP:0007843; HP:0000512; HP:0000533,Yes,,Same OMIM entry also curated under Retinitis Pigmentosa (CILP_0284)
CILP_0155,Leber Congenital Amaurosis,LCA9,608553,OMIM:608553,OMIM phenotype entry,Primary,Retinal ciliopathy,NMNAT1,AR,Eyes; Cardiovascular; Nervous system; Skeletal,22,HP:0007737; HP:0007814; HP:0000662; HP:0000563; HP:0000540; HP:0000639; HP:0032286; HP:0000613; HP:0007663; HP:0007401; HP:0007843; HP:0007988; HP:0000550; HP:0000551; HP:0001483; HP:0032123; HP:0032027; HP:0000648; HP:0200056; HP:0000543; HP:0000666; HP:0001116,Yes,,
CILP_0156,Leber Congenital Amaurosis,LCA12,610612,OMIM:610612,OMIM phenotype entry,Primary,Retinal ciliopathy,RD3,AR,Eyes,3,HP:0000639; HP:0008002; HP:0007875,Yes,,
CILP_0157,Leber Congenital Amaurosis,LCA10,611755,OMIM:611755,OMIM phenotype entry,Primary,Retinal ciliopathy,CEP290,AR,Eyes; Head and neck; Nervous system,3,HP:0001250; HP:0004409; HP:0000505,Yes,,
CILP_0158,Leber Congenital Amaurosis,LCA13,612712,OMIM:612712,OMIM phenotype entry,Primary,Retinal ciliopathy,RDH12,AR; AD,Eyes; Cardiovascular,5,HP:0007737; HP:0007663; HP:0000543; HP:0007843; HP:0000556,Yes,,Same OMIM entry also curated under Retinitis Pigmentosa (CILP_0294)
CILP_0159,Leber Congenital Amaurosis,LCA14,613341,OMIM:613341,OMIM phenotype entry,Primary,Retinal ciliopathy,LRAT,AR,Eyes; Nervous system; Skin,12,HP:0000550; HP:0000662; HP:0000980; HP:0000639; HP:0000613; HP:0007663; HP:0002527; HP:0000510; HP:0007875; HP:0000543; HP:0000556; HP:0000654,Yes,,
CILP_0160,Leber Congenital Amaurosis,LCA6,613826,OMIM:613826,OMIM phenotype entry,Primary,Retinal ciliopathy,RPGRIP1,AR,Eyes; Cardiovascular; Head and neck; Nervous system,43,HP:0001133; HP:0000563; HP:0000486; HP:0030211; HP:0000518; HP:0000639; HP:0032122; HP:0008499; HP:0007720; HP:0007401; HP:0007843; HP:0000512; HP:0001249; HP:0025010; HP:0001263; HP:0001141; HP:0030825; HP:0200070; HP:0008043; HP:0000648; HP:0004327; HP:0007737; HP:0007814; HP:0000662; HP:0000540; HP:0030553; HP:0030672; HP:0030515; HP:0000613; HP:0007663; HP:0007787; HP:0000533; HP:0000577; HP:0000550; HP:0000551; HP:0001483; HP:0011504; HP:0030329; HP:0012045; HP:0012043; HP:0000546; HP:0000543; HP:0000545,Yes,,
CILP_0161,Leber Congenital Amaurosis,LCA7,613829,OMIM:613829,OMIM phenotype entry,Primary,Retinal ciliopathy,CRX,AR,Eyes; Nervous system,7,HP:0000550; HP:0000563; HP:0000518; HP:0000639; HP:0012043; HP:0000613; HP:0000505,Yes,,
CILP_0162,Leber Congenital Amaurosis,LCA8,613835,OMIM:613835,OMIM phenotype entry,Primary,Retinal ciliopathy,CRB1,AR,Eyes; Nervous system,13,HP:0000550; HP:0000563; HP:0000490; HP:0001483; HP:0000580; HP:0030505; HP:0000518; HP:0000639; HP:0008499; HP:0007663; HP:0030491; HP:0001116; HP:0000533,Yes,,
CILP_0163,Leber Congenital Amaurosis,LCA11,613837,OMIM:613837,OMIM phenotype entry,Primary,Retinal ciliopathy,IMPDH1,AD,Eyes,3,HP:0000639; HP:0007663; HP:0000505,Yes,,
CILP_0164,Leber Congenital Amaurosis,LCA15,613843,OMIM:613843,OMIM phenotype entry,Primary,Retinal ciliopathy,TULP1,AR,Eyes; Cardiovascular; Nervous system,20,HP:0001133; HP:0000662; HP:0000540; HP:0000551; HP:0030211; HP:0001483; HP:0000580; HP:0500087; HP:0034362; HP:0012047; HP:0000639; HP:0000613; HP:0007772; HP:0000546; HP:0007663; HP:0000505; HP:0007787; HP:0000543; HP:0007843; HP:0000545,Yes,,
CILP_0165,Leber Congenital Amaurosis,LCA16,614186,OMIM:614186,OMIM phenotype entry,Primary,Retinal ciliopathy,KCNJ13,AR,Eyes; Nervous system,9,HP:0000486; HP:0000662; HP:0001123; HP:0000639; HP:0000518; HP:0000613; HP:0007663; HP:0000505; HP:0000543,Yes,,
CILP_0166,Leber Congenital Amaurosis,LCA17,615360,OMIM:615360,OMIM phenotype entry,Primary,Retinal ciliopathy,GDF6,AR,Eyes,1,HP:0032284,No,No HPO term retained (all its terms occur in only one of the 400 entries),
CILP_0167,Leber Congenital Amaurosis,LCA19,618513,OMIM:618513,OMIM phenotype entry,Primary,Retinal ciliopathy,USP45,AR,Eyes; Cardiovascular,6,HP:0000639; HP:0000546; HP:0000505; HP:0000543; HP:0007843; HP:0000654,Yes,,
CILP_0168,Leber Congenital Amaurosis,LCA,,ORPHA:65,Orphanet entry (matched by disease name),Primary,Retinal ciliopathy,INPP5E; IQCB1,Genetically heterogeneous,Eyes; Ears; Head and neck; Nervous system; Skeletal,25,HP:0001141; HP:0007703; HP:0012795; HP:0000512; HP:0000518; HP:0000540; HP:0000563; HP:0000613; HP:0000639; HP:0001250; HP:0001252; HP:0001483; HP:0002084; HP:0002269; HP:0004374; HP:0006817; HP:0030211; HP:0030466; HP:0000365; HP:0000543; HP:0000729; HP:0001249; HP:0001263; HP:0001270; HP:0012426,Yes,,
CILP_0169,Lowe Oculocerebrorenal Syndrome,OCRL,309000,OMIM:309000,OMIM phenotype entry,Primary,Renal-hepatic ciliopathy,OCRL,XLR,Abdomen; Eyes; Growth; Genitourinary; Head and neck; Limbs; Nervous system; Metabolism; Skeletal; Skin,52,HP:0003236; HP:0003355; HP:0004322; HP:0001250; HP:0100490; HP:0000083; HP:0001252; HP:0000718; HP:0000519; HP:0004639; HP:0003109; HP:0008897; HP:0002857; HP:0000559; HP:0002019; HP:0001249; HP:0007109; HP:0003126; HP:0025131; HP:0007948; HP:0003124; HP:0001382; HP:0001263; HP:0010562; HP:0002827; HP:0000926; HP:0002748; HP:0000568; HP:0002749; HP:0003774; HP:6000615; HP:0001508; HP:0006297; HP:0000733; HP:0007663; HP:0002119; HP:0025435; HP:0003646; HP:0001225; HP:0002756; HP:0003148; HP:0002650; HP:0001284; HP:0001482; HP:0009473; HP:0002808; HP:0001319; HP:0000505; HP:0001994; HP:0000028; HP:0000501; HP:0002049,No,Disease family with fewer than 5 entries,
CILP_0170,McKusick-Kaufman Syndrome,MKKS,236700,OMIM:236700,OMIM phenotype entry,Primary,Multisystem ciliopathy,MKKS,AR,Abdomen; Cardiovascular; Genitourinary; Limbs; Nervous system; Metabolism; Respiratory; Skeletal,19,HP:0000143; HP:0001374; HP:0000145; HP:0001586; HP:0002023; HP:0002089; HP:0001162; HP:0000072; HP:0002251; HP:0010741; HP:0000969; HP:0030010; HP:0030680; HP:0001159; HP:0006159; HP:0000113; HP:0000028; HP:0000126; HP:0000148,No,Disease family with fewer than 5 entries,
CILP_0171,Meckel–Gruber Syndrome,MKS1,249000,OMIM:249000,OMIM phenotype entry,Primary,Neurodevelopmental ciliopathy,MKS1,AR,Abdomen; Eyes; Ears; Cardiovascular; Endocrine; Growth; Genitourinary; Immune system; Head and neck; Limbs; Nervous system; Metabolism; Respiratory; Skeletal,81,HP:0002023; HP:0100490; HP:0001252; HP:0001408; HP:0000319; HP:0000316; HP:0000238; HP:0002419; HP:0009466; HP:0002617; HP:0000835; HP:0006872; HP:0004639; HP:0025336; HP:0001643; HP:0000113; HP:0001600; HP:0000175; HP:0000252; HP:0001341; HP:0001583; HP:0001344; HP:0000695; HP:0002198; HP:0005343; HP:0000130; HP:0001263; HP:0003241; HP:0100259; HP:0002308; HP:0000800; HP:0000601; HP:0000568; HP:0009931; HP:0006267; HP:0001539; HP:0000204; HP:0000369; HP:0001671; HP:0002323; HP:0000340; HP:0002089; HP:0001195; HP:0000061; HP:0001274; HP:0002085; HP:0000180; HP:0001829; HP:0001746; HP:0000337; HP:0001305; HP:0000612; HP:0000219; HP:0002119; HP:0001747; HP:0030084; HP:0000537; HP:0001623; HP:0001744; HP:0000033; HP:0008936; HP:0001562; HP:0000154; HP:0001883; HP:0001321; HP:0031936; HP:0001162; HP:0001680; HP:0000470; HP:0000508; HP:0006563; HP:0006487; HP:0001511; HP:0001830; HP:0001159; HP:0000069; HP:0000465; HP:0000028; HP:0002566; HP:0000347; HP:0000104,Yes,,
CILP_0172,Meckel–Gruber Syndrome,MKS7,267010,OMIM:267010,OMIM phenotype entry,Primary,Neurodevelopmental ciliopathy,NPHP3,AR,Abdomen; Cardiovascular; Genitourinary; Immune system; Head and neck; Limbs; Nervous system; Skeletal,22,HP:0003774; HP:0001650; HP:0001562; HP:0001276; HP:0001396; HP:0001696; HP:0000023; HP:0002190; HP:0100611; HP:0001409; HP:0001408; HP:0000239; HP:0001305; HP:0000348; HP:0001737; HP:0001643; HP:0001830; HP:0000003; HP:0001631; HP:0002613; HP:0001433; HP:0001667,Yes,,
CILP_0173,Meckel–Gruber Syndrome,MKS2,603194,OMIM:603194,OMIM phenotype entry,Primary,Neurodevelopmental ciliopathy,TMEM216,AR,Abdomen; Eyes; Growth; Genitourinary; Head and neck; Limbs; Nervous system; Skeletal,15,HP:0000175; HP:0002323; HP:0001162; HP:0002084; HP:0010442; HP:0001408; HP:0000107; HP:0000568; HP:0001305; HP:0006487; HP:0001539; HP:0001511; HP:0000476; HP:0002566; HP:0002435,Yes,,
CILP_0174,Meckel–Gruber Syndrome,MKS3,607361,OMIM:607361,OMIM phenotype entry,Primary,Neurodevelopmental ciliopathy,TMEM67,AR,Abdomen; Genitourinary; Head and neck; Limbs; Nervous system; Skeletal,12,HP:0000175; HP:0001162; HP:0002085; HP:0001395; HP:0002240; HP:0010442; HP:0001408; HP:0006563; HP:0000238; HP:0001305; HP:0001830; HP:0000003,Yes,,
CILP_0175,Meckel–Gruber Syndrome,MKS4,611134,OMIM:611134,OMIM phenotype entry,Primary,Neurodevelopmental ciliopathy,CEP290,AR,Abdomen; Eyes; Cardiovascular; Growth; Genitourinary; Head and neck; Limbs; Nervous system; Skeletal,18,HP:0000252; HP:0000175; HP:0002323; HP:0002079; HP:0001162; HP:0002084; HP:0001629; HP:0001408; HP:0000107; HP:0001305; HP:0000568; HP:0000238; HP:0002419; HP:0006487; HP:0001511; HP:0001631; HP:0002335; HP:0002435,Yes,,
CILP_0176,Meckel–Gruber Syndrome,MKS5,611561,OMIM:611561,OMIM phenotype entry,Primary,Neurodevelopmental ciliopathy,RPGRIP1L,AR,Abdomen; Eyes; Genitourinary; Head and neck; Limbs; Nervous system; Skeletal,10,HP:0000175; HP:0002323; HP:0001162; HP:0001408; HP:0002085; HP:0000107; HP:0000568; HP:0006487; HP:0001830; HP:0000204,Yes,,
CILP_0177,Meckel–Gruber Syndrome,MKS6,612284,OMIM:612284,OMIM phenotype entry,Primary,Neurodevelopmental ciliopathy,CC2D2A,AR,Abdomen; Genitourinary; Head and neck; Limbs; Nervous system; Respiratory; Skeletal,19,HP:0002323; HP:0000175; HP:0002089; HP:0001762; HP:0006706; HP:0001162; HP:0001395; HP:0002085; HP:0000085; HP:0011467; HP:0010477; HP:0033183; HP:0001408; HP:0000107; HP:0000238; HP:0001407; HP:0000812; HP:0001830; HP:0000204,Yes,,
CILP_0178,Meckel–Gruber Syndrome,MKS8,613885,OMIM:613885,OMIM phenotype entry,Primary,Neurodevelopmental ciliopathy,TCTN2,AR,Abdomen; Eyes; Ears; Cardiovascular; Genitourinary; Head and neck; Limbs; Nervous system; Skeletal,22,HP:0000175; HP:0000252; HP:0001762; HP:0000062; HP:0002085; HP:0003196; HP:0000470; HP:0002084; HP:0003270; HP:0010442; HP:0000528; HP:0004719; HP:0000337; HP:0000568; HP:0025700; HP:0000774; HP:0001698; HP:0000113; HP:0000204; HP:0000457; HP:0000105; HP:0000369,Yes,,
CILP_0179,Meckel–Gruber Syndrome,MKS10,614175,OMIM:614175,OMIM phenotype entry,Primary,Neurodevelopmental ciliopathy,B9D2,AR,Abdomen; Eyes; Ears; Genitourinary; Head and neck; Limbs; Nervous system; Skeletal; Skin,24,HP:0000286; HP:0002323; HP:0001250; HP:0002085; HP:0009487; HP:0002419; HP:0001305; HP:0000377; HP:0000054; HP:0000175; HP:0001321; HP:0001162; HP:0002198; HP:0000193; HP:0045025; HP:0100259; HP:0012385; HP:0000508; HP:0000107; HP:0006563; HP:0001830; HP:0002007; HP:0000960; HP:0000047,Yes,,Same OMIM entry also curated under Joubert Syndrome (CILP_0113)
CILP_0180,Meckel–Gruber Syndrome,MKS9,614209,OMIM:614209,OMIM phenotype entry,Primary,Neurodevelopmental ciliopathy,B9D1,AR,Genitourinary; Head and neck; Limbs; Nervous system; Skeletal,7,HP:0009826; HP:0001762; HP:0000062; HP:0002085; HP:0000932; HP:0000003; HP:0034217,Yes,,
CILP_0181,Meckel–Gruber Syndrome,MKS11,615397,OMIM:615397,OMIM phenotype entry,Primary,Neurodevelopmental ciliopathy,TMEM231,AR,Genitourinary; Head and neck; Limbs; Nervous system; Skeletal,4,HP:0001562; HP:0002085; HP:0010442; HP:0000113,Yes,,
CILP_0182,Meckel–Gruber Syndrome,MKS12,616258,OMIM:616258,OMIM phenotype entry,Primary,Neurodevelopmental ciliopathy,KIF14,AR,Ears; Growth; Genitourinary; Head and neck; Limbs; Nervous system; Skeletal; Skin,22,HP:0001562; HP:0010958; HP:0000252; HP:0000340; HP:0000013; HP:0000431; HP:0000463; HP:0001321; HP:0000089; HP:0000193; HP:0001274; HP:0032464; HP:0009760; HP:0001838; HP:0002804; HP:0006872; HP:0002139; HP:0001511; HP:0002335; HP:0000369; HP:0000347; HP:0000148,Yes,,
CILP_0183,Meckel–Gruber Syndrome,MKS13,617562,OMIM:617562,OMIM phenotype entry,Primary,Neurodevelopmental ciliopathy,TMEM107,AR,Eyes; Genitourinary; Head and neck; Nervous system; Skeletal,11,HP:0001321; HP:0001371; HP:0001263; HP:0002085; HP:0001251; HP:0000657; HP:0002419; HP:0000488; HP:0000113; HP:0001249; HP:0000347,Yes,,Same OMIM entry also curated under Joubert Syndrome (CILP_0129)
CILP_0184,Meckel–Gruber Syndrome,MKS,,OMIM:249000; OMIM:267010; OMIM:603194; OMIM:607361; OMIM:611134; OMIM:611561; OMIM:612284; OMIM:613885; OMIM:614175; OMIM:614209; OMIM:615397; OMIM:616258; OMIM:617562,Family-level record (combined OMIM entries),Primary,Neurodevelopmental ciliopathy,CEP55; TCTN3; TMEM218; TXNDC15,AR,Abdomen; Eyes; Ears; Cardiovascular; Endocrine; Growth; Genitourinary; Immune system; Head and neck; Limbs; Nervous system; Metabolism; Respiratory; Skeletal; Skin,156,HP:0002023; HP:0100490; HP:0001252; HP:0001408; HP:0000319; HP:0000316; HP:0000238; HP:0002419; HP:0009466; HP:0002617; HP:0000835; HP:0006872; HP:0004639; HP:0025336; HP:0001643; HP:0000113; HP:0001600; HP:0000175; HP:0000252; HP:0001341; HP:0001583; HP:0001344; HP:0000695; HP:0002198; HP:0005343; HP:0000130; HP:0001263; HP:0003241; HP:0100259; HP:0002308; HP:0000800; HP:0000601; HP:0000568; HP:0009931; HP:0006267; HP:0001539; HP:0000204; HP:0000369; HP:0001671; HP:0002323; HP:0000340; HP:0002089; HP:0001195; HP:0000061; HP:0001274; HP:0002085; HP:0000180; HP:0001829; HP:0001746; HP:0000337; HP:0001305; HP:0000612; HP:0000219; HP:0002119; HP:0001747; HP:0030084; HP:0000537; HP:0001623; HP:0001744; HP:0000033; HP:0008936; HP:0001562; HP:0000154; HP:0001883; HP:0001321; HP:0031936; HP:0001162; HP:0001680; HP:0000470; HP:0000508; HP:0006563; HP:0006487; HP:0001511; HP:0001830; HP:0001159; HP:0000069; HP:0000465; HP:0000028; HP:0002566; HP:0000347; HP:0000104; HP:0003774; HP:0001650; HP:0001276; HP:0001396; HP:0001696; HP:0000023; HP:0002190; HP:0100611; HP:0001409; HP:0000239; HP:0000348; HP:0001737; HP:0000003; HP:0001631; HP:0002613; HP:0001433; HP:0001667; HP:0002084; HP:0010442; HP:0000107; HP:0000476; HP:0002435; HP:0001395; HP:0002240; HP:0002079; HP:0001629; HP:0002335; HP:0001762; HP:0006706; HP:0000085; HP:0011467; HP:0010477; HP:0033183; HP:0001407; HP:0000812; HP:0000062; HP:0003196; HP:0003270; HP:0000528; HP:0004719; HP:0025700; HP:0000774; HP:0001698; HP:0000457; HP:0000105; HP:0000286; HP:0001250; HP:0009487; HP:0000377; HP:0000054; HP:0000193; HP:0045025; HP:0012385; HP:0002007; HP:0000960; HP:0000047; HP:0009826; HP:0000932; HP:0034217; HP:0010958; HP:0000013; HP:0000431; HP:0000463; HP:0000089; HP:0032464; HP:0009760; HP:0001838; HP:0002804; HP:0002139; HP:0000148; HP:0001371; HP:0001251; HP:0000657; HP:0000488; HP:0001249,Yes,,
CILP_0185,Medulloblastoma,MDB,155255,OMIM:155255,OMIM phenotype entry,Secondary,Atypical / secondary ciliopathy,BRCA2; CTNNB1; ELP1; PTCH2; SUFU,SOMATIC_MOSAICISM; INCOMPLETE_PENETRANCE; AR; AD,Nervous system,1,HP:0002885,No,Disease family with fewer than 5 entries,
CILP_0186,"Mental Retardation, Truncal Obesity, Retinal Dystrophy, and Micropenis",MORMS,610156,OMIM:610156,OMIM phenotype entry,Secondary,Retinal ciliopathy,INPP5E,AR,Eyes; Growth; Genitourinary; Nervous system; Skeletal,11,HP:0000054; HP:0002342; HP:0000750; HP:0000662; HP:0008915; HP:0001252; HP:0000518; HP:0007663; HP:0001956; HP:0001257; HP:0000556,No,Disease family with fewer than 5 entries,
CILP_0187,Morbid Obesity and Spermatogenic Failure,MOSPGF,615703,OMIM:615703,OMIM phenotype entry,Primary,General / needs curation,CEP19,AR,Abdomen; Cardiovascular; Endocrine; Growth; Genitourinary; Nervous system; Metabolism,16,HP:0001397; HP:0003233; HP:0002155; HP:0003124; HP:0003141; HP:0005181; HP:0000822; HP:0001658; HP:0000789; HP:0000855; HP:0001635; HP:0005978; HP:0001513; HP:0000798; HP:0001249; HP:0000027,No,Disease family with fewer than 5 entries,
CILP_0188,"Multinucleated Neurons, Anhydramnios, Renal Dysplasia, Cerebellar Hypoplasia, and Hydranencephaly",MARCH,236500,OMIM:236500,OMIM phenotype entry,Secondary,Renal-hepatic ciliopathy,CEP55,AR,Ears; Genitourinary; Head and neck; Limbs; Nervous system; Respiratory; Skeletal; Skin,28,HP:0002089; HP:0000089; HP:0002365; HP:0000463; HP:0001156; HP:0012725; HP:4000150; HP:0000418; HP:0000954; HP:0000414; HP:0005989; HP:0000476; HP:0000110; HP:0001562; HP:0001762; HP:0000452; HP:0001321; HP:0000470; HP:0045025; HP:0004691; HP:0012300; HP:0000308; HP:0000107; HP:0002804; HP:0002009; HP:0004209; HP:0000369; HP:0002324,No,Disease family with fewer than 5 entries,
CILP_0189,Neonatal Sclerosing Cholangitis,NSC,617394,OMIM:617394,OMIM phenotype entry,Secondary,General / needs curation,DCDC2,AR,Abdomen; Ears; Cardiovascular; Genitourinary; Immune system; Nervous system; Metabolism; Skin,20,HP:0001396; HP:0000076; HP:0000365; HP:0001256; HP:0001399; HP:0001541; HP:0030991; HP:0001394; HP:0002240; HP:0030948; HP:0012852; HP:0011985; HP:0034294; HP:0001409; HP:0006580; HP:0001408; HP:0000989; HP:0002613; HP:0000952; HP:0001744,No,Disease family with fewer than 5 entries,
CILP_0190,Nephronophthisis,NPHP1,256100,OMIM:256100,OMIM phenotype entry,Primary,Renal-hepatic ciliopathy,NPHP1,AR,Cardiovascular; Growth; Genitourinary; Nervous system; Metabolism,12,HP:0003158; HP:0003774; HP:0005576; HP:0005583; HP:0000090; HP:0000092; HP:0001959; HP:0001903; HP:0000822; HP:0000108; HP:0000103; HP:0001510,Yes,,
CILP_0191,Nephronophthisis,NPHP2,602088,OMIM:602088,OMIM phenotype entry,Primary,Renal-hepatic ciliopathy,INVS,AR,Cardiovascular; Genitourinary; Metabolism; Respiratory,17,HP:0004743; HP:0001562; HP:0003774; HP:0002089; HP:0001696; HP:0005564; HP:0002153; HP:0000090; HP:0010444; HP:0002093; HP:0004719; HP:0000822; HP:0002878; HP:0003259; HP:0000105; HP:0004734; HP:0005976,Yes,,
CILP_0192,Nephronophthisis,NPHP3,604387,OMIM:604387,OMIM phenotype entry,Primary,Renal-hepatic ciliopathy,NPHP3,AR,Abdomen; Growth; Genitourinary; Nervous system; Metabolism,14,HP:0003774; HP:0005576; HP:0000083; HP:0000790; HP:0001395; HP:0000090; HP:0000093; HP:0000092; HP:0001508; HP:0001959; HP:0000805; HP:0000108; HP:0000103; HP:0000105,Yes,,
CILP_0193,Nephronophthisis,NPHP4,606966,OMIM:606966,OMIM phenotype entry,Primary,Renal-hepatic ciliopathy,NPHP4,AR,Growth; Genitourinary; Nervous system,9,HP:0003774; HP:0005576; HP:0001959; HP:0001903; HP:0000090; HP:0000108; HP:0000092; HP:0000103; HP:0001510,Yes,,
CILP_0194,Nephronophthisis,NPHP7,611498,OMIM:611498,OMIM phenotype entry,Primary,Renal-hepatic ciliopathy,GLIS2,AR,Genitourinary,3,HP:0003774; HP:0000090; HP:0000092,Yes,,
CILP_0195,Nephronophthisis,NPHPL1,613159,OMIM:613159,OMIM phenotype entry,Primary,Renal-hepatic ciliopathy,XPNPEP3,AR,Abdomen; Ears; Cardiovascular; Genitourinary; Immune system; Nervous system,14,HP:0003774; HP:0001250; HP:0005583; HP:0000090; HP:0000092; HP:0006280; HP:0000407; HP:0100702; HP:0004719; HP:0000822; HP:0030186; HP:0001737; HP:0000108; HP:0001249,Yes,,
CILP_0196,Nephronophthisis,NPHP11,613550,OMIM:613550,OMIM phenotype entry,Primary,Renal-hepatic ciliopathy,TMEM67,AR,Abdomen; Eyes; Growth; Genitourinary; Nervous system,15,HP:0003774; HP:0000486; HP:0009916; HP:0001395; HP:0001263; HP:0005583; HP:0000090; HP:0000092; HP:0001959; HP:0000639; HP:0001903; HP:0000546; HP:0000108; HP:0000103; HP:0001510,Yes,,
CILP_0197,Nephronophthisis,NPHP12,613820,OMIM:613820,OMIM phenotype entry,Primary,Renal-hepatic ciliopathy,TTC21B,AR; AD,Genitourinary,2,HP:0003774; HP:0000090,Yes,,Same OMIM entry also curated under Joubert Syndrome (CILP_0111)
CILP_0198,Nephronophthisis,NPHP9,613824,OMIM:613824,OMIM phenotype entry,Primary,Renal-hepatic ciliopathy,NEK8,AR,Eyes; Growth; Genitourinary; Nervous system,8,HP:0003774; HP:0001959; HP:0001903; HP:0000090; HP:0000546; HP:0008897; HP:0000103; HP:0004734,Yes,,
CILP_0199,Nephronophthisis,NPHP13,614377,OMIM:614377,OMIM phenotype entry,Primary,Renal-hepatic ciliopathy,WDR19,AR,Abdomen; Growth; Genitourinary; Metabolism,14,HP:0003774; HP:0000089; HP:0032948; HP:0000096; HP:0000090; HP:0033149; HP:0000093; HP:0033601; HP:0033867; HP:0012595; HP:0001407; HP:0001737; HP:0004737; HP:0001510,Yes,,
CILP_0200,Nephronophthisis,NPHP14,614844,OMIM:614844,OMIM phenotype entry,Primary,Renal-hepatic ciliopathy,ZNF423,AR; AD,Eyes; Cardiovascular; Genitourinary; Nervous system,5,HP:0001320; HP:0001696; HP:0000090; HP:0000546; HP:0000113,Yes,,Same OMIM entry also curated under Joubert Syndrome (CILP_0119)
CILP_0201,Nephronophthisis,NPHP15,614845,OMIM:614845,OMIM phenotype entry,Primary,Renal-hepatic ciliopathy,CEP164,AR,Eyes; Growth; Genitourinary; Limbs; Nervous system; Metabolism; Skeletal,10,HP:0001320; HP:0000639; HP:0001250; HP:0001263; HP:0000618; HP:0000090; HP:0000546; HP:0010442; HP:0002910; HP:0001513,Yes,,
CILP_0202,Nephronophthisis,NPHP16,615382,OMIM:615382,OMIM phenotype entry,Primary,Renal-hepatic ciliopathy,ANKS6,AR,Abdomen; Cardiovascular; Genitourinary,12,HP:0001650; HP:0003774; HP:0001396; HP:0001696; HP:0000083; HP:0000090; HP:0001639; HP:0001405; HP:0001643; HP:0000113; HP:0001642; HP:0000105,Yes,,
CILP_0203,Nephronophthisis,NPHP18,615862,OMIM:615862,OMIM phenotype entry,Primary,Renal-hepatic ciliopathy,CEP83,AR,Abdomen; Eyes; Cardiovascular; Genitourinary; Nervous system,12,HP:0003774; HP:0001396; HP:0000486; HP:0001970; HP:0000090; HP:0000092; HP:0032118; HP:0006580; HP:0000822; HP:0000238; HP:0001249; HP:0004722,Yes,,
CILP_0204,Nephronophthisis,NPHP19,616217,OMIM:616217,OMIM phenotype entry,Primary,Renal-hepatic ciliopathy,DCDC2,AR,Abdomen; Cardiovascular; Genitourinary; Immune system,10,HP:0003774; HP:0001396; HP:0032948; HP:0001408; HP:0001395; HP:0002240; HP:0004719; HP:0000090; HP:0006563; HP:0001744,Yes,,
CILP_0205,Nephronophthisis,NPHP20,617271,OMIM:617271,OMIM phenotype entry,Primary,Renal-hepatic ciliopathy,MAPKBP1,AR,Genitourinary; Skeletal,6,HP:0003774; HP:0000076; HP:0002650; HP:0000083; HP:0000107; HP:0000090,Yes,,
CILP_0206,Nephronophthisis,NPHP,,ORPHA:655,Orphanet entry (matched by disease name),Primary,Renal-hepatic ciliopathy,ADAMTS9; CC2D2A; CEP290; SDCCAG8,Autosomal recessive,Eyes; Genitourinary,3,HP:0000083; HP:0001903; HP:0007703,Yes,,
CILP_0207,Orofaciodigital Syndrome,OFD5,174300,OMIM:174300,OMIM phenotype entry,Primary,Multisystem ciliopathy,DDX59,AR,Abdomen; Eyes; Ears; Cardiovascular; Genitourinary; Immune system; Head and neck; Limbs; Nervous system; Respiratory; Skeletal; Skin,46,HP:0000365; HP:0001212; HP:0000161; HP:0001274; HP:0000085; HP:0012725; HP:0000180; HP:0012741; HP:0001629; HP:0010297; HP:0010296; HP:0000316; HP:0020045; HP:0000219; HP:0000218; HP:0007687; HP:0004736; HP:0001249; HP:0000175; HP:0000494; HP:0000252; HP:0002650; HP:0000574; HP:0011968; HP:0002197; HP:0001162; HP:0000193; HP:0001263; HP:0002251; HP:0025190; HP:0011802; HP:0100025; HP:0100259; HP:0000668; HP:0001636; HP:0000689; HP:0004209; HP:0007236; HP:0002007; HP:0001830; HP:0002205; HP:0001852; HP:0000369; HP:0000303; HP:0000324; HP:0000588,Yes,,
CILP_0208,Orofaciodigital Syndrome,OFD4,258860,OMIM:258860,OMIM phenotype entry,Primary,Multisystem ciliopathy,TCTN3,AR,Abdomen; Eyes; Ears; Growth; Head and neck; Limbs; Nervous system; Skeletal,22,HP:0000286; HP:0000175; HP:0001770; HP:0002059; HP:0000199; HP:0004322; HP:0001156; HP:0002132; HP:0001161; HP:0000180; HP:0000191; HP:0011802; HP:0100259; HP:0009381; HP:0001829; HP:0000316; HP:0000767; HP:0000218; HP:0030084; HP:0005736; HP:0000347; HP:0000369,Yes,,
CILP_0209,Orofaciodigital Syndrome,OFD6,277170,OMIM:277170,OMIM phenotype entry,Primary,Multisystem ciliopathy,CPLANE1,AR,Abdomen; Eyes; Ears; Cardiovascular; Growth; Genitourinary; Head and neck; Limbs; Nervous system; Skeletal,52,HP:0002982; HP:0001177; HP:0000286; HP:0001770; HP:0004322; HP:0001252; HP:0001290; HP:0000639; HP:0011340; HP:0000316; HP:0009466; HP:0002419; HP:0000878; HP:0001841; HP:0006159; HP:0002139; HP:0000358; HP:0001249; HP:0000175; HP:0002990; HP:0001263; HP:0011802; HP:0100259; HP:0006145; HP:0000405; HP:0000565; HP:0000369; HP:0000204; HP:0002444; HP:0001156; HP:0003097; HP:0001274; HP:0004383; HP:0000180; HP:0002280; HP:0001508; HP:0100702; HP:0000218; HP:0030084; HP:0002436; HP:0000455; HP:0000110; HP:0001320; HP:0000199; HP:0001162; HP:0002132; HP:0001680; HP:0032388; HP:0000191; HP:0002126; HP:0000347; HP:0000104,Yes,,
CILP_0210,Orofaciodigital Syndrome,OFD1,311200,OMIM:311200,OMIM phenotype entry,Primary,Multisystem ciliopathy,OFD1,XLD,Abdomen; Eyes; Ears; Cardiovascular; Growth; Genitourinary; Head and neck; Limbs; Nervous system; Metabolism; Skeletal; Skin,59,HP:0000286; HP:0001056; HP:0000365; HP:0004322; HP:0000161; HP:0001250; HP:0010442; HP:0010297; HP:0010296; HP:0000316; HP:0000238; HP:0009466; HP:0002617; HP:0001407; HP:0001885; HP:0002536; HP:0000113; HP:0001249; HP:0000175; HP:0000494; HP:0000252; HP:0002475; HP:0002350; HP:0000093; HP:0011802; HP:0001737; HP:0000369; HP:0000204; HP:0006349; HP:0000324; HP:0002444; HP:0001596; HP:0001156; HP:0001274; HP:0001395; HP:0002282; HP:0000180; HP:0008070; HP:0011359; HP:0009085; HP:0100702; HP:0006297; HP:0001627; HP:0030084; HP:0000218; HP:0000138; HP:0000670; HP:0002059; HP:0000431; HP:0000199; HP:0000430; HP:0002132; HP:0011069; HP:0000308; HP:0000506; HP:0000822; HP:0002007; HP:0001159; HP:0000268,Yes,,
CILP_0211,Orofaciodigital Syndrome,OFD14,615948,OMIM:615948,OMIM phenotype entry,Primary,Multisystem ciliopathy,C2CD3,AR,Abdomen; Eyes; Ears; Cardiovascular; Genitourinary; Head and neck; Limbs; Nervous system; Respiratory; Skeletal,47,HP:0000243; HP:0000480; HP:0001290; HP:0410030; HP:0032118; HP:0010297; HP:0010055; HP:0007165; HP:0002419; HP:0003429; HP:0001643; HP:0000039; HP:0000358; HP:0000175; HP:0000252; HP:0000054; HP:0001344; HP:0000695; HP:0002079; HP:0001263; HP:0011802; HP:0012583; HP:0100258; HP:0001338; HP:0000369; HP:0000582; HP:0002085; HP:0000180; HP:0010864; HP:0001629; HP:0001305; HP:0008753; HP:0000773; HP:0001545; HP:0001320; HP:0001321; HP:0001360; HP:0001162; HP:0011069; HP:0000308; HP:0000506; HP:0001631; HP:0000028; HP:0000347; HP:0002126; HP:0000588; HP:0009879,Yes,,
CILP_0212,Orofaciodigital Syndrome,OFD15,617127,OMIM:617127,OMIM phenotype entry,Primary,Multisystem ciliopathy,KIAA0753,AR,Eyes; Ears; Genitourinary; Head and neck; Limbs; Nervous system; Skeletal,15,HP:0001320; HP:0000431; HP:0000463; HP:0001162; HP:0001274; HP:0000180; HP:0012368; HP:0009084; HP:0010055; HP:0010066; HP:0000316; HP:0002419; HP:0002119; HP:0000369; HP:0000126,Yes,,
CILP_0213,Orofaciodigital Syndrome,OFD16,617563,OMIM:617563,OMIM phenotype entry,Primary,Multisystem ciliopathy,TMEM107,AR,Abdomen; Eyes; Ears; Head and neck; Limbs; Nervous system; Respiratory; Skeletal,21,HP:0002540; HP:0000023; HP:0001162; HP:0001252; HP:0001263; HP:0001251; HP:0012745; HP:0002282; HP:0001270; HP:0011802; HP:0005280; HP:0010864; HP:0000508; HP:0000657; HP:0002419; HP:0002119; HP:0000488; HP:0001830; HP:0000278; HP:0000369; HP:0002104,Yes,,
CILP_0214,Orofaciodigital Syndrome,OFD17,617926,OMIM:617926,OMIM phenotype entry,Primary,Multisystem ciliopathy,INTU,AR,Ears; Cardiovascular; Growth; Genitourinary; Head and neck; Limbs; Nervous system; Skeletal,23,HP:0004325; HP:0000054; HP:0000365; HP:0000750; HP:0000089; HP:0004322; HP:0000161; HP:0005487; HP:0000470; HP:0003186; HP:0010442; HP:0100759; HP:0009577; HP:0000448; HP:0001636; HP:0006145; HP:0002705; HP:0002119; HP:0003429; HP:0030084; HP:0009944; HP:0000278; HP:0000369,Yes,,
CILP_0215,Orofaciodigital Syndrome,OFD18,617927,OMIM:617927,OMIM phenotype entry,Primary,Multisystem ciliopathy,IFT57,AR,Growth; Genitourinary; Head and neck; Limbs; Skeletal; Skin,21,HP:0000891; HP:0000582; HP:0000321; HP:0000431; HP:0001156; HP:0004322; HP:0002750; HP:0000020; HP:0000350; HP:0410030; HP:0000191; HP:0100259; HP:0100258; HP:0009882; HP:0005819; HP:0000426; HP:0000954; HP:0002857; HP:0001852; HP:0000322; HP:0000699,Yes,,
CILP_0216,Pallister-Hall Syndrome,PHS,146510,OMIM:146510,OMIM phenotype entry,Secondary,General / needs curation,GLI3,AD,Abdomen; Eyes; Ears; Cardiovascular; Endocrine; Growth; Genitourinary; Head and neck; Limbs; Nervous system; Respiratory; Skeletal; Skin,68,HP:0001177; HP:0001770; HP:0002023; HP:0004322; HP:0000089; HP:0002101; HP:0001250; HP:0003196; HP:0000086; HP:0010564; HP:0010567; HP:0002937; HP:0000835; HP:0001841; HP:0001643; HP:0006159; HP:0008734; HP:0007601; HP:0000358; HP:0001249; HP:0006118; HP:0003048; HP:0000054; HP:0000175; HP:0000695; HP:0000453; HP:0000171; HP:0001263; HP:0010112; HP:0100259; HP:0008163; HP:0100258; HP:0010044; HP:0002827; HP:0000568; HP:0000204; HP:0000126; HP:0002444; HP:0008706; HP:0000463; HP:0002164; HP:0005151; HP:0001629; HP:0008551; HP:0008751; HP:0000413; HP:0005349; HP:0001545; HP:0000110; HP:0003027; HP:0000871; HP:0001162; HP:0001360; HP:0000072; HP:0005280; HP:0012165; HP:0000826; HP:0006042; HP:0000902; HP:0008188; HP:0000107; HP:0000824; HP:0001159; HP:0001830; HP:0001511; HP:0001510; HP:0006402; HP:0000028,No,Disease family with fewer than 5 entries,
CILP_0217,Polycystic Kidney Disease,PKD,,OMIM:263200; OMIM:600273; OMIM:600666; OMIM:613095; OMIM:617610; OMIM:618061; OMIM:620056; OMIM:620903; OMIM:621164; ORPHA:730; ORPHA:731,Family-level record (combined OMIM and Orphanet entries),Primary,Renal-hepatic ciliopathy,GLI1; GNAS; PI4KB; PMM2; STAT3; TTC30A,INCOMPLETE_PENETRANCE; AD; AR,Abdomen; Ears; Cardiovascular; Endocrine; Growth; Genitourinary; Immune system; Head and neck; Limbs; Nervous system; Metabolism; Respiratory; Skeletal; Skin,107,HP:0003774; HP:0000010; HP:0001696; HP:0001651; HP:0003155; HP:0000083; HP:0005562; HP:0002240; HP:0011800; HP:0030948; HP:0006254; HP:0000822; HP:0001407; HP:0002900; HP:0000113; HP:0003259; HP:0000952; HP:0000324; HP:0012213; HP:0001997; HP:0001410; HP:0004944; HP:0009717; HP:0006772; HP:0000023; HP:0000074; HP:0012624; HP:0012625; HP:0000093; HP:0012626; HP:0033261; HP:0000003; HP:0000787; HP:0001634; HP:0002089; HP:0005576; HP:0001395; HP:0002040; HP:0001409; HP:0004719; HP:0001944; HP:0001405; HP:0001744; HP:0008659; HP:0001562; HP:0005564; HP:0000107; HP:0001737; HP:0002009; HP:0000105; HP:0002248; HP:0004322; HP:0000097; HP:0000090; HP:0001959; HP:0001712; HP:0000103; HP:0012585; HP:0032948; HP:0005565; HP:0001433; HP:0001396; HP:0001510; HP:0001971; HP:0002612; HP:0002630; HP:0002878; HP:0002902; HP:0004905; HP:0006560; HP:0011040; HP:0011892; HP:0011968; HP:0012202; HP:0100512; HP:0100513; HP:0001541; HP:0001873; HP:0001919; HP:0002239; HP:0002243; HP:0002791; HP:0002884; HP:0006532; HP:0030151; HP:0100520; HP:0000347; HP:0000369; HP:0000457; HP:0002108; HP:0030153; HP:0040064; HP:0100543; HP:0000790; HP:0012591; HP:0012592; HP:0012622; HP:0030157; HP:0000791; HP:0002616; HP:0006557; HP:0008672; HP:0011004; HP:0012207; HP:0012330; HP:0100702; HP:0011760,No,Disease family with fewer than 5 entries,
CILP_0218,Primary Ciliary Dyskinesia,CILD1,244400,OMIM:244400,OMIM phenotype entry,Motile,Motile cilia / laterality,DNAI1,AR,Abdomen; Eyes; Ears; Cardiovascular; Genitourinary; Immune system; Head and neck; Nervous system; Respiratory; Skeletal,20,HP:0002257; HP:0001696; HP:0002110; HP:0003251; HP:0000481; HP:0100582; HP:0002090; HP:0011109; HP:0100750; HP:0012265; HP:0012256; HP:0012263; HP:0001746; HP:0002837; HP:0000458; HP:0000405; HP:0002315; HP:0000389; HP:0001334; HP:0002688,Yes,,
CILP_0219,Primary Ciliary Dyskinesia,CILD36,300991,OMIM:300991,OMIM phenotype entry,Motile,Motile cilia / laterality,DNAAF6,XLR,Ears; Cardiovascular; Genitourinary; Immune system; Head and neck; Respiratory; Skeletal,10,HP:0001696; HP:0002110; HP:0003251; HP:0033036; HP:0012735; HP:0002205; HP:0000389; HP:0001742; HP:0011108; HP:0002643,Yes,,
CILP_0220,Primary Ciliary Dyskinesia,CILD2,606763,OMIM:606763,OMIM phenotype entry,Motile,Motile cilia / laterality,DNAAF3,AR,Ears; Cardiovascular; Genitourinary; Immune system; Head and neck; Respiratory; Skeletal,13,HP:0001696; HP:0000365; HP:0001651; HP:0002098; HP:0002110; HP:0100582; HP:0012259; HP:0012265; HP:0012263; HP:0000789; HP:0000246; HP:0002205; HP:0000388,Yes,,
CILP_0221,Primary Ciliary Dyskinesia,CILD3,608644,OMIM:608644,OMIM phenotype entry,Motile,Motile cilia / laterality,DNAH5,AR,Ears; Cardiovascular; Immune system; Head and neck; Respiratory; Skeletal,8,HP:0012265; HP:0001696; HP:0002110; HP:0033036; HP:0000403; HP:0002205; HP:0011108; HP:0002643,Yes,,
CILP_0222,Primary Ciliary Dyskinesia,CILD5,608647,OMIM:608647,OMIM phenotype entry,Motile,Motile cilia / laterality,HYDIN,AR,Ears; Cardiovascular; Genitourinary; Immune system; Head and neck; Respiratory; Skeletal,15,HP:0002257; HP:0001696; HP:0002110; HP:0100582; HP:0033542; HP:0012207; HP:0011108; HP:0200073; HP:0012265; HP:0000403; HP:0002878; HP:0006532; HP:0002205; HP:0002643; HP:0004469,Yes,,
CILP_0223,Primary Ciliary Dyskinesia,CILD6,610852,OMIM:610852,OMIM phenotype entry,Motile,Motile cilia / laterality,NME8,AR,Immune system; Head and neck; Respiratory; Skeletal,7,HP:0012265; HP:0200109; HP:0012262; HP:0005938; HP:0000246; HP:0002205; HP:0011108,Yes,,
CILP_0224,Primary Ciliary Dyskinesia,CILD7,611884,OMIM:611884,OMIM phenotype entry,Motile,Motile cilia / laterality,DNAH11,AR,Ears; Cardiovascular; Immune system; Head and neck; Respiratory,13,HP:0002257; HP:0001696; HP:0001651; HP:0002110; HP:0033036; HP:0012735; HP:0012258; HP:0002091; HP:0030877; HP:0012265; HP:0012262; HP:0000403; HP:0006532,Yes,,
CILP_0225,Primary Ciliary Dyskinesia,CILD9,612444,OMIM:612444,OMIM phenotype entry,Motile,Motile cilia / laterality,DNAI2,AR,Ears; Cardiovascular; Genitourinary; Immune system; Head and neck; Respiratory; Skeletal,14,HP:0002257; HP:0001696; HP:0002110; HP:0003251; HP:0033036; HP:0012735; HP:0002090; HP:0011109; HP:0011108; HP:0012265; HP:0012256; HP:0000403; HP:0000389; HP:0002643,Yes,,
CILP_0226,Primary Ciliary Dyskinesia,CILD10,612518,OMIM:612518,OMIM phenotype entry,Motile,Motile cilia / laterality,DNAAF2,AR,Ears; Cardiovascular; Immune system; Head and neck; Respiratory; Skeletal,6,HP:0012265; HP:0001696; HP:0005938; HP:0000389; HP:0011109; HP:0011108,Yes,,
CILP_0227,Primary Ciliary Dyskinesia,CILD11,612649,OMIM:612649,OMIM phenotype entry,Motile,Motile cilia / laterality,RSPH4A,AR,Growth; Genitourinary; Immune system; Head and neck; Respiratory; Skeletal,13,HP:0002257; HP:0004322; HP:0002110; HP:0033036; HP:0012207; HP:0011108; HP:0012265; HP:0012260; HP:0012263; HP:0002205; HP:0002643; HP:0003546; HP:0004469,Yes,,
CILP_0228,Primary Ciliary Dyskinesia,CILD12,612650,OMIM:612650,OMIM phenotype entry,Motile,Motile cilia / laterality,RSPH9,AR,Ears; Cardiovascular; Growth; Genitourinary; Immune system; Head and neck; Respiratory; Skeletal,15,HP:0002257; HP:0001696; HP:0004322; HP:0002110; HP:0033036; HP:0012207; HP:0012208; HP:0011109; HP:0012265; HP:0012260; HP:0006510; HP:0002205; HP:0000389; HP:0002643; HP:0003546,Yes,,
CILP_0229,Primary Ciliary Dyskinesia,CILD13,613193,OMIM:613193,OMIM phenotype entry,Motile,Motile cilia / laterality,DNAAF1,AR,Ears; Cardiovascular; Genitourinary; Immune system; Head and neck; Respiratory; Skeletal,10,HP:0012265; HP:0001696; HP:0012256; HP:0002110; HP:0012263; HP:0000789; HP:0002837; HP:0000403; HP:0012257; HP:0011108,Yes,,
CILP_0230,Primary Ciliary Dyskinesia,CILD14,613807,OMIM:613807,OMIM phenotype entry,Motile,Motile cilia / laterality,CCDC39,AR,Abdomen; Ears; Cardiovascular; Growth; Genitourinary; Immune system; Head and neck; Respiratory; Skeletal,20,HP:0030853; HP:0001696; HP:0003251; HP:0012207; HP:0012208; HP:0001748; HP:0006532; HP:0031417; HP:0002110; HP:0012735; HP:0030828; HP:0012257; HP:0011109; HP:0012258; HP:0012265; HP:0012262; HP:0002205; HP:0000388; HP:0002643; HP:0004469,Yes,,
CILP_0231,Primary Ciliary Dyskinesia,CILD15,613808,OMIM:613808,OMIM phenotype entry,Motile,Motile cilia / laterality,CCDC40,AR,Ears; Cardiovascular; Genitourinary; Immune system; Head and neck; Respiratory; Skeletal,16,HP:0031417; HP:0001696; HP:0002110; HP:0012735; HP:0030828; HP:0100582; HP:0012208; HP:0011109; HP:0012258; HP:0012265; HP:0000789; HP:0000403; HP:0006532; HP:0002205; HP:0002643; HP:0004469,Yes,,
CILP_0232,Primary Ciliary Dyskinesia,CILD16,614017,OMIM:614017,OMIM phenotype entry,Motile,Motile cilia / laterality,DNAL1,AR,Ears; Cardiovascular; Immune system; Head and neck; Respiratory; Skeletal,9,HP:0002257; HP:0012265; HP:0001696; HP:0012256; HP:0002110; HP:0012262; HP:0010444; HP:0000389; HP:0011109,Yes,,
CILP_0233,Primary Ciliary Dyskinesia,CILD17,614679,OMIM:614679,OMIM phenotype entry,Motile,Motile cilia / laterality,CCDC103,AR,Ears; Cardiovascular; Immune system; Head and neck; Respiratory; Skeletal,10,HP:0002257; HP:0012265; HP:0001696; HP:0012255; HP:0001651; HP:0002110; HP:0012735; HP:0000403; HP:0011109; HP:0002205,Yes,,
CILP_0234,Primary Ciliary Dyskinesia,CILD18,614874,OMIM:614874,OMIM phenotype entry,Motile,Motile cilia / laterality,DNAAF5,AR,Abdomen; Ears; Cardiovascular; Growth; Genitourinary; Immune system; Head and neck; Respiratory; Skeletal,15,HP:0001696; HP:0003251; HP:0033036; HP:0012208; HP:0031565; HP:0012257; HP:0011108; HP:0200073; HP:0012265; HP:0012256; HP:0012384; HP:0012263; HP:0000403; HP:0002643; HP:0004469,Yes,,
CILP_0235,Primary Ciliary Dyskinesia,CILD19,614935,OMIM:614935,OMIM phenotype entry,Motile,Motile cilia / laterality,LRRC6,AR,Ears; Cardiovascular; Genitourinary; Immune system; Head and neck; Respiratory; Skeletal,13,HP:0001696; HP:0002110; HP:0003251; HP:0100582; HP:0011108; HP:0012259; HP:0200073; HP:0012265; HP:0012263; HP:0012384; HP:0000403; HP:0002205; HP:0004469,Yes,,
CILP_0236,Primary Ciliary Dyskinesia,CILD20,615067,OMIM:615067,OMIM phenotype entry,Motile,Motile cilia / laterality,ODAD1,AR,Ears; Cardiovascular; Genitourinary; Immune system; Head and neck; Respiratory; Skeletal,22,HP:0001650; HP:0031417; HP:0001696; HP:0001651; HP:0000144; HP:0005301; HP:0002110; HP:0031245; HP:0002092; HP:0100750; HP:0011538; HP:0011108; HP:0200073; HP:0012265; HP:0012256; HP:0001629; HP:0001719; HP:0000403; HP:0006532; HP:0002205; HP:0004415; HP:0002105,Yes,,
CILP_0237,Primary Ciliary Dyskinesia,CILD21,615294,OMIM:615294,OMIM phenotype entry,Motile,Motile cilia / laterality,DRC1,AR,Ears; Immune system; Head and neck; Respiratory; Skeletal,8,HP:0012265; HP:0002110; HP:0033036; HP:0000403; HP:0006532; HP:0100750; HP:0011109; HP:0002643,Yes,,
CILP_0238,Primary Ciliary Dyskinesia,CILD22,615444,OMIM:615444,OMIM phenotype entry,Motile,Motile cilia / laterality,ZMYND10,AR,Ears; Cardiovascular; Genitourinary; Immune system; Head and neck; Respiratory; Skeletal,17,HP:0001696; HP:0001651; HP:0002110; HP:0033036; HP:0012207; HP:0100582; HP:0011108; HP:0012259; HP:0200073; HP:0012265; HP:0012384; HP:0012263; HP:0000789; HP:0000403; HP:0002205; HP:0002643; HP:0004469,Yes,,
CILP_0239,Primary Ciliary Dyskinesia,CILD23,615451,OMIM:615451,OMIM phenotype entry,Motile,Motile cilia / laterality,ODAD2,AR,Ears; Cardiovascular; Immune system; Head and neck; Respiratory; Skeletal,11,HP:0200073; HP:0012265; HP:0002257; HP:0001696; HP:0002110; HP:0000403; HP:0031245; HP:0006532; HP:0011108; HP:0002643; HP:0004469,Yes,,
CILP_0240,Primary Ciliary Dyskinesia,CILD24,615481,OMIM:615481,OMIM phenotype entry,Motile,Motile cilia / laterality,RSPH1,AR,Ears; Cardiovascular; Genitourinary; Immune system; Head and neck; Respiratory; Skeletal,11,HP:0012265; HP:0002257; HP:0001696; HP:0002110; HP:0012263; HP:0000789; HP:0033036; HP:0000403; HP:0006510; HP:0011108; HP:0002643,Yes,,
CILP_0241,Primary Ciliary Dyskinesia,CILD25,615482,OMIM:615482,OMIM phenotype entry,Motile,Motile cilia / laterality,DNAAF4,AR,Abdomen; Ears; Cardiovascular; Genitourinary; Immune system; Head and neck; Nervous system; Respiratory; Skeletal,19,HP:0000252; HP:0002257; HP:0001696; HP:0001651; HP:0002110; HP:0002020; HP:0031245; HP:0034315; HP:0011108; HP:0012265; HP:0012263; HP:0000789; HP:0000403; HP:0001748; HP:0006532; HP:0006510; HP:0002205; HP:0002643; HP:0004469,Yes,,
CILP_0242,Primary Ciliary Dyskinesia,CILD26,615500,OMIM:615500,OMIM phenotype entry,Motile,Motile cilia / laterality,CFAP298,AR,Ears; Cardiovascular; Genitourinary; Immune system; Head and neck; Respiratory; Skeletal,15,HP:0001696; HP:0002110; HP:0033036; HP:0012207; HP:0011108; HP:0200073; HP:0012265; HP:0012256; HP:0012384; HP:0012263; HP:0000789; HP:0000403; HP:0002205; HP:0002643; HP:0004469,Yes,,
CILP_0243,Primary Ciliary Dyskinesia,CILD27,615504,OMIM:615504,OMIM phenotype entry,Motile,Motile cilia / laterality,CCDC65,AR,Ears; Cardiovascular; Immune system; Head and neck; Respiratory; Skeletal,12,HP:0001696; HP:0002110; HP:0033036; HP:0011109; HP:0011108; HP:0200073; HP:0012265; HP:0012384; HP:0000403; HP:0002205; HP:0002643; HP:0004469,Yes,,
CILP_0244,Primary Ciliary Dyskinesia,CILD28,615505,OMIM:615505,OMIM phenotype entry,Motile,Motile cilia / laterality,SPAG1,AR,Ears; Cardiovascular; Immune system; Head and neck; Respiratory; Skeletal,12,HP:0001696; HP:0002110; HP:0033036; HP:0011108; HP:0200073; HP:0012265; HP:0012255; HP:0012384; HP:0000403; HP:0002205; HP:0002643; HP:0004469,Yes,,
CILP_0245,Primary Ciliary Dyskinesia,CILD29,615872,OMIM:615872,OMIM phenotype entry,Motile,Motile cilia / laterality,CCNO,AR,Cardiovascular; Genitourinary; Immune system; Metabolism; Respiratory,9,HP:0012265; HP:0004313; HP:0001696; HP:0002110; HP:0000789; HP:0033036; HP:0002205; HP:0100750; HP:0012236,Yes,,
CILP_0246,Primary Ciliary Dyskinesia,CILD30,616037,OMIM:616037,OMIM phenotype entry,Motile,Motile cilia / laterality,ODAD3,AR,Ears; Cardiovascular; Immune system; Head and neck; Respiratory; Skeletal,17,HP:0001696; HP:0001651; HP:0002099; HP:0002110; HP:0033036; HP:0012735; HP:0100582; HP:0002093; HP:0011109; HP:0200073; HP:0012265; HP:0012256; HP:0001629; HP:0000403; HP:0001742; HP:0002205; HP:0004469,Yes,,
CILP_0247,Primary Ciliary Dyskinesia,CILD32,616481,OMIM:616481,OMIM phenotype entry,Motile,Motile cilia / laterality,RSPH3,AR,Ears; Cardiovascular; Genitourinary; Immune system; Head and neck; Respiratory; Skeletal,13,HP:0002257; HP:0001696; HP:0002110; HP:0033036; HP:0011109; HP:0012265; HP:0012267; HP:0012263; HP:0000789; HP:0000403; HP:0006510; HP:0002205; HP:0002643,Yes,,
CILP_0248,Primary Ciliary Dyskinesia,CILD33,616726,OMIM:616726,OMIM phenotype entry,Motile,Motile cilia / laterality,GAS8,AR,Ears; Immune system; Head and neck; Respiratory,10,HP:0002257; HP:0012265; HP:0002783; HP:0002110; HP:0002837; HP:0000403; HP:0012735; HP:0006532; HP:0000405; HP:0100750,Yes,,
CILP_0249,Primary Ciliary Dyskinesia,CILD34,617091,OMIM:617091,OMIM phenotype entry,Motile,Motile cilia / laterality,DNAJB13,AR,Genitourinary; Immune system; Head and neck; Respiratory; Skeletal,10,HP:0012264; HP:0002257; HP:0002110; HP:0003251; HP:0033036; HP:0033158; HP:0002837; HP:0012208; HP:0011108; HP:0002643,Yes,,
CILP_0250,Primary Ciliary Dyskinesia,CILD35,617092,OMIM:617092,OMIM phenotype entry,Motile,Motile cilia / laterality,ODAD4,AR,Abdomen; Ears; Cardiovascular; Growth; Immune system; Head and neck; Respiratory; Skeletal,11,HP:0002257; HP:0001696; HP:0002110; HP:0033036; HP:0100582; HP:0031245; HP:0031565; HP:0011109; HP:0006532; HP:0000389; HP:0002643,Yes,,
CILP_0251,Primary Ciliary Dyskinesia,CILD37,617577,OMIM:617577,OMIM phenotype entry,Motile,Motile cilia / laterality,DNAH1,AR,Ears; Cardiovascular; Endocrine; Genitourinary; Head and neck; Respiratory,11,HP:0002257; HP:0031417; HP:0000365; HP:0001696; HP:0001651; HP:0002110; HP:0030828; HP:0012020; HP:0008222; HP:0000821; HP:0000853,Yes,,
CILP_0252,Primary Ciliary Dyskinesia,CILD38,618063,OMIM:618063,OMIM phenotype entry,Motile,Motile cilia / laterality,CFAP300,AR,Ears; Cardiovascular; Genitourinary; Immune system; Head and neck; Respiratory; Skeletal,13,HP:0001696; HP:0001651; HP:0002110; HP:0033036; HP:0031245; HP:0011109; HP:0012259; HP:0012384; HP:0012263; HP:0000789; HP:0000405; HP:0000389; HP:0002643,Yes,,
CILP_0253,Primary Ciliary Dyskinesia,CILD39,618254,OMIM:618254,OMIM phenotype entry,Motile,Motile cilia / laterality,LRRC56,AR,Ears; Cardiovascular; Immune system; Respiratory,9,HP:0031417; HP:0006528; HP:0001651; HP:0002783; HP:0002110; HP:0001719; HP:0033036; HP:0012735; HP:0000403,Yes,,
CILP_0254,Primary Ciliary Dyskinesia,CILD40,618300,OMIM:618300,OMIM phenotype entry,Motile,Motile cilia / laterality,DNAH9,AR,Cardiovascular; Growth; Genitourinary; Immune system; Head and neck; Respiratory; Skeletal,17,HP:0002257; HP:0001696; HP:0033036; HP:0033158; HP:0012735; HP:0011109; HP:0031854; HP:0011579; HP:0012256; HP:0011540; HP:0011671; HP:0012020; HP:0032342; HP:0000789; HP:0006695; HP:0001643; HP:0000027,Yes,,
CILP_0255,Primary Ciliary Dyskinesia,CILD41,618449,OMIM:618449,OMIM phenotype entry,Motile,Motile cilia / laterality,GAS2L2,AR,Ears; Genitourinary; Immune system; Head and neck; Respiratory; Skeletal,6,HP:0031603; HP:0002110; HP:0000789; HP:0000403; HP:0012208; HP:0011108,Yes,,
CILP_0256,Primary Ciliary Dyskinesia,CILD42,618695,OMIM:618695,OMIM phenotype entry,Motile,Motile cilia / laterality,MCIDAS,AR,Immune system; Head and neck; Respiratory; Skeletal,9,HP:0002257; HP:0002110; HP:0032341; HP:0033036; HP:0100582; HP:0006510; HP:0002093; HP:0002090; HP:0011108,Yes,,
CILP_0257,Primary Ciliary Dyskinesia,CILD43,618699,OMIM:618699,OMIM phenotype entry,Motile,Motile cilia / laterality,FOXJ1,AD,Abdomen; Growth; Immune system; Head and neck; Nervous system; Respiratory; Skeletal,9,HP:0002257; HP:0002783; HP:0003363; HP:0002110; HP:0031245; HP:0002788; HP:0011109; HP:0010953; HP:0002643,Yes,,
CILP_0258,Primary Ciliary Dyskinesia,CILD44,618781,OMIM:618781,OMIM phenotype entry,Motile,Motile cilia / laterality,NEK10,AR,Ears; Growth; Immune system; Head and neck; Metabolism; Respiratory; Skeletal,9,HP:0030853; HP:0002110; HP:0032341; HP:0032342; HP:0033036; HP:0011108; HP:0040128; HP:0000388; HP:0002643,Yes,,
CILP_0259,Primary Ciliary Dyskinesia,CILD45,618801,OMIM:618801,OMIM phenotype entry,Motile,Motile cilia / laterality,TTC12,AR,Genitourinary; Immune system; Head and neck; Respiratory,6,HP:0002257; HP:0002110; HP:0003251; HP:0012263; HP:0002205; HP:0012259,Yes,,
CILP_0260,Primary Ciliary Dyskinesia,CILD46,619436,OMIM:619436,OMIM phenotype entry,Motile,Motile cilia / laterality,STK36,AR,Ears; Genitourinary; Immune system; Head and neck; Respiratory; Skeletal,9,HP:0012265; HP:0000365; HP:0002110; HP:0032341; HP:0032342; HP:0000403; HP:0012207; HP:0006532; HP:0011108,Yes,,
CILP_0261,Primary Ciliary Dyskinesia,CILD47,619466,OMIM:619466,OMIM phenotype entry,Motile,Motile cilia / laterality,TP73,AR,Ears; Immune system; Nervous system; Respiratory,10,HP:0002079; HP:0002098; HP:0001250; HP:0002110; HP:0001274; HP:0001339; HP:0000389; HP:0002205; HP:0100750; HP:0031602,Yes,,
CILP_0262,Primary Ciliary Dyskinesia,CILD,,ORPHA:244,Orphanet entry (matched by disease name),Motile,Motile cilia / laterality,AKNA; BRWD1; CEP164; CFAP206; CFAP221; CFAP54; CFAP57; CFAP74; CRHR1; DNAH14; DNAH7; DYNLRB2; GOLGA3; IFT46; KRT34; NME5; NME7; OFD1; RSPH3; SPAG16; SPAG6; SPEF2; USP11; WDR16,Autosomal recessive,Abdomen; Eyes; Ears; Cardiovascular; Genitourinary; Immune system; Head and neck; Limbs; Nervous system; Respiratory; Skeletal,46,HP:0000389; HP:0000403; HP:0001742; HP:0002257; HP:0002643; HP:0003251; HP:0005425; HP:0011109; HP:0011947; HP:0012206; HP:0031245; HP:0032016; HP:0100582; HP:0000119; HP:0000365; HP:0000405; HP:0000750; HP:0000924; HP:0001217; HP:0001627; HP:0001696; HP:0002011; HP:0002110; HP:0006536; HP:0008222; HP:0011274; HP:0011617; HP:0025177; HP:0030680; HP:0030828; HP:0032543; HP:0100750; HP:0000238; HP:0000510; HP:0001669; HP:0001719; HP:0001746; HP:0001748; HP:0002119; HP:0002566; HP:0002878; HP:0005301; HP:0010772; HP:0011535; HP:0011539; HP:0025576,Yes,,
CILP_0263,RHYNS  Syndrome,RHYNS,602152,OMIM:602152,OMIM phenotype entry,Primary,General / needs curation,TMEM67,AR,Eyes; Ears; Endocrine; Growth; Genitourinary; Head and neck; Limbs; Nervous system; Skeletal,24,HP:0002684; HP:0004322; HP:0001156; HP:0000083; HP:0012622; HP:0100864; HP:0000939; HP:0000938; HP:0000510; HP:0000577; HP:0000830; HP:0007824; HP:0002652; HP:0003026; HP:0002750; HP:0000490; HP:0034323; HP:0000090; HP:0000407; HP:0000508; HP:0008245; HP:0000824; HP:0000405; HP:0002986,No,Disease family with fewer than 5 entries,
CILP_0264,Renal-hepatic-pancreatic Dysplasia,RHPD1,208540,OMIM:208540,OMIM phenotype entry,Primary,Renal-hepatic ciliopathy,NPHP3,AR,Abdomen; Cardiovascular; Genitourinary; Immune system; Head and neck; Nervous system; Respiratory; Skeletal; Skin,31,HP:0001650; HP:0003774; HP:0001396; HP:0004467; HP:0002089; HP:0001696; HP:0000083; HP:0001395; HP:0001394; HP:0002240; HP:0001409; HP:0001408; HP:0001746; HP:0006276; HP:0001305; HP:0001407; HP:0001748; HP:0001643; HP:0002613; HP:0000113; HP:0001744; HP:0001562; HP:0000110; HP:0100732; HP:0006563; HP:0001737; HP:0002009; HP:0001631; HP:0000105; HP:0002566; HP:0005999,No,Disease family with fewer than 5 entries,
CILP_0265,Renal-hepatic-pancreatic Dysplasia,RHPD2,615415,OMIM:615415,OMIM phenotype entry,Primary,Renal-hepatic ciliopathy,NEK8,AR,Abdomen; Cardiovascular; Genitourinary; Immune system; Head and neck; Limbs; Respiratory; Skeletal,19,HP:0001650; HP:0001562; HP:0001396; HP:0001660; HP:0002980; HP:0002089; HP:0001696; HP:0001762; HP:0002101; HP:0001395; HP:0002240; HP:0002280; HP:0001639; HP:0001746; HP:0000800; HP:0006563; HP:0001407; HP:0001642; HP:0000105,No,Disease family with fewer than 5 entries,
CILP_0266,Renal-hepatic-pancreatic Dysplasia,RHPD,,ORPHA:294415,Orphanet entry (matched by disease name),Primary,Renal-hepatic ciliopathy,DNAJB11,Needs curation,Abdomen; Cardiovascular; Endocrine; Genitourinary; Immune system; Metabolism; Respiratory; Skeletal; Skin,34,HP:0000110; HP:0002240; HP:0000083; HP:0000105; HP:0000107; HP:0001562; HP:0002643; HP:0002904; HP:0005232; HP:0006566; HP:0030146; HP:0030948; HP:0030992; HP:0031956; HP:0031964; HP:0100651; HP:0100732; HP:0000104; HP:0000952; HP:0001394; HP:0001395; HP:0001407; HP:0001642; HP:0001643; HP:0001650; HP:0001737; HP:0001744; HP:0001746; HP:0001790; HP:0002089; HP:0003312; HP:0004890; HP:0033478; HP:0410288,No,Disease family with fewer than 5 entries,
CILP_0267,Retinal Dystrophy,RDMS,617547,OMIM:617547,OMIM phenotype entry,Primary,Retinal ciliopathy,CFAP410,AR,Eyes; Cardiovascular; Growth; Nervous system,13,HP:0007814; HP:0007737; HP:0000662; HP:0004322; HP:0030856; HP:0100018; HP:0000613; HP:0007663; HP:0001956; HP:0000603; HP:0007787; HP:0007843; HP:0000556,No,Disease family with fewer than 5 entries,
CILP_0268,Retinal Dystrophy,RDMS,,OMIM:617547,Family-level record (combined OMIM entries),Primary,Retinal ciliopathy,CEP83; TTC21B,AR,Eyes; Cardiovascular; Growth; Nervous system,13,HP:0007814; HP:0007737; HP:0000662; HP:0004322; HP:0030856; HP:0100018; HP:0000613; HP:0007663; HP:0001956; HP:0000603; HP:0007787; HP:0007843; HP:0000556,No,Disease family with fewer than 5 entries,
CILP_0269,Retinitis Pigmentosa,RP91,153870,OMIM:153870,OMIM phenotype entry,Secondary,Retinal ciliopathy,IMPG1,AD,Eyes,3,HP:0008001; HP:0007641; HP:0007754,Yes,,
CILP_0270,Retinitis Pigmentosa,RP1,180100,OMIM:180100,OMIM phenotype entry,Secondary,Retinal ciliopathy,RP1,AR; AD,Eyes; Cardiovascular,10,HP:0001133; HP:0007737; HP:0000662; HP:0007663; HP:0000510; HP:0007688; HP:0000543; HP:0007843; HP:0000575; HP:0000545,Yes,,
CILP_0271,Retinitis Pigmentosa,RP9,180104,OMIM:180104,OMIM phenotype entry,Secondary,Retinal ciliopathy,RP9,AD,Eyes,8,HP:0001133; HP:0007737; HP:0000662; HP:0040049; HP:0000518; HP:0007401; HP:0000510; HP:0007688,Yes,,
CILP_0272,Retinitis Pigmentosa,RP10,180105,OMIM:180105,OMIM phenotype entry,Secondary,Retinal ciliopathy,IMPDH1,AD,Eyes; Cardiovascular,11,HP:0001133; HP:0007737; HP:0000662; HP:0031609; HP:0011504; HP:0007663; HP:0000543; HP:0007787; HP:0000510; HP:0007688; HP:0007843,Yes,,
CILP_0273,Retinitis Pigmentosa,RP3,300029,OMIM:300029,OMIM phenotype entry,Secondary,Retinal ciliopathy,RPGR,XL,Eyes; Nervous system,10,HP:0001133; HP:0007737; HP:0000662; HP:0000551; HP:0030529; HP:0011003; HP:0034272; HP:0000613; HP:0007663; HP:0000510,Yes,,
CILP_0274,Retinitis Pigmentosa,RP23,300424,OMIM:300424,OMIM phenotype entry,Secondary,Retinal ciliopathy,OFD1,XLR,Eyes; Cardiovascular; Nervous system,11,HP:0025573; HP:0001133; HP:0000551; HP:0001141; HP:0030825; HP:0000613; HP:0000510; HP:0007787; HP:0007722; HP:0007843; HP:0025549,Yes,,
CILP_0275,Retinitis Pigmentosa,RP2,312600,OMIM:312600,OMIM phenotype entry,Secondary,Retinal ciliopathy,RP2,XL,Eyes,13,HP:0001133; HP:0001099; HP:0000662; HP:0000580; HP:0011003; HP:0030529; HP:0011504; HP:0000518; HP:0007761; HP:0000603; HP:0000510; HP:0000545; HP:0000533,Yes,,
CILP_0276,Retinitis Pigmentosa,RP12,600105,OMIM:600105,OMIM phenotype entry,Secondary,Retinal ciliopathy,CRB1,AR,Eyes; Cardiovascular,10,HP:0000550; HP:0007737; HP:0000662; HP:0000639; HP:0008499; HP:0007663; HP:0000510; HP:0000543; HP:0007843; HP:0000577,Yes,,
CILP_0277,Retinitis Pigmentosa,RP14,600132,OMIM:600132,OMIM phenotype entry,Secondary,Retinal ciliopathy,TULP1,AR,Eyes; Cardiovascular; Head and neck,10,HP:0000550; HP:0001133; HP:0007737; HP:0000662; HP:0000639; HP:0008043; HP:0007663; HP:0000510; HP:0007787; HP:0000543,Yes,,
CILP_0278,Retinitis Pigmentosa,RP11,600138,OMIM:600138,OMIM phenotype entry,Secondary,Retinal ciliopathy,PRPF31,INCOMPLETE_PENETRANCE; AD,Eyes,11,HP:0001133; HP:0007737; HP:0000662; HP:0030629; HP:0040049; HP:0000608; HP:0000618; HP:0007663; HP:0007401; HP:0000510; HP:0000543,Yes,,
CILP_0279,Retinitis Pigmentosa,RP18,601414,OMIM:601414,OMIM phenotype entry,Secondary,Retinal ciliopathy,PRPF31,AD,Eyes; Cardiovascular; Head and neck,5,HP:0000662; HP:0008043; HP:0000510; HP:0000575; HP:0007987,Yes,,
CILP_0280,Retinitis Pigmentosa,RP19,601718,OMIM:601718,OMIM phenotype entry,Secondary,Retinal ciliopathy,ABCA4,AR,Eyes; Cardiovascular,10,HP:0001133; HP:0007737; HP:0000662; HP:0007663; HP:0000505; HP:0000510; HP:0000543; HP:0007843; HP:0007722; HP:0000512,Yes,,
CILP_0281,Retinitis Pigmentosa,RP25,602772,OMIM:602772,OMIM phenotype entry,Secondary,Retinal ciliopathy,EYS,AR,Eyes; Cardiovascular; Nervous system,10,HP:0001133; HP:0000550; HP:0007737; HP:0000662; HP:0000613; HP:0000510; HP:0000543; HP:0007787; HP:0007843; HP:0000533,Yes,,
CILP_0282,Retinitis Pigmentosa,RP28,606068,OMIM:606068,OMIM phenotype entry,Secondary,Retinal ciliopathy,FAM161A,AR,Eyes,5,HP:0001133; HP:0007737; HP:0000662; HP:0000510; HP:0000543,Yes,,
CILP_0283,Retinitis Pigmentosa,RP30,607921,OMIM:607921,OMIM phenotype entry,Secondary,Retinal ciliopathy,FSCN2,AD,Eyes; Cardiovascular,7,HP:0007737; HP:0000662; HP:0000505; HP:0000648; HP:0000510; HP:0007843; HP:0000533,Yes,,
CILP_0284,Retinitis Pigmentosa,RP7,608133,OMIM:608133,OMIM phenotype entry,Secondary,Retinal ciliopathy,ROM1,AR; AD,Eyes; Cardiovascular,8,HP:0001133; HP:0000662; HP:0000580; HP:0007830; HP:0000510; HP:0007843; HP:0000512; HP:0000533,Yes,,Same OMIM entry also curated under Leber Congenital Amaurosis (CILP_0154)
CILP_0285,Retinitis Pigmentosa,RP26,608380,OMIM:608380,OMIM phenotype entry,Secondary,Retinal ciliopathy,CERKL,AR,Eyes; Cardiovascular,6,HP:0001133; HP:0000505; HP:0000543; HP:0007688; HP:0000510; HP:0007843,Yes,,
CILP_0286,Retinitis Pigmentosa,RP32,609913,OMIM:609913,OMIM phenotype entry,Secondary,Retinal ciliopathy,CLCC1,AR,Eyes; Cardiovascular; Nervous system,10,HP:0000550; HP:0007737; HP:0000662; HP:0000580; HP:0030609; HP:0000613; HP:0000546; HP:0007663; HP:0000543; HP:0007843,Yes,,
CILP_0287,Retinitis Pigmentosa,RP31,609923,OMIM:609923,OMIM phenotype entry,Secondary,Retinal ciliopathy,TOPORS,AD,Eyes; Cardiovascular,5,HP:0001123; HP:0000510; HP:0007722; HP:0007843; HP:0000512,Yes,,
CILP_0288,Retinitis Pigmentosa,RP35,610282,OMIM:610282,OMIM phenotype entry,Secondary,Retinal ciliopathy,SEMA4A,AR,Eyes,4,HP:0000662; HP:0000618; HP:0007663; HP:0000510,Yes,,
CILP_0289,Retinitis Pigmentosa,RP33,610359,OMIM:610359,OMIM phenotype entry,Secondary,Retinal ciliopathy,SNRNP200,AD,Eyes; Cardiovascular,7,HP:0007737; HP:0000662; HP:0000505; HP:0000543; HP:0000510; HP:0007843; HP:0007722,Yes,,
CILP_0290,Retinitis Pigmentosa,RP36,610599,OMIM:610599,OMIM phenotype entry,Secondary,Retinal ciliopathy,PRCD,AR,Eyes; Cardiovascular,6,HP:0000550; HP:0007737; HP:0000608; HP:0000510; HP:0000543; HP:0007843,Yes,,
CILP_0291,Retinitis Pigmentosa,RP37,611131,OMIM:611131,OMIM phenotype entry,Secondary,Retinal ciliopathy,NR2E3,AR; AD,Eyes; Nervous system,12,HP:0001133; HP:0000662; HP:0000552; HP:0000580; HP:0100018; HP:0000613; HP:0007663; HP:0008028; HP:0007787; HP:0000642; HP:0000510; HP:0007688,Yes,,
CILP_0292,Retinitis Pigmentosa,RP41,612095,OMIM:612095,OMIM phenotype entry,Secondary,Retinal ciliopathy,PROM1,AR,Eyes; Cardiovascular,11,HP:0000550; HP:0007737; HP:0000662; HP:0001141; HP:0000580; HP:0000639; HP:0000608; HP:0007994; HP:0000510; HP:0000543; HP:0007843,Yes,,
CILP_0293,Retinitis Pigmentosa,RP46,612572,OMIM:612572,OMIM phenotype entry,Secondary,Retinal ciliopathy,IDH3B,AR,Eyes; Cardiovascular,8,HP:0001133; HP:0000580; HP:0000505; HP:0000510; HP:0000543; HP:0007787; HP:0007843; HP:0000654,Yes,,
CILP_0294,Retinitis Pigmentosa,RP13,612712,OMIM:612712,OMIM phenotype entry,Secondary,Retinal ciliopathy,RDH12,AR; AD,Eyes; Cardiovascular,5,HP:0007737; HP:0007663; HP:0000543; HP:0007843; HP:0000556,Yes,,Same OMIM entry also curated under Leber Congenital Amaurosis (CILP_0158)
CILP_0295,Retinitis Pigmentosa,RP42,612943,OMIM:612943,OMIM phenotype entry,Secondary,Retinal ciliopathy,KLHL7,AD,Eyes,5,HP:0500087; HP:0007663; HP:0030629; HP:0000510; HP:0011505,Yes,,
CILP_0296,Retinitis Pigmentosa,RP50,613194,OMIM:613194,OMIM phenotype entry,Secondary,Retinal ciliopathy,BEST1,AD,Eyes; Cardiovascular,8,HP:0012045; HP:0000662; HP:0000541; HP:0007663; HP:0000543; HP:0000510; HP:0007843; HP:0000512,Yes,,
CILP_0297,Retinitis Pigmentosa,RP54,613428,OMIM:613428,OMIM phenotype entry,Secondary,Retinal ciliopathy,PCARE,AR,Eyes; Cardiovascular,7,HP:0007737; HP:0001099; HP:0000662; HP:0000505; HP:0000510; HP:0007843; HP:0000512,Yes,,
CILP_0298,Retinitis Pigmentosa,RP51,613464,OMIM:613464,OMIM phenotype entry,Secondary,Retinal ciliopathy,TTC8,AR,Eyes; Cardiovascular; Growth; Genitourinary; Limbs; Nervous system; Skeletal; Skin,15,HP:0000077; HP:0007737; HP:0000662; HP:0000980; HP:0001263; HP:0010442; HP:0011003; HP:0000608; HP:0008323; HP:0000613; HP:0007663; HP:0000505; HP:0000510; HP:0007843; HP:0001513,Yes,,
CILP_0299,Retinitis Pigmentosa,RP55,613575,OMIM:613575,OMIM phenotype entry,Secondary,Retinal ciliopathy,ARL6,AR,Eyes,1,HP:0000510,Yes,,
CILP_0300,Retinitis Pigmentosa,RP56,613581,OMIM:613581,OMIM phenotype entry,Secondary,Retinal ciliopathy,IMPG2,AR,Eyes; Cardiovascular,12,HP:0007737; HP:0000662; HP:0001123; HP:0000580; HP:0030856; HP:0100018; HP:0007663; HP:0007787; HP:0000510; HP:0000543; HP:0007843; HP:0007722,Yes,,
CILP_0301,Retinitis Pigmentosa,RP57,613582,OMIM:613582,OMIM phenotype entry,Secondary,Retinal ciliopathy,PDE6G,AR,Eyes; Cardiovascular,8,HP:0001133; HP:0007737; HP:0007663; HP:0011505; HP:0000543; HP:0000510; HP:0030825; HP:0007843,Yes,,
CILP_0302,Retinitis Pigmentosa,RP58,613617,OMIM:613617,OMIM phenotype entry,Secondary,Retinal ciliopathy,ZNF513,AR,Eyes; Cardiovascular,9,HP:0007737; HP:0000662; HP:0000608; HP:0001141; HP:0008323; HP:0007994; HP:0000543; HP:0000510; HP:0007843,Yes,,
CILP_0303,Retinitis Pigmentosa,RP65,613660,OMIM:613660,OMIM phenotype entry,Secondary,Retinal ciliopathy,CDHR1,AR,Eyes; Cardiovascular; Nervous system,8,HP:0001133; HP:0000662; HP:0000551; HP:0000529; HP:0000613; HP:0000510; HP:0007722; HP:0007843,Yes,,Same OMIM entry also curated under Cone-Rod Dystrophy (CILP_0065)
CILP_0304,Retinitis Pigmentosa,RP4,613731,OMIM:613731,OMIM phenotype entry,Secondary,Retinal ciliopathy,RHO,AR; AD,Eyes; Cardiovascular,11,HP:0007737; HP:0000662; HP:0001123; HP:0000580; HP:0000518; HP:0000618; HP:0007663; HP:0000510; HP:0007843; HP:0000512; HP:0001105,Yes,,
CILP_0305,Retinitis Pigmentosa,RP27,613750,OMIM:613750,OMIM phenotype entry,Secondary,Retinal ciliopathy,NRL,INCOMPLETE_PENETRANCE; AD,Eyes; Cardiovascular,13,HP:0001133; HP:0000550; HP:0007737; HP:0000662; HP:0040049; HP:0000618; HP:0007663; HP:0007950; HP:0000505; HP:0007401; HP:0000510; HP:0007843; HP:0000533,Yes,,
CILP_0306,Retinitis Pigmentosa,RP49,613756,OMIM:613756,OMIM phenotype entry,Secondary,Retinal ciliopathy,CNGA1,AR,Eyes; Cardiovascular,7,HP:0007737; HP:0000662; HP:0007663; HP:0007994; HP:0000510; HP:0000543; HP:0007843,Yes,,
CILP_0307,Retinitis Pigmentosa,RP47,613758,OMIM:613758,OMIM phenotype entry,Secondary,Retinal ciliopathy,SAG,AR,Eyes,6,HP:0000662; HP:0000580; HP:0000505; HP:0000510; HP:0000533; HP:0000654,Yes,,
CILP_0308,Retinitis Pigmentosa,RP45,613767,OMIM:613767,OMIM phenotype entry,Secondary,Retinal ciliopathy,CNGB1,AR,Eyes,6,HP:0007737; HP:0000662; HP:0000608; HP:0007994; HP:0000510; HP:0000512,Yes,,
CILP_0309,Retinitis Pigmentosa,RP44,613769,OMIM:613769,OMIM phenotype entry,Secondary,Retinal ciliopathy,RGR,AR; AD,Eyes; Cardiovascular,5,HP:0001133; HP:0000505; HP:0000510; HP:0007843; HP:0000654,Yes,,
CILP_0310,Retinitis Pigmentosa,RP20,613794,OMIM:613794,OMIM phenotype entry,Secondary,Retinal ciliopathy,RPE65,AR,Eyes; Cardiovascular,6,HP:0000662; HP:0000639; HP:0001141; HP:0000505; HP:0000510; HP:0007843,Yes,,
CILP_0311,Retinitis Pigmentosa,RP40,613801,OMIM:613801,OMIM phenotype entry,Secondary,Retinal ciliopathy,PDE6B,AR,Eyes; Cardiovascular,6,HP:0007737; HP:0000662; HP:0000518; HP:0008323; HP:0000510; HP:0007843,Yes,,
CILP_0312,Retinitis Pigmentosa,RP39,613809,OMIM:613809,OMIM phenotype entry,Secondary,Retinal ciliopathy,USH2A,AR,Eyes; Cardiovascular,6,HP:0007737; HP:0001123; HP:0000505; HP:0000510; HP:0007843; HP:0000512,Yes,,
CILP_0313,Retinitis Pigmentosa,RP43,613810,OMIM:613810,OMIM phenotype entry,Secondary,Retinal ciliopathy,PDE6A,AR,Eyes; Cardiovascular,10,HP:0007737; HP:0000662; HP:0000580; HP:0000505; HP:0007994; HP:0000543; HP:0000510; HP:0007787; HP:0007843; HP:0000512,Yes,,
CILP_0314,Retinitis Pigmentosa,RP48,613827,OMIM:613827,OMIM phenotype entry,Secondary,Retinal ciliopathy,GUCA1B,AD,Eyes,3,HP:0000608; HP:0000505; HP:0000510,Yes,,
CILP_0315,Retinitis Pigmentosa,RP59,613861,OMIM:613861,OMIM phenotype entry,Secondary,Retinal ciliopathy,DHDDS,AR,Abdomen; Eyes; Ears; Growth; Genitourinary; Nervous system; Metabolism; Skeletal,17,HP:0008936; HP:0001133; HP:0000054; HP:0000662; HP:0011968; HP:0001250; HP:0000083; HP:0002240; HP:0011505; HP:0001508; HP:0000407; HP:0007663; HP:0001511; HP:0000510; HP:0002910; HP:0001257; HP:0000028,Yes,,
CILP_0316,Retinitis Pigmentosa,RP38,613862,OMIM:613862,OMIM phenotype entry,Secondary,Retinal ciliopathy,MERTK,AR,Eyes,7,HP:0001133; HP:0000662; HP:0200070; HP:0000529; HP:0007401; HP:0000543; HP:0000510,Yes,,
CILP_0317,Retinitis Pigmentosa,RP60,613983,OMIM:613983,OMIM phenotype entry,Secondary,Retinal ciliopathy,PRPF6,AD,Eyes; Cardiovascular,11,HP:0001133; HP:0007737; HP:0000662; HP:0007663; HP:0000505; HP:0007994; HP:0000510; HP:0007787; HP:0000543; HP:0007722; HP:0007843,Yes,,
CILP_0318,Retinitis Pigmentosa,RP61,614180,OMIM:614180,OMIM phenotype entry,Secondary,Retinal ciliopathy,CLRN1,AR,Eyes; Cardiovascular,6,HP:0007737; HP:0000662; HP:0000505; HP:0007688; HP:0000510; HP:0007843,Yes,,
CILP_0319,Retinitis Pigmentosa,RP62,614181,OMIM:614181,OMIM phenotype entry,Secondary,Retinal ciliopathy,MAK,AR,Eyes; Cardiovascular,8,HP:0007737; HP:0000662; HP:0001123; HP:0007663; HP:0000543; HP:0000510; HP:0007843; HP:0011504,Yes,,
CILP_0320,Retinitis Pigmentosa,RP64,614500,OMIM:614500,OMIM phenotype entry,Secondary,Retinal ciliopathy,C8orf37,AR,Eyes; Cardiovascular; Limbs; Nervous system; Skeletal,13,HP:0007737; HP:0000662; HP:0025147; HP:0100259; HP:0000529; HP:0000518; HP:0000613; HP:0007663; HP:0000548; HP:0007401; HP:0000543; HP:0000510; HP:0007843,Yes,,Same OMIM entry also curated under Cone-Rod Dystrophy (CILP_0066)
CILP_0321,Retinitis Pigmentosa,RP66,615233,OMIM:615233,OMIM phenotype entry,Secondary,Retinal ciliopathy,RBP3,AR,Eyes,9,HP:0001133; HP:0007737; HP:0000662; HP:0007663; HP:0000505; HP:0000603; HP:0000543; HP:0007787; HP:0000510,Yes,,
CILP_0322,Retinitis Pigmentosa,RP67,615565,OMIM:615565,OMIM phenotype entry,Secondary,Retinal ciliopathy,NEK2,AR,Eyes,1,HP:0000510,No,"Exact duplicate of CILP_0299 (identical features, same family)",
CILP_0323,Retinitis Pigmentosa,RP68,615725,OMIM:615725,OMIM phenotype entry,Secondary,Retinal ciliopathy,SLC7A14,AR,Eyes,6,HP:0007737; HP:0000662; HP:0001123; HP:0007663; HP:0000510; HP:0001105,Yes,,
CILP_0324,Retinitis Pigmentosa,RP69,615780,OMIM:615780,OMIM phenotype entry,Secondary,Retinal ciliopathy,KIZ,AR,Eyes,7,HP:0001133; HP:0000550; HP:0034272; HP:0000662; HP:0000580; HP:0007663; HP:0000510,Yes,,
CILP_0325,Retinitis Pigmentosa,RP70,615922,OMIM:615922,OMIM phenotype entry,Secondary,Retinal ciliopathy,PRPF4,AD,Eyes; Cardiovascular,8,HP:0001133; HP:0000662; HP:0000608; HP:0000546; HP:0007663; HP:0000543; HP:0000510; HP:0007843,Yes,,
CILP_0326,Retinitis Pigmentosa,RP71,616394,OMIM:616394,OMIM phenotype entry,Secondary,Retinal ciliopathy,IFT172,AR,Eyes; Cardiovascular; Skeletal,7,HP:0000662; HP:0002650; HP:0012426; HP:0030629; HP:0000543; HP:0000510; HP:0007843,Yes,,
CILP_0327,Retinitis Pigmentosa,RP72,616469,OMIM:616469,OMIM phenotype entry,Secondary,Retinal ciliopathy,ZNF408,AR,Eyes; Cardiovascular; Nervous system,11,HP:0001133; HP:0007737; HP:0000662; HP:0011003; HP:0500087; HP:0000613; HP:0007663; HP:0000543; HP:0007787; HP:0000510; HP:0007843,Yes,,
CILP_0328,Retinitis Pigmentosa,RP73,616544,OMIM:616544,OMIM phenotype entry,Secondary,Retinal ciliopathy,HGSNAT,AR,Eyes,17,HP:0001133; HP:0007737; HP:0030501; HP:0000662; HP:0030786; HP:0000551; HP:0001123; HP:0031609; HP:0030529; HP:0100014; HP:0500087; HP:0007663; HP:0000603; HP:0000543; HP:0000510; HP:0000622; HP:0001105,Yes,,
CILP_0329,Retinitis Pigmentosa,RP74,616562,OMIM:616562,OMIM phenotype entry,Secondary,Retinal ciliopathy,BBS2,AR,Eyes; Growth; Genitourinary; Limbs; Skeletal,9,HP:0001133; HP:0000580; HP:0010442; HP:0012210; HP:0007663; HP:0000543; HP:0001115; HP:0000510; HP:0001513,Yes,,
CILP_0330,Retinitis Pigmentosa,RP75,617023,OMIM:617023,OMIM phenotype entry,Secondary,Retinal ciliopathy,AGBL5,AR,Eyes; Cardiovascular; Skin,8,HP:0007737; HP:0000662; HP:0000980; HP:0031790; HP:0007994; HP:0000510; HP:0007843; HP:0000545,Yes,,
CILP_0331,Retinitis Pigmentosa,RP76,617123,OMIM:617123,OMIM phenotype entry,Secondary,Retinal ciliopathy,POMGNT1,AR,Eyes,9,HP:0001133; HP:0007737; HP:0000662; HP:0500087; HP:0030631; HP:0007663; HP:0011505; HP:0030329; HP:6001439,Yes,,
CILP_0332,Retinitis Pigmentosa,RP77,617304,OMIM:617304,OMIM phenotype entry,Secondary,Retinal ciliopathy,REEP6,AR,Eyes; Cardiovascular,9,HP:0001133; HP:0007737; HP:0000662; HP:0011505; HP:0007663; HP:0007787; HP:0000510; HP:0007843; HP:0001105,Yes,,
CILP_0333,Retinitis Pigmentosa,RP78,617433,OMIM:617433,OMIM phenotype entry,Secondary,Retinal ciliopathy,ARHGEF18,AR,Eyes,6,HP:0000662; HP:0030786; HP:0001123; HP:0007663; HP:0011505; HP:0000543,Yes,,
CILP_0334,Retinitis Pigmentosa,RP79,617460,OMIM:617460,OMIM phenotype entry,Secondary,Retinal ciliopathy,HK1,AD,Eyes; Cardiovascular; Nervous system,8,HP:0001133; HP:0007737; HP:0000662; HP:0000613; HP:0007663; HP:0007401; HP:0000543; HP:0007843,Yes,,
CILP_0335,Retinitis Pigmentosa,RP80,617781,OMIM:617781,OMIM phenotype entry,Secondary,Retinal ciliopathy,IFT140,AR,Eyes; Cardiovascular; Limbs; Nervous system; Skeletal,8,HP:0007737; HP:0000662; HP:0000529; HP:0001263; HP:0010230; HP:0000618; HP:0007401; HP:0007843,Yes,,
CILP_0336,Retinitis Pigmentosa,RP81,617871,OMIM:617871,OMIM phenotype entry,Secondary,Retinal ciliopathy,IFT43,AR,Eyes; Cardiovascular,6,HP:0007737; HP:0000662; HP:0007663; HP:0000543; HP:0007843; HP:0007722,Yes,,
CILP_0337,Retinitis Pigmentosa,RP83,618173,OMIM:618173,OMIM phenotype entry,Secondary,Retinal ciliopathy,ARL3,AD,Eyes; Cardiovascular,10,HP:0001133; HP:0100832; HP:0007737; HP:0000662; HP:0030672; HP:0007663; HP:0011505; HP:0000510; HP:0007787; HP:0007843,Yes,,
CILP_0338,Retinitis Pigmentosa,RP84,618220,OMIM:618220,OMIM phenotype entry,Secondary,Retinal ciliopathy,DHX38,AR,Eyes; Cardiovascular,8,HP:0007737; HP:0000662; HP:0000518; HP:0030553; HP:0007401; HP:0000510; HP:0007843; HP:0001116,Yes,,
CILP_0339,Retinitis Pigmentosa,RP85,618345,OMIM:618345,OMIM phenotype entry,Secondary,Retinal ciliopathy,AHR,AR,Eyes,3,HP:0007663; HP:0007675; HP:0000510,Yes,,
CILP_0340,Retinitis Pigmentosa,RP86,618613,OMIM:618613,OMIM phenotype entry,Secondary,Retinal ciliopathy,KIAA1549,AR,Eyes; Cardiovascular,10,HP:0007737; HP:0000662; HP:0000529; HP:0025158; HP:0100019; HP:0000543; HP:0011505; HP:0007843; HP:0007722; HP:0030505,Yes,,
CILP_0341,Retinitis Pigmentosa,RP87,618697,OMIM:618697,OMIM phenotype entry,Secondary,Retinal ciliopathy,RPE65,AD,Eyes,5,HP:0007737; HP:0000580; HP:0007994; HP:0030505; HP:0000533,Yes,,
CILP_0342,Retinitis Pigmentosa,RP88,618826,OMIM:618826,OMIM phenotype entry,Secondary,Retinal ciliopathy,RP1L1,AR,Eyes; Cardiovascular,8,HP:0007737; HP:0000662; HP:0000608; HP:0007663; HP:0011505; HP:0000543; HP:0007843; HP:0000577,Yes,,
CILP_0343,Retinitis Pigmentosa,RP89,618955,OMIM:618955,OMIM phenotype entry,Secondary,Retinal ciliopathy,KIF3B,AD,Abdomen; Eyes; Cardiovascular; Immune system; Limbs; Skeletal,13,HP:0001133; HP:0000662; HP:0025158; HP:0001395; HP:0030473; HP:0002040; HP:0033149; HP:0030329; HP:0100259; HP:0001647; HP:0000510; HP:0001433; HP:0001413,Yes,,
CILP_0344,Retinitis Pigmentosa,RP90,619007,OMIM:619007,OMIM phenotype entry,Secondary,Retinal ciliopathy,IDH3A,AR,Eyes; Cardiovascular,9,HP:0001133; HP:0007737; HP:0000662; HP:0000486; HP:0025158; HP:0011505; HP:0007663; HP:0007843; HP:0007722,Yes,,
CILP_0345,Retinitis Pigmentosa,RP,,OMIM:268000; ORPHA:791,Orphanet entry (matched by disease name),Secondary,Retinal ciliopathy,BBS1; CEP290; CEP83; CFAP20,XLR; AR; AD,Eyes; Ears; Cardiovascular; Endocrine; Nervous system; Metabolism,34,HP:0001133; HP:0000662; HP:0031605; HP:0000510; HP:0000405; HP:0000407; HP:0000505; HP:0000512; HP:0000546; HP:0000613; HP:0000618; HP:0000639; HP:0000648; HP:0007675; HP:0007703; HP:0007737; HP:0008046; HP:0000501; HP:0000543; HP:0000563; HP:0000602; HP:0000842; HP:0001105; HP:0007787; HP:0007843; HP:0007994; HP:0011505; HP:0012426; HP:0030466; HP:0030488; HP:0030610; HP:0000551; HP:0007663; HP:0030786,Yes,,
CILP_0346,STAR Syndrome,STAR,300707,OMIM:300707,OMIM phenotype entry,Primary,Atypical / secondary ciliopathy,CCNQ,XLD,Abdomen; Eyes; Ears; Cardiovascular; Growth; Genitourinary; Head and neck; Limbs; Nervous system; Respiratory; Skeletal; Skin,41,HP:0000066; HP:0000143; HP:0001770; HP:0002023; HP:0004322; HP:0003298; HP:0000460; HP:0001153; HP:0001647; HP:0000954; HP:0000337; HP:0000813; HP:0000219; HP:0000455; HP:0004736; HP:0009921; HP:0010716; HP:0001363; HP:0000076; HP:0001382; HP:0000072; HP:0005343; HP:0000394; HP:0004692; HP:0011003; HP:0005280; HP:0034350; HP:0001518; HP:0000506; HP:0004969; HP:0004209; HP:0008665; HP:0009779; HP:0001511; HP:0000125; HP:0001631; HP:0000369; HP:0001776; HP:0000126; HP:0001655; HP:0000445,No,Disease family with fewer than 5 entries,
CILP_0347,Senior-Løken Syndrome,SLSN1,266900,OMIM:266900,OMIM phenotype entry,Primary,Renal-hepatic ciliopathy,NPHP1,AR,Eyes; Genitourinary; Nervous system; Metabolism,12,HP:0003774; HP:0005576; HP:0000083; HP:0020132; HP:0000090; HP:0001959; HP:0001903; HP:0004727; HP:0000103; HP:0003259; HP:0001249; HP:0000556,Yes,,
CILP_0348,Senior-Løken Syndrome,SLSN4,606996,OMIM:606996,OMIM phenotype entry,Primary,Renal-hepatic ciliopathy,NPHP4,AR,Eyes; Genitourinary; Nervous system,9,HP:0003774; HP:0001583; HP:0001959; HP:0001903; HP:0001141; HP:0000646; HP:0000090; HP:0000103; HP:0000510,Yes,,
CILP_0349,Senior-Løken Syndrome,SLSN5,609254,OMIM:609254,OMIM phenotype entry,Primary,Renal-hepatic ciliopathy,IQCB1,AR,Eyes; Genitourinary,3,HP:0003774; HP:0000090; HP:0000510,Yes,,
CILP_0350,Senior-Løken Syndrome,SLSN6,610189,OMIM:610189,OMIM phenotype entry,Primary,Renal-hepatic ciliopathy,CEP290,AR,Eyes; Genitourinary; Nervous system,5,HP:0003774; HP:0006817; HP:0007663; HP:0000505; HP:0000510,Yes,,
CILP_0351,Senior-Løken Syndrome,SLSN7,613615,OMIM:613615,OMIM phenotype entry,Primary,Renal-hepatic ciliopathy,SDCCAG8,AR,Eyes; Genitourinary; Nervous system,3,HP:0001256; HP:0000090; HP:0000546,Yes,,
CILP_0352,Senior-Løken Syndrome,SLSN8,616307,OMIM:616307,OMIM phenotype entry,Primary,Renal-hepatic ciliopathy,WDR19,AR,Abdomen; Eyes; Cardiovascular; Genitourinary; Limbs; Skeletal; Skin,15,HP:0003774; HP:0000980; HP:0000090; HP:0033149; HP:0010442; HP:0033601; HP:0007663; HP:0002617; HP:0001407; HP:0001737; HP:0000505; HP:0007401; HP:0004737; HP:0000510; HP:0000556,Yes,,
CILP_0353,Senior-Løken Syndrome,SLSN9,616629,OMIM:616629,OMIM phenotype entry,Primary,Renal-hepatic ciliopathy,TRAF3IP1,AR,Abdomen; Eyes; Endocrine; Growth; Genitourinary; Limbs; Nervous system; Respiratory; Skeletal,17,HP:0003774; HP:0001396; HP:0000486; HP:0001970; HP:0001263; HP:0001395; HP:0000090; HP:0010442; HP:0000639; HP:0000608; HP:0000938; HP:0000510; HP:0000135; HP:0008802; HP:0001513; HP:0000556; HP:0004469,Yes,,
CILP_0354,Senior-Løken Syndrome,SLSN,,OMIM:266900; OMIM:606996; OMIM:609254; OMIM:610189; OMIM:613615; OMIM:616307; OMIM:616629,Family-level record (combined OMIM entries),Primary,Renal-hepatic ciliopathy,NPHP3,AR,Abdomen; Eyes; Cardiovascular; Endocrine; Growth; Genitourinary; Limbs; Nervous system; Metabolism; Respiratory; Skeletal; Skin,42,HP:0003774; HP:0005576; HP:0000083; HP:0020132; HP:0000090; HP:0001959; HP:0001903; HP:0004727; HP:0000103; HP:0003259; HP:0001249; HP:0000556; HP:0001583; HP:0001141; HP:0000646; HP:0000510; HP:0006817; HP:0007663; HP:0000505; HP:0001256; HP:0000546; HP:0000980; HP:0033149; HP:0010442; HP:0033601; HP:0002617; HP:0001407; HP:0001737; HP:0007401; HP:0004737; HP:0001396; HP:0000486; HP:0001970; HP:0001263; HP:0001395; HP:0000639; HP:0000608; HP:0000938; HP:0000135; HP:0008802; HP:0001513; HP:0004469,Yes,,
CILP_0355,"Short Stature, Onychodysplasia, Facial Dysmorphism, and Hypotrichosis",SOFT,614813,OMIM:614813,OMIM phenotype entry,Secondary,General / needs curation,POC1A,AR,Eyes; Ears; Endocrine; Growth; Genitourinary; Head and neck; Limbs; Nervous system; Metabolism; Skeletal; Skin,47,HP:0000164; HP:0001792; HP:0000343; HP:0001773; HP:0008905; HP:0001156; HP:0002164; HP:0001252; HP:0001290; HP:0010049; HP:0000060; HP:0008070; HP:0010743; HP:0000819; HP:0100864; HP:0001508; HP:0011220; HP:0000938; HP:0008551; HP:0009882; HP:0000316; HP:0002515; HP:0030084; HP:0009765; HP:0000455; HP:0001620; HP:0000256; HP:0000798; HP:0000358; HP:0000252; HP:0008839; HP:0002376; HP:0000276; HP:0003187; HP:0000490; HP:0001263; HP:0004590; HP:0010579; HP:0001518; HP:0000448; HP:0000348; HP:0000307; HP:0200055; HP:0001510; HP:0000303; HP:0000325; HP:0000369,No,Disease family with fewer than 5 entries,
CILP_0356,Short-rib Thoracic Dysplasia,SRTD6,263520,OMIM:263520,OMIM phenotype entry,Primary,Skeletal ciliopathy,NEK1,DIGENIC; AR,Abdomen; Eyes; Cardiovascular; Genitourinary; Head and neck; Limbs; Nervous system; Metabolism; Respiratory; Skeletal,40,HP:0001177; HP:0002089; HP:0005873; HP:0000540; HP:0001156; HP:0000062; HP:0000161; HP:0001395; HP:0001270; HP:0001629; HP:0001789; HP:0001302; HP:0000774; HP:0000895; HP:0000113; HP:0000773; HP:0000556; HP:0005349; HP:0001600; HP:0001320; HP:0005766; HP:0003026; HP:0000054; HP:0006956; HP:0000175; HP:0003027; HP:0000750; HP:0001162; HP:0000171; HP:0011802; HP:0005180; HP:0100732; HP:0000926; HP:0000888; HP:0005817; HP:0000768; HP:0001631; HP:0006644; HP:0002566; HP:0000248,Yes,,
CILP_0357,Short-rib Thoracic Dysplasia,SRTD9,266920,OMIM:266920,OMIM phenotype entry,Primary,Skeletal ciliopathy,IFT140,AR,Abdomen; Eyes; Ears; Cardiovascular; Growth; Genitourinary; Immune system; Head and neck; Limbs; Nervous system; Metabolism; Respiratory; Skeletal; Skin,93,HP:0002421; HP:0004322; HP:0005257; HP:0000243; HP:0000518; HP:0000639; HP:0000510; HP:0007843; HP:0000358; HP:0000252; HP:0000090; HP:0040022; HP:0005819; HP:0009576; HP:0001737; HP:0004209; HP:0000369; HP:0000341; HP:0001396; HP:0000582; HP:0008905; HP:0001395; HP:0002240; HP:0010306; HP:0009162; HP:0002119; HP:0000218; HP:0002236; HP:0034281; HP:0000973; HP:0000110; HP:0001162; HP:0005487; HP:0000073; HP:0000193; HP:0000470; HP:0000191; HP:0000107; HP:0000348; HP:0002007; HP:0001433; HP:0000347; HP:0001831; HP:0000286; HP:0001256; HP:0001250; HP:0001252; HP:0001251; HP:0000319; HP:0011220; HP:0000316; HP:0002612; HP:0000158; HP:0000556; HP:0000572; HP:0002079; HP:0000293; HP:0001263; HP:0000691; HP:0000969; HP:0000729; HP:0000608; HP:0001537; HP:0030151; HP:0007994; HP:0000963; HP:0000687; HP:0030799; HP:0003774; HP:0000260; HP:0002286; HP:0001230; HP:0003090; HP:0010743; HP:0100864; HP:0001508; HP:0001903; HP:0010230; HP:0000938; HP:0000774; HP:0000773; HP:0009803; HP:0000550; HP:0000154; HP:0001363; HP:0000431; HP:0005565; HP:0005280; HP:0032988; HP:0001919; HP:0000822; HP:0002209; HP:0002205,Yes,,
CILP_0358,Short-rib Thoracic Dysplasia,SRTD2,611263,OMIM:611263,OMIM phenotype entry,Primary,Skeletal ciliopathy,IFT80,AR,Growth; Limbs; Skeletal,8,HP:0003027; HP:0001773; HP:0008905; HP:0001156; HP:0001162; HP:0010049; HP:0000774; HP:0001169,Yes,,
CILP_0359,Short-rib Thoracic Dysplasia,SRTD3,613091,OMIM:613091,OMIM phenotype entry,Primary,Skeletal ciliopathy,DYNC2H1,DIGENIC; AR,Abdomen; Growth; Genitourinary; Head and neck; Limbs; Nervous system; Skeletal,33,HP:0003038; HP:0003016; HP:0002980; HP:0002023; HP:0005257; HP:0001156; HP:0004322; HP:0000062; HP:0001274; HP:0005054; HP:0010297; HP:0000895; HP:0000773; HP:0000113; HP:0003026; HP:0000110; HP:0000054; HP:0000175; HP:0002650; HP:0001762; HP:0003022; HP:0011927; HP:0002350; HP:0010454; HP:0011802; HP:0010579; HP:0100259; HP:0100258; HP:0000888; HP:0009556; HP:0002566; HP:0000105; HP:0000204,Yes,,
CILP_0360,Short-rib Thoracic Dysplasia,SRTD4,613819,OMIM:613819,OMIM phenotype entry,Primary,Skeletal ciliopathy,TTC21B,AR,Abdomen; Growth; Genitourinary; Limbs; Skeletal,8,HP:0003026; HP:0003774; HP:0002650; HP:0004322; HP:0001156; HP:0001407; HP:0010442; HP:0000774,Yes,,
CILP_0361,Short-rib Thoracic Dysplasia,SRTD7,614091,OMIM:614091,OMIM phenotype entry,Primary,Skeletal ciliopathy,WDR35,AR,Abdomen; Growth; Genitourinary; Head and neck; Limbs; Metabolism; Respiratory; Skeletal; Skin,37,HP:0000286; HP:0002983; HP:0000882; HP:0002089; HP:0000200; HP:0000089; HP:0001156; HP:0004322; HP:0002164; HP:0001395; HP:0010442; HP:0008070; HP:0100840; HP:0009882; HP:0001789; HP:0000218; HP:0000774; HP:0000773; HP:0000113; HP:0000476; HP:0003026; HP:0003027; HP:0002213; HP:0000175; HP:0001541; HP:0000691; HP:0010812; HP:0003180; HP:0100259; HP:0000107; HP:0006487; HP:0001159; HP:0000268; HP:0000047; HP:0006644; HP:0011090; HP:0006349,Yes,,
CILP_0362,Short-rib Thoracic Dysplasia,SRTD5,614376,OMIM:614376,OMIM phenotype entry,Primary,Skeletal ciliopathy,WDR19,AR,Abdomen; Eyes; Cardiovascular; Growth; Genitourinary; Immune system; Head and neck; Limbs; Metabolism; Respiratory; Skeletal,27,HP:0004743; HP:0003774; HP:0003016; HP:0008905; HP:0001773; HP:0001156; HP:0000023; HP:0000089; HP:0004322; HP:0002240; HP:0006371; HP:0000518; HP:0100866; HP:0000219; HP:0000774; HP:0007843; HP:0002558; HP:0000099; HP:0000431; HP:0000293; HP:0010454; HP:0000093; HP:0002091; HP:0008081; HP:0006644; HP:0000545; HP:0003259,Yes,,
CILP_0363,Short-rib Thoracic Dysplasia,SRTD8,615503,OMIM:615503,OMIM phenotype entry,Primary,Skeletal ciliopathy,DYNC2I1,AR,Abdomen; Cardiovascular; Growth; Genitourinary; Head and neck; Limbs; Respiratory; Skeletal,20,HP:0003026; HP:0001561; HP:0002980; HP:0002089; HP:0001156; HP:0004322; HP:0000062; HP:0010454; HP:0005280; HP:0100732; HP:0100259; HP:0100258; HP:0001508; HP:0001629; HP:0000895; HP:0000774; HP:0001159; HP:0000256; HP:0000773; HP:0006644,Yes,,
CILP_0364,Short-rib Thoracic Dysplasia,SRTD10,615630,OMIM:615630,OMIM phenotype entry,Primary,Skeletal ciliopathy,IFT172,AR,Abdomen; Eyes; Cardiovascular; Growth; Genitourinary; Immune system; Head and neck; Limbs; Nervous system; Metabolism; Skeletal,30,HP:0001396; HP:0001399; HP:0000662; HP:0005257; HP:0004322; HP:0001156; HP:0001591; HP:0001395; HP:0002240; HP:0012622; HP:0001629; HP:0010230; HP:0000657; HP:0000238; HP:0002119; HP:0002857; HP:0000895; HP:0000773; HP:0001744; HP:0001249; HP:0001320; HP:0003026; HP:0001162; HP:0000090; HP:0040270; HP:0000546; HP:0000202; HP:0006644; HP:0001513; HP:0001952,Yes,,
CILP_0365,Short-rib Thoracic Dysplasia,SRTD11,615633,OMIM:615633,OMIM phenotype entry,Primary,Skeletal ciliopathy,DYNC2I2,AR,Eyes; Growth; Genitourinary; Immune system; Limbs; Nervous system; Respiratory; Skeletal,16,HP:0000121; HP:0003026; HP:0001561; HP:0000750; HP:0001156; HP:0001591; HP:0002093; HP:0100259; HP:0000888; HP:0002205; HP:0000774; HP:0000510; HP:0000895; HP:0006644; HP:0000028; HP:0001513,Yes,,
CILP_0366,Short-rib Thoracic Dysplasia,SRTD13,616300,OMIM:616300,OMIM phenotype entry,Primary,Skeletal ciliopathy,CEP120,AR,Abdomen; Eyes; Ears; Cardiovascular; Growth; Genitourinary; Head and neck; Limbs; Nervous system; Respiratory; Skeletal; Skin,45,HP:0003038; HP:0008905; HP:0002089; HP:0002023; HP:0000089; HP:0001591; HP:0000062; HP:0003177; HP:0003375; HP:0004482; HP:0002084; HP:0410030; HP:0000280; HP:0000180; HP:0045075; HP:0011315; HP:0010297; HP:0011340; HP:0000316; HP:0002419; HP:0001305; HP:0001643; HP:0000774; HP:0000773; HP:0003026; HP:0000175; HP:0000695; HP:0008839; HP:0001321; HP:0002692; HP:0011800; HP:0002093; HP:0011802; HP:0003180; HP:0100259; HP:0100258; HP:0000308; HP:0000107; HP:0000448; HP:0000888; HP:0000568; HP:0001539; HP:0000400; HP:0005736; HP:0000028,Yes,,
CILP_0367,Short-rib Thoracic Dysplasia,SRTD14,616546,OMIM:616546,OMIM phenotype entry,Primary,Skeletal ciliopathy,KIAA0586,AR,Abdomen; Eyes; Ears; Cardiovascular; Genitourinary; Head and neck; Limbs; Nervous system; Metabolism; Respiratory; Skeletal,33,HP:0002323; HP:0002983; HP:0002089; HP:0002365; HP:0000480; HP:0001290; HP:0002280; HP:0000238; HP:0001789; HP:0002419; HP:0002119; HP:0000774; HP:0002436; HP:0000773; HP:0000113; HP:0000776; HP:0001320; HP:0001265; HP:0000175; HP:0000054; HP:0001561; HP:0002079; HP:0000470; HP:0032466; HP:0011802; HP:0000191; HP:0005280; HP:0100259; HP:0100258; HP:0006660; HP:0001631; HP:0000369; HP:0002126,Yes,,
CILP_0368,Short-rib Thoracic Dysplasia,SRTD15,617088,OMIM:617088,OMIM phenotype entry,Primary,Skeletal ciliopathy,DYNC2LI1,AR,Abdomen; Ears; Cardiovascular; Growth; Genitourinary; Immune system; Head and neck; Limbs; Respiratory; Skeletal; Skin,31,HP:0000286; HP:0001156; HP:0004322; HP:0002164; HP:0000161; HP:0002240; HP:0000085; HP:0010566; HP:0006695; HP:0008753; HP:0001643; HP:0000774; HP:0000894; HP:0000773; HP:0001744; HP:0003026; HP:0000494; HP:0001561; HP:0002098; HP:0001162; HP:0001680; HP:0000191; HP:0011069; HP:0005280; HP:0010579; HP:0100259; HP:0030010; HP:0000668; HP:0000888; HP:0000369; HP:0000148,Yes,,
CILP_0369,Short-rib Thoracic Dysplasia,SRTD16,617102,OMIM:617102,OMIM phenotype entry,Primary,Skeletal ciliopathy,IFT52,AR,Abdomen; Eyes; Ears; Growth; Head and neck; Limbs; Nervous system; Respiratory; Skeletal,32,HP:0007814; HP:0001156; HP:0000540; HP:0004322; HP:0010049; HP:0001270; HP:0010306; HP:0010743; HP:0000639; HP:0010230; HP:0012471; HP:0009882; HP:0000774; HP:0009803; HP:0000670; HP:0009826; HP:0000431; HP:0002079; HP:0000293; HP:0002098; HP:0011800; HP:0005280; HP:0003180; HP:0100259; HP:0000506; HP:0032078; HP:0000348; HP:0001538; HP:0000268; HP:0001852; HP:0000369; HP:0000687,Yes,,
CILP_0370,Short-rib Thoracic Dysplasia,SRTD17,617405,OMIM:617405,OMIM phenotype entry,Primary,Skeletal ciliopathy,DYNLT2B,AR,Growth; Limbs; Skeletal,10,HP:0004322; HP:0001156; HP:0001162; HP:0010454; HP:0034374; HP:0000888; HP:0000895; HP:0000774; HP:0001830; HP:0000773,Yes,,
CILP_0371,Short-rib Thoracic Dysplasia,SRTD18,617866,OMIM:617866,OMIM phenotype entry,Primary,Skeletal ciliopathy,IFT43,AR,Abdomen; Eyes; Genitourinary; Head and neck; Limbs; Nervous system; Skeletal; Skin,27,HP:0000286; HP:0002983; HP:0001156; HP:0005257; HP:0005474; HP:0003031; HP:0003175; HP:0004719; HP:0000316; HP:0000954; HP:0000238; HP:0000219; HP:0002119; HP:0000476; HP:0000113; HP:0000773; HP:0004691; HP:0002190; HP:0100259; HP:0100258; HP:0000926; HP:0008422; HP:0000921; HP:0000268; HP:0002986; HP:0000347; HP:0002566,Yes,,
CILP_0372,Short-rib Thoracic Dysplasia,SRTD19,617895,OMIM:617895,OMIM phenotype entry,Primary,Skeletal ciliopathy,IFT81,AR,Abdomen; Eyes; Ears; Cardiovascular; Genitourinary; Head and neck; Limbs; Respiratory; Skeletal,27,HP:0002983; HP:0000343; HP:0002089; HP:0005257; HP:0001156; HP:0000062; HP:0001290; HP:0004482; HP:0001629; HP:0011220; HP:0002878; HP:0000895; HP:0000774; HP:0000773; HP:0002098; HP:0011800; HP:0005280; HP:0100259; HP:0000946; HP:0000888; HP:0001539; HP:0000268; HP:0001159; HP:0000520; HP:0002984; HP:0000369; HP:0000269,Yes,,
CILP_0373,Short-rib Thoracic Dysplasia,SRTD20,617925,OMIM:617925,OMIM phenotype entry,Primary,Skeletal ciliopathy,INTU,AR,Abdomen; Eyes; Ears; Cardiovascular; Genitourinary; Head and neck; Limbs; Respiratory; Skeletal; Skin,42,HP:0008749; HP:0003038; HP:0002023; HP:0001674; HP:0002089; HP:0000260; HP:0003375; HP:0002162; HP:0001153; HP:0005474; HP:0410030; HP:0003173; HP:0008551; HP:0000316; HP:0100628; HP:0000895; HP:0000774; HP:0006610; HP:0000773; HP:0000377; HP:0003026; HP:0000175; HP:0000054; HP:0000695; HP:0003762; HP:0000470; HP:0005285; HP:0011467; HP:0004491; HP:0011802; HP:0005280; HP:0100259; HP:0100258; HP:0000888; HP:0001636; HP:0000568; HP:0100818; HP:0002007; HP:0005736; HP:0000248; HP:0000369; HP:0000347,Yes,,
CILP_0374,Short-rib Thoracic Dysplasia,SRTD21,619479,OMIM:619479,OMIM phenotype entry,Primary,Skeletal ciliopathy,KIAA0753,AR,Abdomen; Ears; Endocrine; Growth; Genitourinary; Head and neck; Limbs; Nervous system; Respiratory; Skeletal; Skin,35,HP:0000200; HP:0000343; HP:0005257; HP:0001156; HP:0001371; HP:0001252; HP:0005792; HP:0012506; HP:0012368; HP:0034044; HP:0008873; HP:0000998; HP:0002419; HP:0002119; HP:0000774; HP:0000358; HP:0003865; HP:0003026; HP:0006956; HP:0000054; HP:0000750; HP:0000431; HP:0002079; HP:0011968; HP:0002195; HP:0000691; HP:0002194; HP:0033454; HP:0005280; HP:0001538; HP:0002007; HP:0000047; HP:0000369; HP:0002643; HP:0000687,Yes,,
CILP_0375,Short-rib Thoracic Dysplasia,SRTD,,OMIM:263520; OMIM:266920; OMIM:611263; OMIM:613091; OMIM:613819; OMIM:614091; OMIM:614376; OMIM:615503; OMIM:615630; OMIM:615633; OMIM:616300; OMIM:616546; OMIM:617088; OMIM:617102; OMIM:617405; OMIM:617866; OMIM:617895; OMIM:617925; OMIM:619479,Family-level record (combined OMIM entries),Primary,Skeletal ciliopathy,GRK2,DIGENIC; AR,Abdomen; Eyes; Ears; Cardiovascular; Endocrine; Growth; Genitourinary; Immune system; Head and neck; Limbs; Nervous system; Metabolism; Respiratory; Skeletal; Skin,303,HP:0001177; HP:0002089; HP:0005873; HP:0000540; HP:0001156; HP:0000062; HP:0000161; HP:0001395; HP:0001270; HP:0001629; HP:0001789; HP:0001302; HP:0000774; HP:0000895; HP:0000113; HP:0000773; HP:0000556; HP:0005349; HP:0001600; HP:0001320; HP:0005766; HP:0003026; HP:0000054; HP:0006956; HP:0000175; HP:0003027; HP:0000750; HP:0001162; HP:0000171; HP:0011802; HP:0005180; HP:0100732; HP:0000926; HP:0000888; HP:0005817; HP:0000768; HP:0001631; HP:0006644; HP:0002566; HP:0000248; HP:0002421; HP:0004322; HP:0005257; HP:0000243; HP:0000518; HP:0000639; HP:0000510; HP:0007843; HP:0000358; HP:0000252; HP:0000090; HP:0040022; HP:0005819; HP:0009576; HP:0001737; HP:0004209; HP:0000369; HP:0000341; HP:0001396; HP:0000582; HP:0008905; HP:0002240; HP:0010306; HP:0009162; HP:0002119; HP:0000218; HP:0002236; HP:0034281; HP:0000973; HP:0000110; HP:0005487; HP:0000073; HP:0000193; HP:0000470; HP:0000191; HP:0000107; HP:0000348; HP:0002007; HP:0001433; HP:0000347; HP:0001831; HP:0000286; HP:0001256; HP:0001250; HP:0001252; HP:0001251; HP:0000319; HP:0011220; HP:0000316; HP:0002612; HP:0000158; HP:0000572; HP:0002079; HP:0000293; HP:0001263; HP:0000691; HP:0000969; HP:0000729; HP:0000608; HP:0001537; HP:0030151; HP:0007994; HP:0000963; HP:0000687; HP:0030799; HP:0003774; HP:0000260; HP:0002286; HP:0001230; HP:0003090; HP:0010743; HP:0100864; HP:0001508; HP:0001903; HP:0010230; HP:0000938; HP:0009803; HP:0000550; HP:0000154; HP:0001363; HP:0000431; HP:0005565; HP:0005280; HP:0032988; HP:0001919; HP:0000822; HP:0002209; HP:0002205; HP:0001773; HP:0010049; HP:0001169; HP:0003038; HP:0003016; HP:0002980; HP:0002023; HP:0001274; HP:0005054; HP:0010297; HP:0002650; HP:0001762; HP:0003022; HP:0011927; HP:0002350; HP:0010454; HP:0010579; HP:0100259; HP:0100258; HP:0009556; HP:0000105; HP:0000204; HP:0001407; HP:0010442; HP:0002983; HP:0000882; HP:0000200; HP:0000089; HP:0002164; HP:0008070; HP:0100840; HP:0009882; HP:0000476; HP:0002213; HP:0001541; HP:0010812; HP:0003180; HP:0006487; HP:0001159; HP:0000268; HP:0000047; HP:0011090; HP:0006349; HP:0004743; HP:0000023; HP:0006371; HP:0100866; HP:0000219; HP:0002558; HP:0000099; HP:0000093; HP:0002091; HP:0008081; HP:0000545; HP:0003259; HP:0001561; HP:0000256; HP:0001399; HP:0000662; HP:0001591; HP:0012622; HP:0000657; HP:0000238; HP:0002857; HP:0001744; HP:0001249; HP:0040270; HP:0000546; HP:0000202; HP:0001513; HP:0001952; HP:0000121; HP:0002093; HP:0000028; HP:0003177; HP:0003375; HP:0004482; HP:0002084; HP:0410030; HP:0000280; HP:0000180; HP:0045075; HP:0011315; HP:0011340; HP:0002419; HP:0001305; HP:0001643; HP:0000695; HP:0008839; HP:0001321; HP:0002692; HP:0011800; HP:0000308; HP:0000448; HP:0000568; HP:0001539; HP:0000400; HP:0005736; HP:0002323; HP:0002365; HP:0000480; HP:0001290; HP:0002280; HP:0002436; HP:0000776; HP:0001265; HP:0032466; HP:0006660; HP:0002126; HP:0000085; HP:0010566; HP:0006695; HP:0008753; HP:0000894; HP:0000494; HP:0002098; HP:0001680; HP:0011069; HP:0030010; HP:0000668; HP:0000148; HP:0007814; HP:0012471; HP:0000670; HP:0009826; HP:0000506; HP:0032078; HP:0001538; HP:0001852; HP:0034374; HP:0001830; HP:0005474; HP:0003031; HP:0003175; HP:0004719; HP:0000954; HP:0004691; HP:0002190; HP:0008422; HP:0000921; HP:0002986; HP:0000343; HP:0002878; HP:0000946; HP:0000520; HP:0002984; HP:0000269; HP:0008749; HP:0001674; HP:0002162; HP:0001153; HP:0003173; HP:0008551; HP:0100628; HP:0006610; HP:0000377; HP:0003762; HP:0005285; HP:0011467; HP:0004491; HP:0001636; HP:0100818; HP:0001371; HP:0005792; HP:0012506; HP:0012368; HP:0034044; HP:0008873; HP:0000998; HP:0003865; HP:0011968; HP:0002195; HP:0002194; HP:0033454; HP:0002643,Yes,,
CILP_0376,Simpson-Golabi-Behmel Syndrome,SGBS2,300209,OMIM:300209,OMIM phenotype entry,Secondary,Atypical / secondary ciliopathy,OFD1,XLR,Abdomen; Ears; Growth; Immune system; Head and neck; Limbs; Nervous system; Respiratory; Skeletal,16,HP:0000023; HP:0002783; HP:0001162; HP:0001263; HP:0001252; HP:0011304; HP:0010864; HP:0009381; HP:0002119; HP:0000218; HP:0002205; HP:0002788; HP:0000256; HP:0000369; HP:0002643; HP:0001513,No,Disease family with fewer than 5 entries,
CILP_0377,Simpson-Golabi-Behmel Syndrome,SGBS1,312870,OMIM:312870,OMIM phenotype entry,Secondary,Atypical / secondary ciliopathy,GPC3,XLR,Abdomen; Eyes; Ears; Cardiovascular; Endocrine; Growth; Genitourinary; Immune system; Head and neck; Limbs; Nervous system; Respiratory; Skeletal; Skin,99,HP:0000365; HP:0002023; HP:0000243; HP:0003196; HP:0012471; HP:0009101; HP:0000998; HP:0000238; HP:0000879; HP:0002898; HP:0001169; HP:0008416; HP:0000891; HP:0000098; HP:0000494; HP:0100259; HP:0000767; HP:0008523; HP:0000768; HP:0003517; HP:0002667; HP:0000126; HP:0002245; HP:0002884; HP:0000189; HP:0000463; HP:0001274; HP:0002240; HP:0001270; HP:0006176; HP:0001669; HP:0001548; HP:0000337; HP:0006610; HP:0000212; HP:0001667; HP:0001320; HP:0001561; HP:0004279; HP:0002650; HP:0000750; HP:0001162; HP:0003185; HP:0001837; HP:0000107; HP:0001799; HP:0002643; HP:0000105; HP:0000286; HP:0001773; HP:0002101; HP:0001252; HP:0000280; HP:0009381; HP:0000316; HP:0001769; HP:0001643; HP:0000158; HP:0001642; HP:0000297; HP:0001540; HP:0000175; HP:0005580; HP:0011330; HP:0001537; HP:0002869; HP:0000689; HP:0005616; HP:0000047; HP:0000384; HP:0004467; HP:0000023; HP:0001233; HP:0004464; HP:0003375; HP:0011675; HP:0001629; HP:0009882; HP:0001748; HP:0002711; HP:0002558; HP:0000773; HP:0000256; HP:0001744; HP:0000776; HP:0000154; HP:0003422; HP:0000431; HP:0001762; HP:0004510; HP:0009908; HP:0005160; HP:0005280; HP:0011304; HP:0001638; HP:0001631; HP:0000303; HP:0002566; HP:0000028,No,Disease family with fewer than 5 entries,
CILP_0378,Smith-Lemli-Opitz Syndrome,SLOS,270400,OMIM:270400,OMIM phenotype entry,Primary,Atypical / secondary ciliopathy,DHCR7,AR,Abdomen; Eyes; Ears; Cardiovascular; Endocrine; Growth; Genitourinary; Immune system; Head and neck; Limbs; Nervous system; Metabolism; Respiratory; Skeletal; Skin,117,HP:0000365; HP:0000486; HP:0000089; HP:0004322; HP:0000122; HP:0002021; HP:0002020; HP:0001290; HP:0003073; HP:0000081; HP:0010569; HP:0000518; HP:0000639; HP:0007165; HP:0001845; HP:0000238; HP:0009623; HP:0000752; HP:0002019; HP:0001840; HP:0000996; HP:0000358; HP:0000252; HP:0006979; HP:0002033; HP:0004691; HP:0000808; HP:0002827; HP:0001338; HP:0000403; HP:0000369; HP:0000126; HP:0000187; HP:0001397; HP:0001276; HP:0000341; HP:0000343; HP:0002089; HP:0000463; HP:0000062; HP:0001272; HP:0001153; HP:0001394; HP:0002240; HP:0100702; HP:0001305; HP:0002013; HP:0001162; HP:0000193; HP:0002251; HP:0001680; HP:0000074; HP:0010655; HP:0007099; HP:0000508; HP:0000107; HP:0001558; HP:0001830; HP:0000347; HP:0000104; HP:0000742; HP:0007537; HP:0001831; HP:0000286; HP:0002983; HP:0000046; HP:0002101; HP:0001250; HP:0001252; HP:0003270; HP:0000718; HP:0000717; HP:0000316; HP:0000678; HP:0002579; HP:0001643; HP:0001884; HP:0001249; HP:0002611; HP:0001765; HP:0000175; HP:0000054; HP:0001663; HP:0002079; HP:0011968; HP:0000171; HP:0001263; HP:0002506; HP:0000964; HP:0000048; HP:0000047; HP:0000960; HP:0009778; HP:0002283; HP:0001508; HP:0001629; HP:0005709; HP:0030043; HP:0000813; HP:0001623; HP:0001744; HP:0001622; HP:0000431; HP:0003146; HP:0030048; HP:0001360; HP:0005280; HP:0000826; HP:0001639; HP:0000308; HP:0000822; HP:0007333; HP:0001511; HP:0001631; HP:0001510; HP:0000028; HP:0002566,No,Disease family with fewer than 5 entries,
CILP_0379,Spinocerebellar Ataxia,SCA31,117210,OMIM:117210,OMIM phenotype entry,Secondary,Neurodevelopmental ciliopathy,BEAN1,AD,Eyes; Ears; Nervous system,8,HP:0007979; HP:0000639; HP:0001272; HP:0001260; HP:0002066; HP:0000407; HP:0001251; HP:0002070,Yes,,
CILP_0380,Spinocerebellar Ataxia,SCA29,117360,OMIM:117360,OMIM phenotype entry,Secondary,Neurodevelopmental ciliopathy,ITPR1,AD,Abdomen; Eyes; Cardiovascular; Growth; Genitourinary; Head and neck; Limbs; Nervous system; Skeletal,135,HP:0004325; HP:0002421; HP:0000640; HP:0002540; HP:0000486; HP:0001332; HP:0000089; HP:0004322; HP:0002384; HP:0030177; HP:0001290; HP:0000639; HP:0000514; HP:0003763; HP:0000252; HP:0001583; HP:0004691; HP:0100021; HP:0011094; HP:0000805; HP:0000526; HP:0002307; HP:0007676; HP:0002423; HP:0001337; HP:0001336; HP:0001276; HP:0003698; HP:0000582; HP:0002002; HP:0001310; HP:0001272; HP:0002120; HP:0001270; HP:0034435; HP:0002080; HP:0100275; HP:0100543; HP:0000617; HP:0100704; HP:0000616; HP:0100702; HP:0009049; HP:0000218; HP:0006855; HP:0001320; HP:0002136; HP:0002015; HP:0002411; HP:0000750; HP:0001321; HP:0002376; HP:0001288; HP:0000474; HP:0004396; HP:0005484; HP:0000508; HP:0009830; HP:0007256; HP:0001319; HP:0002406; HP:0004428; HP:0002007; HP:0002403; HP:0004425; HP:0002465; HP:0002345; HP:0010529; HP:0001256; HP:0002342; HP:0000563; HP:0031629; HP:0001250; HP:0002066; HP:0001252; HP:0001251; HP:0012428; HP:0003391; HP:0033128; HP:0007366; HP:0020045; HP:0025336; HP:0007885; HP:0007369; HP:0003701; HP:0020049; HP:0001642; HP:0001249; HP:0000555; HP:0002078; HP:0030147; HP:0025335; HP:0011968; HP:0006817; HP:0001260; HP:0000570; HP:0001263; HP:0002470; HP:0002075; HP:0033257; HP:0002194; HP:0002070; HP:0002071; HP:0012896; HP:0000448; HP:0002505; HP:0000565; HP:0002346; HP:0002169; HP:0007979; HP:0007859; HP:0002442; HP:0000540; HP:0430025; HP:0001350; HP:0010862; HP:0031491; HP:0007340; HP:0000657; HP:0001627; HP:0001348; HP:0001347; HP:0002179; HP:0002059; HP:0008935; HP:0031936; HP:0002174; HP:0032988; HP:0001518; HP:0033683; HP:0001999; HP:0009878; HP:0001631; HP:0000028; HP:0000666,Yes,,
CILP_0381,Spinocerebellar Ataxia,SCA34,133190,OMIM:133190,OMIM phenotype entry,Secondary,Neurodevelopmental ciliopathy,ELOVL4,INCOMPLETE_PENETRANCE; AD,Eyes; Immune system; Nervous system; Skeletal; Skin,19,HP:0001265; HP:0003477; HP:0001272; HP:0002120; HP:0001260; HP:0002066; HP:0001251; HP:0002075; HP:0002380; HP:0002070; HP:0002080; HP:0000639; HP:0000605; HP:0007772; HP:0007256; HP:0001019; HP:0001257; HP:0001347; HP:0000962,Yes,,
CILP_0382,Spinocerebellar Ataxia,SCA1,164400,OMIM:164400,OMIM phenotype entry,Secondary,Neurodevelopmental ciliopathy,ATXN1,ANTICIPATION_PATERNAL_BIAS; AD,Abdomen; Eyes; Genitourinary; Nervous system; Skeletal,48,HP:0002542; HP:0003431; HP:0000640; HP:0001252; HP:0003394; HP:0002460; HP:0001290; HP:0002380; HP:0000639; HP:0000514; HP:0007006; HP:0001324; HP:0003701; HP:0007328; HP:0003202; HP:0003401; HP:0002078; HP:0003487; HP:0006937; HP:0002198; HP:0001260; HP:0002075; HP:0002072; HP:0002073; HP:0002070; HP:0002071; HP:0010831; HP:0007078; HP:0000648; HP:0000641; HP:0001257; HP:0002503; HP:0002168; HP:0001310; HP:0003693; HP:0001151; HP:0100543; HP:0007263; HP:0002839; HP:0003448; HP:0001347; HP:0002015; HP:0001283; HP:0002495; HP:0001284; HP:0009830; HP:0000623; HP:0000543,Yes,,
CILP_0383,Spinocerebellar Ataxia,SCA7,164500,OMIM:164500,OMIM phenotype entry,Secondary,Neurodevelopmental ciliopathy,ATXN7,AD; ANTICIPATION_PATERNAL_BIAS,Abdomen; Eyes; Nervous system; Skeletal,20,HP:0002542; HP:0002015; HP:0001310; HP:0002310; HP:0003487; HP:0001260; HP:0000580; HP:0002072; HP:0002073; HP:0002071; HP:0000529; HP:0000639; HP:0000608; HP:0000514; HP:0000623; HP:0000648; HP:0001257; HP:0001268; HP:0001337; HP:0001347,Yes,,
CILP_0384,Spinocerebellar Ataxia,SCA6,183086,OMIM:183086,OMIM phenotype entry,Secondary,Neurodevelopmental ciliopathy,CACNA1A,ANTICIPATION; AD,Abdomen; Eyes; Ears; Nervous system; Skeletal,21,HP:0007979; HP:0001310; HP:0002321; HP:0001272; HP:0002120; HP:0001251; HP:0001350; HP:0002083; HP:0002080; HP:0000639; HP:0002359; HP:0002017; HP:0002311; HP:0002015; HP:0002078; HP:0001260; HP:0002073; HP:0007670; HP:0007772; HP:0002505; HP:0000763,Yes,,
CILP_0385,Spinocerebellar Ataxia,SCA2,183090,OMIM:183090,OMIM phenotype entry,Secondary,Neurodevelopmental ciliopathy,ATXN2,ANTICIPATION; AD,Abdomen; Eyes; Genitourinary; Nervous system; Skeletal,37,HP:0002542; HP:0002345; HP:0000640; HP:0002067; HP:0001310; HP:0001151; HP:0003693; HP:0001272; HP:0000020; HP:0002063; HP:0001252; HP:0001251; HP:0001290; HP:0002380; HP:0002839; HP:0000514; HP:0000657; HP:0002317; HP:0000510; HP:0001265; HP:0002015; HP:0001300; HP:0003487; HP:0002495; HP:0001260; HP:0002198; HP:0002174; HP:0002075; HP:0002073; HP:0002172; HP:0002070; HP:0000726; HP:0000602; HP:0002503; HP:0001257; HP:0000641; HP:0001336,Yes,,
CILP_0386,Spinocerebellar Ataxia,SCA5,600224,OMIM:600224,OMIM phenotype entry,Secondary,Neurodevelopmental ciliopathy,SPTBN2,AD,Eyes; Head and neck; Limbs; Nervous system; Skeletal,25,HP:0002421; HP:0000640; HP:0000486; HP:0001310; HP:0001272; HP:0002066; HP:0001252; HP:0001251; HP:0002080; HP:0100543; HP:0007286; HP:0000317; HP:0001347; HP:0002311; HP:0002136; HP:0001583; HP:0001321; HP:0001260; HP:0002495; HP:0001263; HP:0002075; HP:0002493; HP:0002070; HP:0011448; HP:0007772,Yes,,
CILP_0387,Spinocerebellar Ataxia,SCA10,603516,OMIM:603516,OMIM phenotype entry,Secondary,Neurodevelopmental ciliopathy,ATXN10,INCOMPLETE_PENETRANCE; ANTICIPATION; AD,Abdomen; Eyes; Genitourinary; Limbs; Nervous system,27,HP:0002168; HP:0002067; HP:0001310; HP:0001250; HP:0001272; HP:0001271; HP:0002066; HP:0000020; HP:0002062; HP:0000639; HP:0000716; HP:0007289; HP:0002936; HP:0001347; HP:0002311; HP:0002015; HP:0000012; HP:0003487; HP:0001260; HP:0002075; HP:0002073; HP:0002070; HP:0002071; HP:0000726; HP:0007772; HP:0007256; HP:0000762,Yes,,
CILP_0388,Spinocerebellar Ataxia,SCA12,604326,OMIM:604326,OMIM phenotype entry,Secondary,Neurodevelopmental ciliopathy,PPP2R2B,AD,Eyes; Head and neck; Nervous system; Skeletal,18,HP:0002345; HP:0001300; HP:0000496; HP:0001310; HP:0002530; HP:0001272; HP:0002120; HP:0001260; HP:0002075; HP:0002073; HP:0000716; HP:0007141; HP:0000726; HP:0000739; HP:0000317; HP:0000746; HP:0002346; HP:0001347,Yes,,
CILP_0389,Spinocerebellar Ataxia,SCA11,604432,OMIM:604432,OMIM phenotype entry,Secondary,Neurodevelopmental ciliopathy,TTBK2,AD,Eyes; Nervous system,10,HP:0002078; HP:0001272; HP:0001260; HP:0002066; HP:0002141; HP:0002073; HP:0002070; HP:0000639; HP:0008003; HP:0001347,Yes,,
CILP_0390,Spinocerebellar Ataxia,SCA13,605259,OMIM:605259,OMIM phenotype entry,Secondary,Neurodevelopmental ciliopathy,KCNC3,AD,Eyes; Ears; Nervous system; Skeletal,20,HP:0000365; HP:0001272; HP:0001260; HP:0002066; HP:0001252; HP:0002062; HP:0002073; HP:0001270; HP:0002070; HP:0100543; HP:0000639; HP:0008003; HP:0007256; HP:0000648; HP:0002406; HP:0006886; HP:0001257; HP:0001249; HP:0001347; HP:0001336,Yes,,
CILP_0391,Spinocerebellar Ataxia,SCA14,605361,OMIM:605361,OMIM phenotype entry,Secondary,Neurodevelopmental ciliopathy,PRKCG,INCOMPLETE_PENETRANCE; AD,Abdomen; Eyes; Head and neck; Nervous system; Skeletal,15,HP:0002015; HP:0001310; HP:0002354; HP:0001272; HP:0001260; HP:0002066; HP:0006938; HP:0004373; HP:0002073; HP:0000639; HP:0000716; HP:0000317; HP:0001268; HP:0007018; HP:0001347,Yes,,
CILP_0392,Spinocerebellar Ataxia,SCAN2,606002,OMIM:606002,OMIM phenotype entry,Secondary,Neurodevelopmental ciliopathy,Setx,AR,Abdomen; Eyes; Cardiovascular; Immune system; Head and neck; Limbs; Nervous system; Metabolism; Skeletal; Skin,35,HP:0003477; HP:0003236; HP:0000486; HP:0000640; HP:0003431; HP:0001332; HP:0003693; HP:0001272; HP:0002066; HP:0001271; HP:0001152; HP:0002460; HP:0010702; HP:0000639; HP:0007240; HP:0000657; HP:0006254; HP:0007267; HP:0001265; HP:0002015; HP:0006879; HP:0002650; HP:0001761; HP:0006937; HP:0001260; HP:0001284; HP:0002072; HP:0002070; HP:0010831; HP:0000524; HP:0007256; HP:0006886; HP:0001337; HP:0001315; HP:0002346,Yes,,
CILP_0393,Spinocerebellar Ataxia,SCA15,606658,OMIM:606658,OMIM phenotype entry,Secondary,Neurodevelopmental ciliopathy,ITPR1,AD,Abdomen; Eyes; Nervous system; Skeletal,32,HP:0002168; HP:0002345; HP:0007979; HP:0000640; HP:0001272; HP:0031629; HP:0002066; HP:0002080; HP:0000639; HP:0008278; HP:0001249; HP:0006855; HP:0001347; HP:0002136; HP:0002015; HP:0000571; HP:0002078; HP:0003487; HP:0001288; HP:0001260; HP:0002174; HP:0002072; HP:0100021; HP:0002070; HP:0012758; HP:0100660; HP:0007772; HP:0002406; HP:0000641; HP:0001257; HP:0007338; HP:0001337,Yes,,
CILP_0394,Spinocerebellar Ataxia,SCA17,607136,OMIM:607136,OMIM phenotype entry,Secondary,Neurodevelopmental ciliopathy,TBP,AD,Abdomen; Eyes; Genitourinary; Nervous system; Skeletal,34,HP:0002300; HP:0002067; HP:0000640; HP:0001310; HP:0001332; HP:0002186; HP:0001272; HP:0001250; HP:0002066; HP:0002063; HP:0000020; HP:0001251; HP:0011999; HP:0002080; HP:0000716; HP:0000738; HP:0000718; HP:0000757; HP:0007668; HP:0002136; HP:0002015; HP:0001289; HP:0001300; HP:0001260; HP:0002072; HP:0002171; HP:0002070; HP:0000727; HP:0000726; HP:0002506; HP:0002529; HP:0002403; HP:0000743; HP:0001336,Yes,,
CILP_0395,Spinocerebellar Ataxia,SCAN1,607250,OMIM:607250,OMIM phenotype entry,Secondary,Neurodevelopmental ciliopathy,TDP1,AR,Limbs; Nervous system; Metabolism; Skeletal,19,HP:0003477; HP:0002059; HP:0003431; HP:0006858; HP:0003376; HP:0003124; HP:0001761; HP:0001272; HP:0003693; HP:0001250; HP:0001260; HP:0002495; HP:0001284; HP:0001251; HP:0003073; HP:0003380; HP:0002936; HP:0000763; HP:0001249,Yes,,
CILP_0396,Spinocerebellar Ataxia,SCA19,607346,OMIM:607346,OMIM phenotype entry,Secondary,Neurodevelopmental ciliopathy,KCND3,AD,Abdomen; Eyes; Nervous system; Skeletal,17,HP:0001265; HP:0002015; HP:0007979; HP:0002078; HP:0001272; HP:0002396; HP:0001260; HP:0002066; HP:0002174; HP:0001152; HP:0002073; HP:0002070; HP:0100543; HP:0000639; HP:0001347; HP:0007944; HP:0001336,Yes,,
CILP_0397,Spinocerebellar Ataxia,SCA21,607454,OMIM:607454,OMIM phenotype entry,Secondary,Neurodevelopmental ciliopathy,TMEM240,AD,Eyes; Nervous system; Skeletal,30,HP:0002168; HP:0000486; HP:0002188; HP:0001332; HP:0001272; HP:0002066; HP:0001251; HP:0010543; HP:0010526; HP:0002080; HP:0100543; HP:0000639; HP:0000718; HP:0000514; HP:0001268; HP:0001249; HP:0001265; HP:0001300; HP:0002396; HP:0001260; HP:0001263; HP:0002174; HP:0002073; HP:0002070; HP:0002071; HP:0100710; HP:0007792; HP:0002304; HP:0000741; HP:0007338,Yes,,
CILP_0398,Spinocerebellar Ataxia,SCA8,608768,OMIM:608768,OMIM phenotype entry,Secondary,Neurodevelopmental ciliopathy,ATXN8,AD,Abdomen; Eyes; Nervous system; Skeletal,15,HP:0002311; HP:0002015; HP:0001272; HP:0001260; HP:0002062; HP:0002073; HP:0000639; HP:0000514; HP:0007772; HP:0009830; HP:0007256; HP:0000763; HP:0000641; HP:0001257; HP:0001337,Yes,,
CILP_0399,Spinocerebellar Ataxia,SCA26,609306,OMIM:609306,OMIM phenotype entry,Secondary,Neurodevelopmental ciliopathy,eEF2,AD,Eyes; Nervous system,9,HP:0002311; HP:0002078; HP:0000639; HP:0001151; HP:0001272; HP:0001260; HP:0002066; HP:0002070; HP:0000641,Yes,,
CILP_0400,Spinocerebellar Ataxia,SCA27,609307,OMIM:117210; OMIM:117360; OMIM:133190; OMIM:164400; OMIM:164500; OMIM:183086; OMIM:183090; OMIM:600224; OMIM:603516; OMIM:604326; OMIM:604432; OMIM:605259; OMIM:605361; OMIM:606002; OMIM:606658; OMIM:607136; OMIM:607250; OMIM:607346; OMIM:607454; OMIM:608768; OMIM:609306; OMIM:610245; OMIM:610246; OMIM:613908; OMIM:614153; OMIM:615945; OMIM:615957; OMIM:616053; OMIM:616410; OMIM:616795; OMIM:617018; OMIM:617691; OMIM:617769; OMIM:617770; OMIM:618093; OMIM:618387,Family-level record (combined OMIM entries),Secondary,Neurodevelopmental ciliopathy,FGF14,AD; INCOMPLETE_PENETRANCE; ANTICIPATION_PATERNAL_BIAS; ANTICIPATION; AR,Abdomen; Eyes; Ears; Cardiovascular; Growth; Genitourinary; Immune system; Head and neck; Limbs; Nervous system; Metabolism; Skeletal; Skin,299,HP:0007979; HP:0000639; HP:0001272; HP:0001260; HP:0002066; HP:0000407; HP:0001251; HP:0002070; HP:0004325; HP:0002421; HP:0000640; HP:0002540; HP:0000486; HP:0001332; HP:0000089; HP:0004322; HP:0002384; HP:0030177; HP:0001290; HP:0000514; HP:0003763; HP:0000252; HP:0001583; HP:0004691; HP:0100021; HP:0011094; HP:0000805; HP:0000526; HP:0002307; HP:0007676; HP:0002423; HP:0001337; HP:0001336; HP:0001276; HP:0003698; HP:0000582; HP:0002002; HP:0001310; HP:0002120; HP:0001270; HP:0034435; HP:0002080; HP:0100275; HP:0100543; HP:0000617; HP:0100704; HP:0000616; HP:0100702; HP:0009049; HP:0000218; HP:0006855; HP:0001320; HP:0002136; HP:0002015; HP:0002411; HP:0000750; HP:0001321; HP:0002376; HP:0001288; HP:0000474; HP:0004396; HP:0005484; HP:0000508; HP:0009830; HP:0007256; HP:0001319; HP:0002406; HP:0004428; HP:0002007; HP:0002403; HP:0004425; HP:0002465; HP:0002345; HP:0010529; HP:0001256; HP:0002342; HP:0000563; HP:0031629; HP:0001250; HP:0001252; HP:0012428; HP:0003391; HP:0033128; HP:0007366; HP:0020045; HP:0025336; HP:0007885; HP:0007369; HP:0003701; HP:0020049; HP:0001642; HP:0001249; HP:0000555; HP:0002078; HP:0030147; HP:0025335; HP:0011968; HP:0006817; HP:0000570; HP:0001263; HP:0002470; HP:0002075; HP:0033257; HP:0002194; HP:0002071; HP:0012896; HP:0000448; HP:0002505; HP:0000565; HP:0002346; HP:0002169; HP:0007859; HP:0002442; HP:0000540; HP:0430025; HP:0001350; HP:0010862; HP:0031491; HP:0007340; HP:0000657; HP:0001627; HP:0001348; HP:0001347; HP:0002179; HP:0002059; HP:0008935; HP:0031936; HP:0002174; HP:0032988; HP:0001518; HP:0033683; HP:0001999; HP:0009878; HP:0001631; HP:0000028; HP:0000666; HP:0001265; HP:0003477; HP:0002380; HP:0000605; HP:0007772; HP:0001019; HP:0001257; HP:0000962; HP:0002542; HP:0003431; HP:0003394; HP:0002460; HP:0007006; HP:0001324; HP:0007328; HP:0003202; HP:0003401; HP:0003487; HP:0006937; HP:0002198; HP:0002072; HP:0002073; HP:0010831; HP:0007078; HP:0000648; HP:0000641; HP:0002503; HP:0002168; HP:0003693; HP:0001151; HP:0007263; HP:0002839; HP:0003448; HP:0001283; HP:0002495; HP:0001284; HP:0000623; HP:0000543; HP:0002310; HP:0000580; HP:0000529; HP:0000608; HP:0001268; HP:0002321; HP:0002083; HP:0002359; HP:0002017; HP:0002311; HP:0007670; HP:0000763; HP:0002067; HP:0000020; HP:0002063; HP:0002317; HP:0000510; HP:0001300; HP:0002172; HP:0000726; HP:0000602; HP:0007286; HP:0000317; HP:0002493; HP:0011448; HP:0001271; HP:0002062; HP:0000716; HP:0007289; HP:0002936; HP:0000012; HP:0000762; HP:0000496; HP:0002530; HP:0007141; HP:0000739; HP:0000746; HP:0002141; HP:0008003; HP:0000365; HP:0006886; HP:0002354; HP:0006938; HP:0004373; HP:0007018; HP:0003236; HP:0001152; HP:0010702; HP:0007240; HP:0006254; HP:0007267; HP:0006879; HP:0002650; HP:0001761; HP:0000524; HP:0001315; HP:0008278; HP:0000571; HP:0012758; HP:0100660; HP:0007338; HP:0002300; HP:0002186; HP:0011999; HP:0000738; HP:0000718; HP:0000757; HP:0007668; HP:0001289; HP:0002171; HP:0000727; HP:0002506; HP:0002529; HP:0000743; HP:0006858; HP:0003376; HP:0003124; HP:0003073; HP:0003380; HP:0002396; HP:0007944; HP:0002188; HP:0010543; HP:0010526; HP:0100710; HP:0007792; HP:0002304; HP:0000741; HP:0002166; HP:0001274; HP:0007305; HP:0003200; HP:0002395; HP:0003474; HP:0011922; HP:0006895; HP:0000597; HP:0000473; HP:0007024; HP:0000467; HP:0012473; HP:0001308; HP:0000511; HP:0003445; HP:0002313; HP:0000651; HP:0002497; HP:0002064; HP:0031166; HP:0007001; HP:0012514; HP:0030902; HP:0000768; HP:0000360; HP:0010545; HP:0003390; HP:0002069; HP:0100785; HP:0000737; HP:0004326; HP:0002352; HP:0011402; HP:0003690; HP:0009027; HP:0001765,Yes,,
CILP_0401,Spinocerebellar Ataxia,SCA23,610245,OMIM:610245,OMIM phenotype entry,Secondary,Neurodevelopmental ciliopathy,PDYN,AD,Eyes; Nervous system,17,HP:0002166; HP:0006858; HP:0003487; HP:0001310; HP:0001272; HP:0001260; HP:0002066; HP:0001271; HP:0001274; HP:0002070; HP:0007141; HP:0000514; HP:0002529; HP:0000641; HP:0007305; HP:0001337; HP:0001347,Yes,,
CILP_0402,Spinocerebellar Ataxia,SCA28,610246,OMIM:610246,OMIM phenotype entry,Secondary,Neurodevelopmental ciliopathy,AFG3L2,AD,Eyes; Limbs; Nervous system; Metabolism; Skeletal,18,HP:0000640; HP:0001300; HP:0003200; HP:0003487; HP:0001332; HP:0001272; HP:0002395; HP:0001260; HP:0002066; HP:0003474; HP:0002070; HP:0011922; HP:0000508; HP:0000514; HP:0006895; HP:0000641; HP:0000597; HP:0001257,Yes,,
CILP_0403,Spinocerebellar Ataxia,SCA35,613908,OMIM:613908,OMIM phenotype entry,Secondary,Neurodevelopmental ciliopathy,TGM6,AD,Abdomen; Eyes; Head and neck; Nervous system; Skeletal,15,HP:0002311; HP:0000473; HP:0001288; HP:0003487; HP:0001310; HP:0001272; HP:0001260; HP:0001251; HP:0002080; HP:0010831; HP:0000514; HP:0007024; HP:0002505; HP:0000467; HP:0001347,Yes,,
CILP_0404,Spinocerebellar Ataxia,SCA36,614153,OMIM:614153,OMIM phenotype entry,Secondary,Neurodevelopmental ciliopathy,NOP56,AD,Abdomen; Eyes; Ears; Head and neck; Nervous system; Skeletal,24,HP:0001276; HP:0000365; HP:0001272; HP:0002066; HP:0001252; HP:0001251; HP:0002380; HP:0012473; HP:0000639; HP:0000514; HP:0001308; HP:0001324; HP:0001347; HP:0000511; HP:0002311; HP:0003202; HP:0002015; HP:0003445; HP:0002078; HP:0003487; HP:0001260; HP:0002070; HP:0000508; HP:0007772,Yes,,
CILP_0405,Spinocerebellar Ataxia,SCA37,615945,OMIM:615945,OMIM phenotype entry,Secondary,Neurodevelopmental ciliopathy,DAB1,AD,Abdomen; Eyes; Nervous system; Skeletal,8,HP:0002015; HP:0001272; HP:0001260; HP:0001251; HP:0000639; HP:0002317; HP:0002359; HP:0001337,Yes,,
CILP_0406,Spinocerebellar Ataxia,SCA38,615957,OMIM:615957,OMIM phenotype entry,Secondary,Neurodevelopmental ciliopathy,ELOVL5,AD,Eyes; Nervous system; Skeletal,12,HP:0003477; HP:0001260; HP:0002066; HP:0001251; HP:0002460; HP:0002070; HP:0000639; HP:0000514; HP:0007366; HP:0001337; HP:0001336; HP:0006855,Yes,,
CILP_0407,Spinocerebellar Ataxia,SCA40,616053,OMIM:616053,OMIM phenotype entry,Secondary,Neurodevelopmental ciliopathy,CCDC88C,AD,Limbs; Nervous system; Skeletal,14,HP:0002168; HP:0006879; HP:0002136; HP:0001310; HP:0002066; HP:0001260; HP:0002075; HP:0001251; HP:0002080; HP:0011448; HP:0002317; HP:0001337; HP:0002313; HP:0001347,Yes,,
CILP_0408,Spinocerebellar Ataxia,SCA41,616410,OMIM:616410,OMIM phenotype entry,Secondary,Neurodevelopmental ciliopathy,TRPC3,AD,Nervous system,6,HP:0001272; HP:0002066; HP:0001251; HP:0002172; HP:0002317; HP:0006855,Yes,,
CILP_0409,Spinocerebellar Ataxia,SCA42,616795,OMIM:616795,OMIM phenotype entry,Secondary,Neurodevelopmental ciliopathy,CACNA1G,AD,Abdomen; Eyes; Genitourinary; Nervous system; Skeletal,21,HP:0002015; HP:0000651; HP:0003487; HP:0002497; HP:0000012; HP:0001272; HP:0001260; HP:0006938; HP:0000020; HP:0001251; HP:0001152; HP:0002064; HP:0031166; HP:0100543; HP:0000716; HP:0007001; HP:0007256; HP:0002317; HP:0000666; HP:0001337; HP:0001347,Yes,,
CILP_0410,Spinocerebellar Ataxia,SCA43,617018,OMIM:617018,OMIM phenotype entry,Secondary,Neurodevelopmental ciliopathy,MME,AD,Eyes; Limbs; Nervous system; Skeletal,18,HP:0001265; HP:0000571; HP:0001761; HP:0003693; HP:0001260; HP:0002066; HP:0002063; HP:0001251; HP:0012514; HP:0002172; HP:0002070; HP:0030902; HP:0000639; HP:0007141; HP:0002936; HP:0000768; HP:0001337; HP:0006855,Yes,,
CILP_0411,Spinocerebellar Ataxia,SCA44,617691,OMIM:617691,OMIM phenotype entry,Secondary,Neurodevelopmental ciliopathy,GRM1,AD,Abdomen; Eyes; Ears; Nervous system; Skeletal,14,HP:0002015; HP:0000750; HP:0001310; HP:0001272; HP:0001260; HP:0002066; HP:0001251; HP:0002075; HP:0000360; HP:0001270; HP:0002359; HP:0001257; HP:0007338; HP:0001348,Yes,,
CILP_0412,Spinocerebellar Ataxia,SCA45,617769,OMIM:617769,OMIM phenotype entry,Secondary,Neurodevelopmental ciliopathy,FAT2,AD,Eyes; Nervous system,5,HP:0001272; HP:0001260; HP:0002066; HP:0002070; HP:0010545,Yes,,
CILP_0413,Spinocerebellar Ataxia,SCA46,617770,OMIM:617770,OMIM phenotype entry,Secondary,Neurodevelopmental ciliopathy,PLD3,AD,Eyes; Nervous system,10,HP:0001310; HP:0001272; HP:0002066; HP:0001260; HP:0003390; HP:0002070; HP:0000639; HP:0000514; HP:0008003; HP:0002403,Yes,,
CILP_0414,Spinocerebellar Ataxia,SCA47,617931,OMIM:117210; OMIM:117360; OMIM:133190; OMIM:164400; OMIM:164500; OMIM:183086; OMIM:183090; OMIM:600224; OMIM:603516; OMIM:604326; OMIM:604432; OMIM:605259; OMIM:605361; OMIM:606002; OMIM:606658; OMIM:607136; OMIM:607250; OMIM:607346; OMIM:607454; OMIM:608768; OMIM:609306; OMIM:610245; OMIM:610246; OMIM:613908; OMIM:614153; OMIM:615945; OMIM:615957; OMIM:616053; OMIM:616410; OMIM:616795; OMIM:617018; OMIM:617691; OMIM:617769; OMIM:617770; OMIM:618093; OMIM:618387,Family-level record (combined OMIM entries),Secondary,Neurodevelopmental ciliopathy,PUM1,AD; INCOMPLETE_PENETRANCE; ANTICIPATION_PATERNAL_BIAS; ANTICIPATION; AR,Abdomen; Eyes; Ears; Cardiovascular; Growth; Genitourinary; Immune system; Head and neck; Limbs; Nervous system; Metabolism; Skeletal; Skin,299,HP:0007979; HP:0000639; HP:0001272; HP:0001260; HP:0002066; HP:0000407; HP:0001251; HP:0002070; HP:0004325; HP:0002421; HP:0000640; HP:0002540; HP:0000486; HP:0001332; HP:0000089; HP:0004322; HP:0002384; HP:0030177; HP:0001290; HP:0000514; HP:0003763; HP:0000252; HP:0001583; HP:0004691; HP:0100021; HP:0011094; HP:0000805; HP:0000526; HP:0002307; HP:0007676; HP:0002423; HP:0001337; HP:0001336; HP:0001276; HP:0003698; HP:0000582; HP:0002002; HP:0001310; HP:0002120; HP:0001270; HP:0034435; HP:0002080; HP:0100275; HP:0100543; HP:0000617; HP:0100704; HP:0000616; HP:0100702; HP:0009049; HP:0000218; HP:0006855; HP:0001320; HP:0002136; HP:0002015; HP:0002411; HP:0000750; HP:0001321; HP:0002376; HP:0001288; HP:0000474; HP:0004396; HP:0005484; HP:0000508; HP:0009830; HP:0007256; HP:0001319; HP:0002406; HP:0004428; HP:0002007; HP:0002403; HP:0004425; HP:0002465; HP:0002345; HP:0010529; HP:0001256; HP:0002342; HP:0000563; HP:0031629; HP:0001250; HP:0001252; HP:0012428; HP:0003391; HP:0033128; HP:0007366; HP:0020045; HP:0025336; HP:0007885; HP:0007369; HP:0003701; HP:0020049; HP:0001642; HP:0001249; HP:0000555; HP:0002078; HP:0030147; HP:0025335; HP:0011968; HP:0006817; HP:0000570; HP:0001263; HP:0002470; HP:0002075; HP:0033257; HP:0002194; HP:0002071; HP:0012896; HP:0000448; HP:0002505; HP:0000565; HP:0002346; HP:0002169; HP:0007859; HP:0002442; HP:0000540; HP:0430025; HP:0001350; HP:0010862; HP:0031491; HP:0007340; HP:0000657; HP:0001627; HP:0001348; HP:0001347; HP:0002179; HP:0002059; HP:0008935; HP:0031936; HP:0002174; HP:0032988; HP:0001518; HP:0033683; HP:0001999; HP:0009878; HP:0001631; HP:0000028; HP:0000666; HP:0001265; HP:0003477; HP:0002380; HP:0000605; HP:0007772; HP:0001019; HP:0001257; HP:0000962; HP:0002542; HP:0003431; HP:0003394; HP:0002460; HP:0007006; HP:0001324; HP:0007328; HP:0003202; HP:0003401; HP:0003487; HP:0006937; HP:0002198; HP:0002072; HP:0002073; HP:0010831; HP:0007078; HP:0000648; HP:0000641; HP:0002503; HP:0002168; HP:0003693; HP:0001151; HP:0007263; HP:0002839; HP:0003448; HP:0001283; HP:0002495; HP:0001284; HP:0000623; HP:0000543; HP:0002310; HP:0000580; HP:0000529; HP:0000608; HP:0001268; HP:0002321; HP:0002083; HP:0002359; HP:0002017; HP:0002311; HP:0007670; HP:0000763; HP:0002067; HP:0000020; HP:0002063; HP:0002317; HP:0000510; HP:0001300; HP:0002172; HP:0000726; HP:0000602; HP:0007286; HP:0000317; HP:0002493; HP:0011448; HP:0001271; HP:0002062; HP:0000716; HP:0007289; HP:0002936; HP:0000012; HP:0000762; HP:0000496; HP:0002530; HP:0007141; HP:0000739; HP:0000746; HP:0002141; HP:0008003; HP:0000365; HP:0006886; HP:0002354; HP:0006938; HP:0004373; HP:0007018; HP:0003236; HP:0001152; HP:0010702; HP:0007240; HP:0006254; HP:0007267; HP:0006879; HP:0002650; HP:0001761; HP:0000524; HP:0001315; HP:0008278; HP:0000571; HP:0012758; HP:0100660; HP:0007338; HP:0002300; HP:0002186; HP:0011999; HP:0000738; HP:0000718; HP:0000757; HP:0007668; HP:0001289; HP:0002171; HP:0000727; HP:0002506; HP:0002529; HP:0000743; HP:0006858; HP:0003376; HP:0003124; HP:0003073; HP:0003380; HP:0002396; HP:0007944; HP:0002188; HP:0010543; HP:0010526; HP:0100710; HP:0007792; HP:0002304; HP:0000741; HP:0002166; HP:0001274; HP:0007305; HP:0003200; HP:0002395; HP:0003474; HP:0011922; HP:0006895; HP:0000597; HP:0000473; HP:0007024; HP:0000467; HP:0012473; HP:0001308; HP:0000511; HP:0003445; HP:0002313; HP:0000651; HP:0002497; HP:0002064; HP:0031166; HP:0007001; HP:0012514; HP:0030902; HP:0000768; HP:0000360; HP:0010545; HP:0003390; HP:0002069; HP:0100785; HP:0000737; HP:0004326; HP:0002352; HP:0011402; HP:0003690; HP:0009027; HP:0001765,No,"Exact duplicate of CILP_0400 (identical features, same family)",
CILP_0415,Spinocerebellar Ataxia,SCA48,618093,OMIM:618093,OMIM phenotype entry,Secondary,Neurodevelopmental ciliopathy,STUB1,AD,Abdomen; Growth; Genitourinary; Nervous system,20,HP:0002069; HP:0002015; HP:0001300; HP:0001310; HP:0003487; HP:0001332; HP:0001272; HP:0001260; HP:0002066; HP:0000020; HP:0001251; HP:0002072; HP:0100785; HP:0000716; HP:0000737; HP:0000739; HP:0001268; HP:0001337; HP:0004326; HP:0001347,Yes,,
CILP_0416,Spinocerebellar Ataxia,SCAN3,618387,OMIM:618387,OMIM phenotype entry,Secondary,Neurodevelopmental ciliopathy,COA7,AR,Limbs; Nervous system; Metabolism; Skeletal,20,HP:0001265; HP:0003477; HP:0003236; HP:0003376; HP:0001310; HP:0001761; HP:0001272; HP:0003693; HP:0001260; HP:0002066; HP:0002352; HP:0001263; HP:0001251; HP:0002460; HP:0011402; HP:0003690; HP:0009027; HP:0002936; HP:0001337; HP:0001765,Yes,,
CILP_0417,Spondylometaphyseal Dysplasia,SMDK,184252,OMIM:184252,OMIM phenotype entry,Primary,Skeletal ciliopathy,TRPV4,AD,Growth; Head and neck; Limbs; Nervous system; Skeletal,29,HP:0003037; HP:0003015; HP:0001498; HP:0003311; HP:0003375; HP:0010230; HP:0006375; HP:0001547; HP:0002812; HP:0002515; HP:0008833; HP:0002657; HP:0001760; HP:0003521; HP:0002751; HP:0002650; HP:0002750; HP:0000470; HP:0005042; HP:0005041; HP:0005280; HP:0003180; HP:0000926; HP:0002869; HP:0000348; HP:0002826; HP:0000768; HP:0002987; HP:0001216,Yes,,
CILP_0418,Spondylometaphyseal Dysplasia,SMDCF,184255,OMIM:184255,OMIM phenotype entry,Primary,Skeletal ciliopathy,FN1,AD,Growth; Limbs; Nervous system; Skeletal,13,HP:0002650; HP:0003311; HP:0004322; HP:0003025; HP:0002970; HP:0003300; HP:0100864; HP:0003908; HP:0002515; HP:0002812; HP:0000768; HP:0002657; HP:0004603,Yes,,
CILP_0419,Spondylometaphyseal Dysplasia,SMDS,250220,OMIM:250220,OMIM phenotype entry,Primary,Skeletal ciliopathy,GPX4,AR,Ears; Cardiovascular; Growth; Head and neck; Limbs; Nervous system; Skeletal; Skin,41,HP:0002663; HP:0004688; HP:0008905; HP:0003498; HP:0001156; HP:0003375; HP:0001252; HP:0000262; HP:0010049; HP:0001290; HP:0011675; HP:0009381; HP:0010230; HP:0007187; HP:0008798; HP:0000878; HP:0006059; HP:0000774; HP:0000773; HP:0002657; HP:0000358; HP:0009803; HP:0003026; HP:0012819; HP:0001762; HP:0003025; HP:0002132; HP:0001582; HP:0003021; HP:0000470; HP:0003085; HP:0031233; HP:0004491; HP:0005280; HP:0003180; HP:0000926; HP:0002869; HP:0000887; HP:0008786; HP:0001631; HP:0001831,Yes,,
CILP_0420,Spondylometaphyseal Dysplasia,SMDAX,602271,OMIM:602271,OMIM phenotype entry,Primary,Skeletal ciliopathy,CFAP410,AR,Abdomen; Eyes; Cardiovascular; Growth; Genitourinary; Immune system; Limbs; Respiratory; Skeletal,22,HP:0003411; HP:0008905; HP:0004322; HP:0005257; HP:0003375; HP:0012207; HP:0100864; HP:0000639; HP:0002812; HP:0006532; HP:0000510; HP:0000774; HP:0002657; HP:0001744; HP:0003521; HP:0002650; HP:0002091; HP:0000907; HP:0000926; HP:0000546; HP:0000648; HP:0000548,Yes,,
CILP_0421,Spondylometaphyseal Dysplasia,SPENCDI,607944,OMIM:607944,OMIM phenotype entry,Primary,Skeletal ciliopathy,ACP5,AR,Ears; Cardiovascular; Endocrine; Growth; Genitourinary; Immune system; Head and neck; Limbs; Nervous system; Metabolism; Respiratory; Skeletal; Skin,52,HP:0001256; HP:0005576; HP:0004322; HP:0001370; HP:0005374; HP:0100255; HP:0002938; HP:0001888; HP:0002657; HP:0007526; HP:0002751; HP:0001386; HP:0001264; HP:0005387; HP:0001263; HP:0011800; HP:0000926; HP:0000403; HP:0001973; HP:0001257; HP:0000369; HP:0001034; HP:0002960; HP:0003016; HP:0001552; HP:0000460; HP:0000262; HP:0003493; HP:0000979; HP:0100866; HP:0002716; HP:0002958; HP:0004979; HP:0002514; HP:0002478; HP:0001045; HP:0005403; HP:0003301; HP:0002650; HP:0002694; HP:0003025; HP:0030320; HP:0030880; HP:0005681; HP:0002090; HP:0002091; HP:0011108; HP:0000821; HP:0002725; HP:0002205; HP:0002007; HP:0001875,Yes,,
CILP_0422,Spondylometaphyseal Dysplasia,SMDMDM,613320,OMIM:613320,OMIM phenotype entry,Primary,Skeletal ciliopathy,PAM16,AR,Ears; Cardiovascular; Growth; Head and neck; Limbs; Nervous system; Respiratory; Skeletal,40,HP:0002663; HP:0002983; HP:0004565; HP:0000463; HP:0002002; HP:0004322; HP:0001591; HP:0003177; HP:0003196; HP:0003175; HP:0011220; HP:0008551; HP:0008455; HP:0000239; HP:0002617; HP:0008897; HP:0000774; HP:0000311; HP:0000773; HP:0002657; HP:0008936; HP:0003026; HP:0002375; HP:0001640; HP:0002750; HP:0001263; HP:0003021; HP:0000470; HP:0002092; HP:0005280; HP:0003180; HP:0001518; HP:0000822; HP:0006387; HP:0008786; HP:0002007; HP:0002645; HP:0002789; HP:0000369; HP:0000445,Yes,,
CILP_0423,Spondylometaphyseal Dysplasia,SMDP,619638,OMIM:619638,OMIM phenotype entry,Primary,Skeletal ciliopathy,PRKG2,AR,Abdomen; Eyes; Growth; Head and neck; Limbs; Skeletal,15,HP:0008905; HP:0002980; HP:0002750; HP:0011968; HP:0001252; HP:0000592; HP:0010047; HP:0011304; HP:0010044; HP:0000926; HP:0002942; HP:0002645; HP:0001763; HP:0000325; HP:0002753,Yes,,
CILP_0424,Stromme Syndrome,STROMS,243605,OMIM:243605,OMIM phenotype entry,Primary,Atypical / secondary ciliopathy,CENPF,AR,Abdomen; Eyes; Ears; Cardiovascular; Genitourinary; Immune system; Head and neck; Limbs; Nervous system; Skeletal,30,HP:0005235; HP:0003198; HP:0002000; HP:0001274; HP:0000482; HP:0012841; HP:0000518; HP:0000316; HP:0000612; HP:0000238; HP:0000659; HP:0001747; HP:0001320; HP:0000154; HP:0000175; HP:0000252; HP:0000431; HP:0001321; HP:0000490; HP:0012584; HP:0000609; HP:0100258; HP:0000426; HP:0000568; HP:0000647; HP:0002247; HP:0002566; HP:0000369; HP:0000347; HP:0000126,No,Disease family with fewer than 5 entries,
CILP_0425,Townes-Brocks Syndrome,TBS1,107480,OMIM:107480,OMIM phenotype entry,Secondary,Atypical / secondary ciliopathy,SALL1,AD,Abdomen; Eyes; Ears; Cardiovascular; Endocrine; Growth; Genitourinary; Head and neck; Limbs; Nervous system; Respiratory; Skeletal; Skin,56,HP:0011939; HP:0002025; HP:0001177; HP:0002023; HP:0002144; HP:0000089; HP:0000083; HP:0002020; HP:0010331; HP:0000238; HP:0009944; HP:0001249; HP:0000252; HP:0000453; HP:0004453; HP:0001263; HP:0004692; HP:0004691; HP:0010711; HP:0010481; HP:0100015; HP:0000407; HP:0001537; HP:0009779; HP:0000048; HP:0000400; HP:0000047; HP:0000003; HP:0000567; HP:0000143; HP:0001199; HP:0004467; HP:0000384; HP:0030676; HP:0010743; HP:0001629; HP:0008551; HP:0006179; HP:0000136; HP:0009921; HP:0001864; HP:0000110; HP:0002575; HP:0001440; HP:0000076; HP:0001883; HP:0001360; HP:0000394; HP:0004792; HP:0011304; HP:0001518; HP:0001636; HP:0000821; HP:0001631; HP:0000028; HP:0002247,No,Disease family with fewer than 5 entries,
CILP_0426,Townes-Brocks Syndrome,TBS,,ORPHA:857,Orphanet entry (matched by disease name),Secondary,Atypical / secondary ciliopathy,LUZP1,Autosomal dominant,Abdomen; Eyes; Ears; Cardiovascular; Endocrine; Growth; Genitourinary; Head and neck; Limbs; Nervous system; Skeletal; Skin,66,HP:0000377; HP:0000143; HP:0000384; HP:0001177; HP:0001199; HP:0002023; HP:0004792; HP:0000028; HP:0000083; HP:0000365; HP:0000396; HP:0001482; HP:0001545; HP:0001760; HP:0001763; HP:0001863; HP:0002019; HP:0004209; HP:0008551; HP:0000047; HP:0000048; HP:0000076; HP:0000086; HP:0000089; HP:0000130; HP:0000142; HP:0000154; HP:0000324; HP:0000486; HP:0000504; HP:0000518; HP:0000567; HP:0000568; HP:0000581; HP:0000612; HP:0000772; HP:0000821; HP:0000823; HP:0001140; HP:0001249; HP:0001274; HP:0001508; HP:0001631; HP:0001636; HP:0001641; HP:0001643; HP:0001671; HP:0001770; HP:0002308; HP:0002607; HP:0003468; HP:0004322; HP:0005562; HP:0006824; HP:0008736; HP:0009465; HP:0009912; HP:0009944; HP:0010059; HP:0010331; HP:0010481; HP:0010760; HP:0011304; HP:0012210; HP:0030680; HP:0100559,No,Disease family with fewer than 5 entries,
CILP_0427,Usher Syndrome,USH1B,276900,OMIM:276900,OMIM phenotype entry,Secondary,Retinal ciliopathy,MYO7A,AR,Eyes; Ears; Nervous system,8,HP:0000572; HP:0000550; HP:0000639; HP:0000407; HP:0001270; HP:0008555; HP:0000510; HP:0000512,Yes,,
CILP_0428,Usher Syndrome,USH2A,276901,OMIM:276901,OMIM phenotype entry,Secondary,Retinal ciliopathy,USH2A,AR,Eyes; Ears,2,HP:0000510; HP:0008527,Yes,,
CILP_0429,Usher Syndrome,USH3A,276902,OMIM:276902,OMIM phenotype entry,Secondary,Retinal ciliopathy,CLRN1,AR,Eyes; Ears,6,HP:0000662; HP:0001751; HP:0001123; HP:0000407; HP:0007663; HP:0000510,Yes,,
CILP_0430,Usher Syndrome,USH1C,276904,OMIM:276904,OMIM phenotype entry,Secondary,Retinal ciliopathy,USH1C,AR,Eyes; Ears,3,HP:0001756; HP:0000510; HP:0008527,No,"Exact duplicate of CILP_0428 (identical features, same family)",
CILP_0431,Usher Syndrome,USH1D,601067,OMIM:601067,OMIM phenotype entry,Secondary,Retinal ciliopathy,CDH23,AR,Eyes; Ears,3,HP:0001751; HP:0000365; HP:0000510,Yes,,
CILP_0432,Usher Syndrome,USH1F,602083,OMIM:602083,OMIM phenotype entry,Secondary,Retinal ciliopathy,PCDH15,AR,Eyes; Ears; Nervous system,5,HP:0001751; HP:0031629; HP:0001270; HP:0000510; HP:0008527,Yes,,
CILP_0433,Usher Syndrome,USH2C,605472,OMIM:605472,OMIM phenotype entry,Secondary,Retinal ciliopathy,ADGRV1; PDZD7,AR,Eyes; Ears,2,HP:0000510; HP:0008527,No,"Exact duplicate of CILP_0428 (identical features, same family)",
CILP_0434,Usher Syndrome,USH1G,606943,OMIM:606943,OMIM phenotype entry,Secondary,Retinal ciliopathy,USH1G,AR,Eyes; Ears; Head and neck; Skeletal,4,HP:0001751; HP:0000407; HP:0000510; HP:0004646,Yes,,
CILP_0435,Usher Syndrome,USH2D,611383,OMIM:611383,OMIM phenotype entry,Secondary,Retinal ciliopathy,WHRN,AR,Eyes; Ears,4,HP:0000365; HP:0001751; HP:0000662; HP:0000510,Yes,,
CILP_0436,Usher Syndrome,USH3B,614504,OMIM:614504,OMIM phenotype entry,Secondary,Retinal ciliopathy,HARS1,AR,Eyes; Ears; Cardiovascular; Nervous system,10,HP:0007083; HP:0000365; HP:0002078; HP:0000613; HP:0002194; HP:0000505; HP:0000543; HP:0007843; HP:0011504; HP:0000666,Yes,,
CILP_0437,Usher Syndrome,USH1J,614869,ORPHA:886,Orphanet entry (matched by disease name),Secondary,Retinal ciliopathy,CIB2,Needs curation,Eyes; Ears; Cardiovascular; Head and neck; Nervous system; Skeletal,37,HP:0000407; HP:0000505; HP:0000512; HP:0000529; HP:0000618; HP:0000662; HP:0001123; HP:0001751; HP:0007703; HP:0008568; HP:0000518; HP:0000545; HP:0001251; HP:0008499; HP:0000360; HP:0000483; HP:0000639; HP:0000670; HP:0000682; HP:0000691; HP:0000709; HP:0000716; HP:0000738; HP:0000739; HP:0001639; HP:0002120; HP:0002194; HP:0002312; HP:0003198; HP:0003457; HP:0007360; HP:0007994; HP:0008947; HP:0010780; HP:0011025; HP:0011073; HP:0031936,Yes,,
CILP_0438,Usher Syndrome,USH4,618144,OMIM:618144,OMIM phenotype entry,Secondary,Retinal ciliopathy,ARSG,AR,Eyes; Ears,10,HP:0001133; HP:0007737; HP:0001751; HP:0000662; HP:0030631; HP:0000408; HP:0000407; HP:0000546; HP:0030529; HP:0001105,Yes,,
CILP_0439,Visceral Heterotaxy,HTX5,270100,OMIM:270100,OMIM phenotype entry,Secondary,Motile cilia / laterality,NODAL,AD,Abdomen; Cardiovascular; Growth; Genitourinary; Immune system; Nervous system; Respiratory; Skeletal,30,HP:0001750; HP:0001651; HP:0000089; HP:0001272; HP:0011699; HP:0011555; HP:0031565; HP:0010305; HP:0031348; HP:0011536; HP:0001629; HP:0001746; HP:0006695; HP:0004935; HP:0001643; HP:0002059; HP:0001321; HP:0003363; HP:0000073; HP:0004970; HP:0001680; HP:0000071; HP:0010773; HP:0005160; HP:0011861; HP:0001719; HP:0001511; HP:0001631; HP:0002247; HP:0002566,Yes,,
CILP_0440,Visceral Heterotaxy,HTX1,306955,OMIM:306955,OMIM phenotype entry,Secondary,Motile cilia / laterality,ZIC3,XLR,Abdomen; Eyes; Ears; Cardiovascular; Growth; Genitourinary; Immune system; Limbs; Nervous system; Respiratory; Skeletal; Skin,53,HP:0001374; HP:0002023; HP:0001651; HP:0000085; HP:0011536; HP:0031348; HP:0012304; HP:0000316; HP:0001800; HP:0000238; HP:0001643; HP:0003305; HP:0001642; HP:0002475; HP:0003363; HP:0011565; HP:0033379; HP:0001539; HP:0000961; HP:0000369; HP:0001655; HP:0001776; HP:0001674; HP:0001750; HP:0002240; HP:0004383; HP:0010305; HP:0001629; HP:0001508; HP:0012890; HP:0011560; HP:0001669; HP:0001746; HP:0006695; HP:0001748; HP:0003026; HP:0002410; HP:0001682; HP:0001561; HP:0001321; HP:0001640; HP:0002098; HP:0001680; HP:0005160; HP:0011861; HP:0001719; HP:0001718; HP:0011670; HP:0005912; HP:0001631; HP:0000105; HP:0002247; HP:0000104,Yes,,
CILP_0441,Visceral Heterotaxy,HTX2,605376,OMIM:605376,OMIM phenotype entry,Secondary,Motile cilia / laterality,CFC1,INCOMPLETE_PENETRANCE; AD,Abdomen; Cardiovascular; Growth; Immune system; Head and neck; Nervous system; Skeletal,14,HP:0000252; HP:0001696; HP:0001651; HP:0003363; HP:0001274; HP:0011599; HP:0033379; HP:0011537; HP:0001719; HP:0001669; HP:0001746; HP:0006695; HP:0001748; HP:0002566,Yes,,
CILP_0442,Visceral Heterotaxy,HTX3,606325,OMIM:270100; OMIM:306955; OMIM:605376; OMIM:613751; OMIM:614779; OMIM:616749; OMIM:617205; OMIM:618948; OMIM:619607; OMIM:619608,Family-level record (combined OMIM entries),Secondary,Motile cilia / laterality,SESN1,AD; XLR; INCOMPLETE_PENETRANCE; AR,Abdomen; Eyes; Ears; Cardiovascular; Growth; Genitourinary; Immune system; Head and neck; Limbs; Nervous system; Respiratory; Skeletal; Skin,97,HP:0001750; HP:0001651; HP:0000089; HP:0001272; HP:0011699; HP:0011555; HP:0031565; HP:0010305; HP:0031348; HP:0011536; HP:0001629; HP:0001746; HP:0006695; HP:0004935; HP:0001643; HP:0002059; HP:0001321; HP:0003363; HP:0000073; HP:0004970; HP:0001680; HP:0000071; HP:0010773; HP:0005160; HP:0011861; HP:0001719; HP:0001511; HP:0001631; HP:0002247; HP:0002566; HP:0001374; HP:0002023; HP:0000085; HP:0012304; HP:0000316; HP:0001800; HP:0000238; HP:0003305; HP:0001642; HP:0002475; HP:0011565; HP:0033379; HP:0001539; HP:0000961; HP:0000369; HP:0001655; HP:0001776; HP:0001674; HP:0002240; HP:0004383; HP:0001508; HP:0012890; HP:0011560; HP:0001669; HP:0001748; HP:0003026; HP:0002410; HP:0001682; HP:0001561; HP:0001640; HP:0002098; HP:0001718; HP:0011670; HP:0005912; HP:0000105; HP:0000104; HP:0000252; HP:0001696; HP:0001274; HP:0011599; HP:0011537; HP:0010452; HP:0034188; HP:0012020; HP:0011671; HP:0011579; HP:0001671; HP:0030853; HP:0004762; HP:0004971; HP:0011611; HP:0001702; HP:0001646; HP:0031834; HP:0011539; HP:0011538; HP:0011540; HP:0003251; HP:0000403; HP:0033036; HP:0012735; HP:0011109; HP:0010445; HP:0011577; HP:0031590; HP:0034011; HP:0000389,Yes,,
CILP_0443,Visceral Heterotaxy,HTX4,613751,OMIM:613751,OMIM phenotype entry,Secondary,Motile cilia / laterality,ACVR2B,AD,Abdomen; Cardiovascular; Immune system; Respiratory,15,HP:0001674; HP:0001651; HP:0011565; HP:0033379; HP:0005160; HP:0031348; HP:0010452; HP:0001629; HP:0034188; HP:0012020; HP:0011671; HP:0001669; HP:0006695; HP:0001748; HP:0004935,Yes,,
CILP_0444,Visceral Heterotaxy,HTX6,614779,OMIM:614779,OMIM phenotype entry,Secondary,Motile cilia / laterality,CFAP53,AR,Abdomen; Cardiovascular; Growth; Respiratory,10,HP:0001696; HP:0001651; HP:0003363; HP:0001719; HP:0012020; HP:0001669; HP:0004383; HP:0011565; HP:0005160; HP:0011579,Yes,,
CILP_0445,Visceral Heterotaxy,HTX7,616749,OMIM:616749,OMIM phenotype entry,Secondary,Motile cilia / laterality,MMP21,AR,Abdomen; Cardiovascular; Growth; Immune system; Respiratory; Skin,21,HP:0001671; HP:0030853; HP:0001696; HP:0004762; HP:0001651; HP:0004971; HP:0011611; HP:0011565; HP:0005160; HP:0012020; HP:0011671; HP:0011560; HP:0001702; HP:0001669; HP:0001646; HP:0006695; HP:0001748; HP:0004935; HP:0000961; HP:0001631; HP:0002566,Yes,,
CILP_0446,Visceral Heterotaxy,HTX8,617205,OMIM:617205,OMIM phenotype entry,Secondary,Motile cilia / laterality,PKD1L1,AR,Abdomen; Cardiovascular; Growth; Respiratory,12,HP:0031834; HP:0011539; HP:0001651; HP:0003363; HP:0004383; HP:0011538; HP:0011579; HP:0001629; HP:0011540; HP:0001719; HP:0012020; HP:0004935,Yes,,
CILP_0447,Visceral Heterotaxy,HTX9,618948,OMIM:618948,OMIM phenotype entry,Secondary,Motile cilia / laterality,MNS1,AR,Abdomen; Ears; Cardiovascular; Genitourinary; Immune system,5,HP:0001696; HP:0001651; HP:0003251; HP:0001746; HP:0000403,Yes,,
CILP_0448,Visceral Heterotaxy,HTX10,619607,OMIM:619607,OMIM phenotype entry,Secondary,Motile cilia / laterality,CFAP52,AR,Abdomen; Ears; Cardiovascular; Growth; Genitourinary; Immune system; Head and neck; Respiratory; Skeletal,8,HP:0001696; HP:0001651; HP:0003363; HP:0003251; HP:0033036; HP:0000403; HP:0012735; HP:0011109,Yes,,
CILP_0449,Visceral Heterotaxy,HTX11,619608,OMIM:619608,OMIM phenotype entry,Secondary,Motile cilia / laterality,CFAP45,AR,Abdomen; Eyes; Ears; Cardiovascular; Genitourinary; Immune system; Head and neck; Respiratory; Skeletal,11,HP:0001696; HP:0033036; HP:0010445; HP:0011577; HP:0011109; HP:0031590; HP:0034011; HP:0001748; HP:0000389; HP:0002247; HP:0002566,Yes,,
CILP_0450,Visceral Heterotaxy,HTX,,OMIM:270100; OMIM:306955; OMIM:605376; OMIM:613751; OMIM:614779; OMIM:616749; OMIM:617205; OMIM:618948; OMIM:619607; OMIM:619608,Family-level record (combined OMIM entries),Secondary,Motile cilia / laterality,CC2D1A; TTC21B,AD; XLR; INCOMPLETE_PENETRANCE; AR,Abdomen; Eyes; Ears; Cardiovascular; Growth; Genitourinary; Immune system; Head and neck; Limbs; Nervous system; Respiratory; Skeletal; Skin,97,HP:0001750; HP:0001651; HP:0000089; HP:0001272; HP:0011699; HP:0011555; HP:0031565; HP:0010305; HP:0031348; HP:0011536; HP:0001629; HP:0001746; HP:0006695; HP:0004935; HP:0001643; HP:0002059; HP:0001321; HP:0003363; HP:0000073; HP:0004970; HP:0001680; HP:0000071; HP:0010773; HP:0005160; HP:0011861; HP:0001719; HP:0001511; HP:0001631; HP:0002247; HP:0002566; HP:0001374; HP:0002023; HP:0000085; HP:0012304; HP:0000316; HP:0001800; HP:0000238; HP:0003305; HP:0001642; HP:0002475; HP:0011565; HP:0033379; HP:0001539; HP:0000961; HP:0000369; HP:0001655; HP:0001776; HP:0001674; HP:0002240; HP:0004383; HP:0001508; HP:0012890; HP:0011560; HP:0001669; HP:0001748; HP:0003026; HP:0002410; HP:0001682; HP:0001561; HP:0001640; HP:0002098; HP:0001718; HP:0011670; HP:0005912; HP:0000105; HP:0000104; HP:0000252; HP:0001696; HP:0001274; HP:0011599; HP:0011537; HP:0010452; HP:0034188; HP:0012020; HP:0011671; HP:0011579; HP:0001671; HP:0030853; HP:0004762; HP:0004971; HP:0011611; HP:0001702; HP:0001646; HP:0031834; HP:0011539; HP:0011538; HP:0011540; HP:0003251; HP:0000403; HP:0033036; HP:0012735; HP:0011109; HP:0010445; HP:0011577; HP:0031590; HP:0034011; HP:0000389,No,"Exact duplicate of CILP_0442 (identical features, same family)",
CILP_0451,Weyers Acrofacial Dysostosis,WAD,193530,OMIM:193530,OMIM phenotype entry,Primary,Skeletal ciliopathy,EVC; EVC2,AD,Eyes; Ears; Growth; Head and neck; Limbs; Skeletal; Skin,12,HP:0000395; HP:0001792; HP:0004279; HP:0001156; HP:0001162; HP:0002164; HP:0000601; HP:0004209; HP:0001830; HP:0006315; HP:0000698; HP:0003502,No,Disease family with fewer than 5 entries,
