feature,label,PC1_loading,PC2_loading
SYS__limbs,Organ system: limbs,0.19460623331072766,-0.001450316862876468
SYS__skeletal,Organ system: skeletal,0.1924686209218885,0.0967735137781791
SYS__head_neck,Organ system: head neck,0.18873274345715974,0.16906041601373403
SYS__genitourinary,Organ system: genitourinary,0.16851752893597918,0.13182917319437354
SYS__growth,Organ system: growth,0.16350431279881386,0.044996777586744634
SYS__abdomen,Organ system: abdomen,0.1633542445548481,0.010991506216861683
SYS__ear,Organ system: ear,0.1415448638988776,0.14873692544908645
HPO__HP:0001263,Global developmental delay (HP:0001263),0.13978111169258875,-0.06557004652683629
SYS__skin,Organ system: skin,0.13617391921949218,-0.009981000034304419
SYS__nervous_system,Organ system: nervous system,0.12868082621785118,-0.14723268152298935
HPO__HP:0000369,Low-set ears (HP:0000369),0.12298889367004483,0.023618350653827815
HPO__HP:0001249,Intellectual disability (HP:0001249),0.12061075191134919,-0.06790200521502023
SYS__respiratory,Organ system: respiratory,0.11327873058145177,0.23784676243721864
HPO__HP:0000175,Cleft palate (HP:0000175),0.10761765575382018,0.009551330545914243
HPO__HP:0000252,Microcephaly (HP:0000252),0.10446045553005655,-0.03266873328458385
HPO__HP:0004322,Short stature (HP:0004322),0.10422436380783907,-0.004390469925317899
HPO__HP:0000218,High palate (HP:0000218),0.10095301290850335,-0.0371714542806625
HPO__HP:0001162,Postaxial hand polydactyly (HP:0001162),0.10090594495746544,0.0022828966552176106
HPO__HP:0001250,Seizure (HP:0001250),0.09681339641395575,-0.05777404180262232
SYS__metabolism,Organ system: metabolism,0.0966887410971082,-0.014652464521924532
HPO__HP:0000316,Hypertelorism (HP:0000316),0.09631112765371333,0.003197455527580162
HPO__HP:0001156,Brachydactyly (HP:0001156),0.09544952101292625,0.018134470437567704
HPO__HP:0002007,Frontal bossing (HP:0002007),0.09529882034639661,-0.019539941110779096
HPO__HP:0001252,Hypotonia (HP:0001252),0.0939109035981692,-0.06590264152211851
SYS__immune_system,Organ system: immune system,0.0878412208858399,0.1967764706122075
HPO__HP:0100259,Postaxial polydactyly (HP:0100259),0.08718955203942438,0.015649488867297303
HPO__HP:0000286,Epicanthus (HP:0000286),0.08656156999305835,0.003112573030176214
HPO__HP:0000508,Ptosis (HP:0000508),0.0857705607168272,-0.0519143425933794
HPO__HP:0002419,Molar tooth sign on MRI (HP:0002419),0.08572765794959838,-0.008168424265817858
HPO__HP:0005280,Depressed nasal bridge (HP:0005280),0.0843987024666222,-0.00040401534019613664
HPO__HP:0001631,Atrial septal defect (HP:0001631),0.08338116437475433,-0.022068166853387847
HPO__HP:0000028,Cryptorchidism (HP:0000028),0.0816535529612053,-0.038448061823698476
HPO__HP:0000347,Micrognathia (HP:0000347),0.07904213180979078,-0.0004192397742168031
HPO__HP:0000107,Renal cyst (HP:0000107),0.0789984623391024,0.0011949022859014486
HPO__HP:0000054,Micropenis (HP:0000054),0.0757601912096222,-0.0019298484739940507
HPO__HP:0001830,Postaxial foot polydactyly (HP:0001830),0.0742922175263289,-0.006402541272052119
SYS__endocrine,Organ system: endocrine,0.07394688250247439,-0.008836541268359163
HPO__HP:0000431,Wide nasal bridge (HP:0000431),0.07391284090330397,0.0032477908814924922
HPO__HP:0001629,Ventricular septal defect (HP:0001629),0.07240871873439705,0.018234596260135492
HPO__HP:0000319,Smooth philtrum (HP:0000319),0.0708126331005105,-0.008472403102006393
HPO__HP:0000470,Short neck (HP:0000470),0.06942140718974109,0.007146595488213959
HPO__HP:0001251,Ataxia (HP:0001251),0.06869757527933842,-0.09923005513412358
HPO__HP:0000657,Oculomotor apraxia (HP:0000657),0.06861558480816826,-0.05143329606154144
HPO__HP:0001290,Generalized hypotonia (HP:0001290),0.06754267516886926,-0.05160829962559486
HPO__HP:0002119,Ventriculomegaly (HP:0002119),0.06686987958275344,-0.00037133821659917276
HPO__HP:0001395,Hepatic fibrosis (HP:0001395),0.06674796739810711,0.002210222750409314
HPO__HP:0001159,Syndactyly (HP:0001159),0.06637122777122399,-0.0018788062371023137
HPO__HP:0000773,Short ribs (HP:0000773),0.06613093125573546,0.02382441726177038
HPO__HP:0001274,Agenesis of corpus callosum (HP:0001274),0.06586000075579083,-0.018317772508305484
HPO__HP:0000089,Renal hypoplasia (HP:0000089),0.06448007553268023,-0.025229156228053357
HPO__HP:0004209,Clinodactyly of the 5th finger (HP:0004209),0.06323599050995893,-0.01141391423696658
HPO__HP:0000463,Anteverted nares (HP:0000463),0.06261606106644863,-0.005074530914831166
HPO__HP:0000774,Narrow chest (HP:0000774),0.06244535108032611,0.04342249168737733
HPO__HP:0000750,Delayed speech and language development (HP:0000750),0.06240633350824042,-0.0386099329745753
HPO__HP:0002079,Hypoplasia of the corpus callosum (HP:0002079),0.06178915195821225,-0.002272150161007339
HPO__HP:0000238,Hydrocephalus (HP:0000238),0.06124965446931289,0.007164501929929919
HPO__HP:0000047,Hypospadias (HP:0000047),0.06076959249643933,-0.007228586013239217
HPO__HP:0001321,Cerebellar hypoplasia (HP:0001321),0.06010304412987971,-0.02952503035713033
HPO__HP:0030084,Clinodactyly (HP:0030084),0.060029424710211124,-0.0018785850466597565
HPO__HP:0002240,Hepatomegaly (HP:0002240),0.06000543405551711,0.013979360405479114
HPO__HP:0010442,Polydactyly (HP:0010442),0.05903814829539877,-0.0013040831970239297
HPO__HP:0001320,Cerebellar vermis hypoplasia (HP:0001320),0.05866777790191661,-0.03714786733893418
HPO__HP:0000358,Posteriorly rotated ears (HP:0000358),0.05779710315378449,-0.007765939501844703
HPO__HP:0000204,Cleft upper lip (HP:0000204),0.05752401333623413,-0.003405425111964
HPO__HP:0001643,Patent ductus arteriosus (HP:0001643),0.057243734166670994,0.02129325263046499
HPO__HP:0000568,Microphthalmia (HP:0000568),0.05703900376418718,-0.002052075080140532
HPO__HP:0004691,2-3 toe syndactyly (HP:0004691),0.056708131973859995,-0.039418161575454004
HPO__HP:0000486,Strabismus (HP:0000486),0.05651130313127672,-0.06217108689571188
HPO__HP:0000219,Thin upper lip vermilion (HP:0000219),0.05593519235894575,-0.00557694056346457
HPO__HP:0000256,Macrocephaly (HP:0000256),0.05551605479406573,-0.009253413589153684
HPO__HP:0002023,Anal atresia (HP:0002023),0.05536776230760979,0.0036886792737945203
HPO__HP:0000023,Inguinal hernia (HP:0000023),0.05512626985377453,0.0009921225550628232
HPO__HP:0000556,Retinal dystrophy (HP:0000556),0.05477893611374388,-0.011638270749215108
HPO__HP:0000085,Horseshoe kidney (HP:0000085),0.05356020075562251,0.0028786299136963657
HPO__HP:0000348,High forehead (HP:0000348),0.05313506373741883,0.0011553322487378769
HPO__HP:0001511,Intrauterine growth retardation (HP:0001511),0.05283350268782761,-0.004032345442726821
HPO__HP:0001513,Obesity (HP:0001513),0.052745697229057385,-0.013092934286409428
HPO__HP:0000180,Lobulated tongue (HP:0000180),0.052402326117769446,0.0012632080706186644
HPO__HP:0001305,Dandy-Walker malformation (HP:0001305),0.052186022842680854,0.001765272793796593
HPO__HP:0000343,Long philtrum (HP:0000343),0.051832603756278996,-0.010495139263646256
HPO__HP:0001508,Failure to thrive (HP:0001508),0.05168860830701881,-0.002940564114859477
HPO__HP:0000639,Nystagmus (HP:0000639),0.05155689305814288,-0.1424858413103364
HPO__HP:0002089,Pulmonary hypoplasia (HP:0002089),0.05115624025639949,0.011546081435193192
HPO__HP:0000193,Bifid uvula (HP:0000193),0.05020993887825978,-0.006348474175256055
HPO__HP:0003774,Stage 5 chronic kidney disease (HP:0003774),0.05011276297679118,0.016917413916418152
HPO__HP:0000494,Downslanted palpebral fissures (HP:0000494),0.049910247093922576,-0.008106751293968423
HPO__HP:0000365,Hearing impairment (HP:0000365),0.04975653644630914,-0.022659631003914608
HPO__HP:0000687,Widely spaced teeth (HP:0000687),0.04911468497800045,0.008302899379717349
HPO__HP:0000268,Dolichocephaly (HP:0000268),0.048341270084770536,0.005996147675961116
HPO__HP:0000506,Telecanthus (HP:0000506),0.04776137797358125,0.001951103336805609
SYS__cardiovascular,Organ system: cardiovascular,0.0474418921746221,0.09677724878899378
HPO__HP:0002084,Encephalocele (HP:0002084),0.04681635710008434,-0.004914926899089059
HPO__HP:0001256,Mild intellectual disability (HP:0001256),0.046531297333055915,-0.038335091283225764
HPO__HP:0001744,Splenomegaly (HP:0001744),0.04627410814899648,0.003916814876655853
HPO__HP:0000113,Polycystic kidney dysplasia (HP:0000113),0.04600460171280745,0.009574326129860736
HPO__HP:0000822,Hypertension (HP:0000822),0.045831172910712384,0.0008461182404417279
HPO__HP:0031936,Delayed ability to walk (HP:0031936),0.04536811070942062,-0.03977104939872266
HPO__HP:0000954,Single transverse palmar crease (HP:0000954),0.04513723512275954,-0.004783477106101958
HPO__HP:0002650,Scoliosis (HP:0002650),0.045017276883806405,-0.02459008057588258
HPO__HP:0001270,Motor delay (HP:0001270),0.045014052506182484,-0.04530957227961232
HPO__HP:0002323,Anencephaly (HP:0002323),0.04478409818657624,0.0001525845438199502
HPO__HP:0000154,Wide mouth (HP:0000154),0.04441784977733525,-0.006040187838234207
HPO__HP:0000540,Hypermetropia (HP:0000540),0.043986695397245215,-0.04556456618186033
HPO__HP:0008070,Sparse hair (HP:0008070),0.04382167370789794,0.0028534531609931283
HPO__HP:0002553,Highly arched eyebrow (HP:0002553),0.04273213063522395,-0.017577214430252692
HPO__HP:0000248,Brachycephaly (HP:0000248),0.04258204940838165,-0.0025636102182988816
HPO__HP:0011220,Prominent forehead (HP:0011220),0.042491643435162714,-0.007357493197419174
HPO__HP:0006487,Bowing of the long bones (HP:0006487),0.041584091600770215,-0.0009043203952469879
HPO__HP:0003196,Short nose (HP:0003196),0.04152542171497635,-0.009198946897417086
HPO__HP:0000062,Ambiguous genitalia (HP:0000062),0.04123026958580453,0.00340710755277251
HPO__HP:0000377,Abnormal pinna morphology (HP:0000377),0.04090159169288816,-0.005107198477282916
HPO__HP:0001561,Polyhydramnios (HP:0001561),0.040602466081978275,0.007310959040652134
HPO__HP:0002421,Poor head control (HP:0002421),0.04049465331608862,-0.04147773462248748
HPO__HP:0001276,Hypertonia (HP:0001276),0.039782615661918236,-0.040246087593249144
HPO__HP:0001773,Short foot (HP:0001773),0.039468503340187776,-0.004004343576798664
HPO__HP:0002085,Occipital encephalocele (HP:0002085),0.039332402762053374,0.0023314425399218594
HPO__HP:0002365,Hypoplasia of the brainstem (HP:0002365),0.039192620964487015,-0.010228172893205687
HPO__HP:0002566,Intestinal malrotation (HP:0002566),0.038746295443435524,0.02137271937386907
HPO__HP:0410030,Cleft lip (HP:0410030),0.038736870275194735,-0.003191246775879558
HPO__HP:0100258,Preaxial polydactyly (HP:0100258),0.0382103505075944,0.0035723159355427777
HPO__HP:0002714,Downturned corners of mouth (HP:0002714),0.03817431854406255,-0.014936647527277946
HPO__HP:0002194,Delayed gross motor development (HP:0002194),0.03792592068995298,-0.0398741352986387
HPO__HP:0000233,Thin vermilion border (HP:0000233),0.03781683216061325,-0.01276393686750236
HPO__HP:0001007,Hirsutism (HP:0001007),0.03739900681046086,-0.015112612334406932
HPO__HP:0000582,Upslanted palpebral fissure (HP:0000582),0.037388235664690746,-0.026873374609472075
HPO__HP:0001762,Talipes equinovarus (HP:0001762),0.03715048969953065,-0.0015741188090323249
HPO__HP:0000260,Wide anterior fontanel (HP:0000260),0.03705139781278929,-0.007139520476079306
HPO__HP:0000664,Synophrys (HP:0000664),0.0370386806892444,-0.015651599360777268
HPO__HP:0001770,Toe syndactyly (HP:0001770),0.03699461870674737,-0.012441696414384945
HPO__HP:0000729,Autistic behavior (HP:0000729),0.03661982316039907,-0.010460931477555191
HPO__HP:0003026,Short long bone (HP:0003026),0.03637270297717741,0.0290554847268671
HPO__HP:0001583,Rotary nystagmus (HP:0001583),0.03615561087369423,-0.03975453942496905
HPO__HP:0000308,Microretrognathia (HP:0000308),0.03599335289658139,-0.006063716511042004
HPO__HP:0000545,Myopia (HP:0000545),0.03574877435815596,-0.013340913390442872
HPO__HP:0025336,Delayed ability to sit (HP:0025336),0.03569643737528878,-0.03610937347786802
HPO__HP:0000691,Microdontia (HP:0000691),0.0355038460543295,0.008622390053521738
HPO__HP:0011802,Hamartoma of tongue (HP:0011802),0.035444146651448294,0.01222646645452754
HPO__HP:0011968,Feeding difficulties (HP:0011968),0.03494454120671579,-0.028363631338420757
HPO__HP:0000768,Pectus carinatum (HP:0000768),0.03460238756069836,-0.02951140905642624
HPO__HP:0005565,Reduced renal corticomedullary differentiation (HP:0005565),0.03436169249971538,-0.008530705058773125
HPO__HP:0006563,Malformation of the hepatic ductal plate (HP:0006563),0.034281548540016304,0.002198483849665598
HPO__HP:0004719,Hyperechogenic kidneys (HP:0004719),0.034252461611221294,0.0007635961974958076
HPO__HP:0000269,Prominent occiput (HP:0000269),0.034208869571414065,-0.005821529575515679
HPO__HP:0002126,Polymicrogyria (HP:0002126),0.03409263632439893,-0.008674861710526527
HPO__HP:0001371,Flexion contracture (HP:0001371),0.03405123140916982,-0.005505050580448376
HPO__HP:0001408,Bile duct proliferation (HP:0001408),0.03383457471623509,0.00354599635771091
HPO__HP:0008905,Rhizomelia (HP:0008905),0.03378295103694965,0.01718394717743543
HPO__HP:0001539,Omphalocele (HP:0001539),0.03357994772476107,0.01296388770719828
HPO__HP:0000341,Narrow forehead (HP:0000341),0.03337692193877849,-0.0022071345926644704
HPO__HP:0000003,Multicystic kidney dysplasia (HP:0000003),0.03334067235941862,-0.006395720967119942
HPO__HP:0002335,Agenesis of cerebellar vermis (HP:0002335),0.033323574800755644,-0.008107167956081851
HPO__HP:0002198,Dilated fourth ventricle (HP:0002198),0.03332312511272891,-0.03318095779147881
HPO__HP:0001680,Coarctation of aorta (HP:0001680),0.032927317440128744,0.013706977404806532
HPO__HP:0001177,Preaxial hand polydactyly (HP:0001177),0.032795851091501065,-0.008046176284992747
HPO__HP:0001537,Umbilical hernia (HP:0001537),0.032698331387975114,-0.008761230525227938
HPO__HP:0001344,Absent speech (HP:0001344),0.032683550195311904,-0.007143948847444888
HPO__HP:0009466,Radial deviation of finger (HP:0009466),0.03266582498186171,0.005473413289209441
HPO__HP:0004383,Hypoplastic left ventricle (HP:0004383),0.032560587967907416,-0.0005675114323084919
HPO__HP:0002280,Enlarged cisterna magna (HP:0002280),0.032093998545621776,-0.008163150744122062
HPO__HP:0005487,Prominent metopic ridge (HP:0005487),0.03205101307007122,-0.006382771215623117
HPO__HP:0012471,Thick vermilion border (HP:0012471),0.0318437127656973,-0.008883605195277922
HPO__HP:0001591,Bell-shaped thorax (HP:0001591),0.03171743703639602,-0.002267137336845673
HPO__HP:0000668,Hypodontia (HP:0000668),0.03170803736471294,0.006584585797736781
HPO__HP:0002195,Dysgenesis of the cerebellar vermis (HP:0002195),0.031661472775001476,-0.008413489494503617
HPO__HP:0001396,Cholestasis (HP:0001396),0.03165777333855024,0.008788983618430795
HPO__HP:0000158,Macroglossia (HP:0000158),0.0314425648684978,-0.008929387881677749
HPO__HP:0010864,Severe intellectual disability (HP:0010864),0.031397140803234934,-0.010804108451649924
HPO__HP:0000293,Full cheeks (HP:0000293),0.0313022940780249,0.01160123062060731
HPO__HP:0000148,Vaginal atresia (HP:0000148),0.03121189685956586,0.00311070422566343
HPO__HP:0012385,Camptodactyly (HP:0012385),0.030926178538162524,-0.008481529830035141
HPO__HP:0000337,Broad forehead (HP:0000337),0.030895718879485817,-0.008538808800335357
HPO__HP:0000090,Nephronophthisis (HP:0000090),0.03067627329602134,0.0006850536276536228
HPO__HP:0006956,Lateral ventricle dilatation (HP:0006956),0.030662813032256243,-0.006835597925159892
HPO__HP:0000126,Hydronephrosis (HP:0000126),0.030360490645909937,-0.01153542216963777
HPO__HP:0000695,Natal tooth (HP:0000695),0.030347156250480543,0.007954212020590115
HPO__HP:0001671,Abnormal cardiac septum morphology (HP:0001671),0.030343248496149198,-0.0005386473976235503
HPO__HP:0000488,Retinopathy (HP:0000488),0.030211409758017845,-0.00926777246298603
HPO__HP:0000546,Retinal degeneration (HP:0000546),0.03012587257843089,-0.020792847721896587
HPO__HP:0000083,Renal insufficiency (HP:0000083),0.030020781172675984,-0.007037742779234308
HPO__HP:0001382,Joint hypermobility (HP:0001382),0.02996629335009972,0.0007033567460760116
HPO__HP:0000518,Cataract (HP:0000518),0.029376185047755892,-0.028879493238744898
HPO__HP:0002983,Micromelia (HP:0002983),0.029314119481074232,0.006064354497950401
HPO__HP:0000480,Retinal coloboma (HP:0000480),0.029177513886249156,-0.006702419332235089
HPO__HP:0002205,Recurrent respiratory infections (HP:0002205),0.029111594826095256,0.10545711609120158
HPO__HP:0001407,Hepatic cysts (HP:0001407),0.028879575174967094,0.012248521483386123
HPO__HP:0001737,Pancreatic cysts (HP:0001737),0.02839940262241231,0.006216090628709641
HPO__HP:0000588,Optic disc coloboma (HP:0000588),0.028362308755030437,-0.009127516470073338
HPO__HP:0033454,Tube feeding (HP:0033454),0.028341950707195376,-0.007077912647125327
HPO__HP:0006610,Wide intermamillary distance (HP:0006610),0.028314271869646076,-0.006027795151604047
HPO__HP:0000601,Hypotelorism (HP:0000601),0.028093230726438115,0.0010247365834874678
HPO__HP:0000888,Horizontal ribs (HP:0000888),0.02803857823711527,0.01620561367814356
HPO__HP:0000110,Renal dysplasia (HP:0000110),0.02788953369690846,0.002170541293673883
HPO__HP:0008897,Postnatal growth retardation (HP:0008897),0.027866521160304053,-0.010344412998520076
HPO__HP:0011800,Midface retrusion (HP:0011800),0.027728924080720307,0.008015917827799812
HPO__HP:0000476,Cystic hygroma (HP:0000476),0.027667425195372294,0.00662633977496797
HPO__HP:0000565,Esotropia (HP:0000565),0.027650563326351015,-0.038466134243394644
HPO__HP:0000093,Proteinuria (HP:0000093),0.02753451860141671,0.0009871397778651776
HPO__HP:0045025,Narrow palpebral fissure (HP:0045025),0.027500060042674093,-0.004699419027548999
HPO__HP:0000483,Astigmatism (HP:0000483),0.027339485805724133,-0.015500638547955815
HPO__HP:0000405,Conductive hearing impairment (HP:0000405),0.02732592501380983,0.00037820083176547554
HPO__HP:0034044,Trident pelvis (HP:0034044),0.027311970149663103,-0.005943808421673228
HPO__HP:0002857,Genu valgum (HP:0002857),0.027311669663263434,-0.006390822745966071
HPO__HP:0000278,Retrognathia (HP:0000278),0.027256557633566398,-0.0062958476797420225
HPO__HP:0000490,Deeply set eye (HP:0000490),0.027200910530589414,-0.012403640604253186
HPO__HP:0002878,Respiratory failure (HP:0002878),0.02712466172670528,0.004547067596548645
HPO__HP:0012506,Small pituitary gland (HP:0012506),0.027027584094557047,-0.0067625854950551165
HPO__HP:0012622,Chronic kidney disease (HP:0012622),0.026874451950000676,0.004136341356546786
HPO__HP:0002098,Respiratory distress (HP:0002098),0.026870036240013984,0.01805084059680167
INH_AR,Inheritance: AR,0.026842992301125822,0.14251688041477836
HPO__HP:0000648,Optic atrophy (HP:0000648),0.026746826609891465,-0.047402207584929794
HPO__HP:0000617,Abnormality of ocular smooth pursuit (HP:0000617),0.026668876217015972,-0.039519171259956624
HPO__HP:0000570,Abnormal saccadic eye movements (HP:0000570),0.026668876217015972,-0.039519171259956624
HPO__HP:0008936,Axial hypotonia (HP:0008936),0.026138780809695734,-0.005202405973908866
HPO__HP:0008734,Decreased testicular size (HP:0008734),0.026122110422895622,-0.011219231852403517
HPO__HP:0001841,Preaxial foot polydactyly (HP:0001841),0.02593237625269629,-0.010854104296900436
HPO__HP:0002002,Deep philtrum (HP:0002002),0.025860159716290684,-0.037800189526969175
HPO__HP:0002093,Respiratory insufficiency (HP:0002093),0.025848598809587363,0.004528695162045474
HPO__HP:0000718,Aggressive behavior (HP:0000718),0.02572163654654524,-0.03814959605203246
HPO__HP:0008872,Feeding difficulties in infancy (HP:0008872),0.025453146144034065,-0.011436944352547329
HPO__HP:0000104,Renal agenesis (HP:0000104),0.025431460131955318,0.00822376989886371
HPO__HP:0000191,Accessory oral frenulum (HP:0000191),0.025311778231238747,0.007506516974341736
HPO__HP:0001600,Abnormality of the larynx (HP:0001600),0.025231731045425365,0.004042496325238848
HPO__HP:0032988,Persistent head lag (HP:0032988),0.02521097713989372,-0.02850645326274746
HPO__HP:0000161,Median cleft upper lip (HP:0000161),0.02512883672548013,0.005328303414970988
HPO__HP:0005257,Thoracic hypoplasia (HP:0005257),0.025037884725703903,0.008981684962646138
HPO__HP:0000407,Sensorineural hearing impairment (HP:0000407),0.02502130081993587,-0.037147602455633436
HPO__HP:0001636,Tetralogy of Fallot (HP:0001636),0.025008749542438796,0.0034005418861822218
HPO__HP:0001302,Pachygyria (HP:0001302),0.02498224237062012,-0.008595381117859263
HPO__HP:0002139,Arrhinencephaly (HP:0002139),0.02488784277782272,-0.005330493392634971
HPO__HP:0000528,Anophthalmia (HP:0000528),0.024812284198689274,-0.006334932250889809
HPO__HP:0000272,Malar flattening (HP:0000272),0.024590699513226337,-0.012878737736844262
HPO__HP:0100704,Cerebral visual impairment (HP:0100704),0.02455932831192992,-0.038134764746946
HPO__HP:0000426,Prominent nasal bridge (HP:0000426),0.024536557977666806,-0.010077524737391206
HPO__HP:0010306,Short thorax (HP:0010306),0.02452039741161723,0.006393263834685808
HPO__HP:0002435,Meningocele (HP:0002435),0.0244144715135528,-0.006242120756441619
HPO__HP:0004325,Decreased body weight (HP:0004325),0.02439085166733924,-0.036903736530793416
HPO__HP:0030799,Scaphocephaly (HP:0030799),0.02430855081292672,0.0075681833085948875
HPO__HP:0020045,Esodeviation (HP:0020045),0.02428907683965624,-0.03672378606264497
HPO__HP:0000105,Enlarged kidney (HP:0000105),0.024233100109395583,0.015615247343763463
HPO__HP:0003038,Fibular hypoplasia (HP:0003038),0.02418499295339581,0.010319369912277445
HPO__HP:0001363,Craniosynostosis (HP:0001363),0.024148064374939368,0.004696251524479366
HPO__HP:0006159,Mesoaxial hand polydactyly (HP:0006159),0.02407938926207976,-0.01005933985986913
HPO__HP:0001831,Short toe (HP:0001831),0.023966433404303388,0.006727625761790255
HPO__HP:0000448,Prominent nose (HP:0000448),0.023964853547482314,-0.025947577783144517
HPO__HP:0010297,Bifid tongue (HP:0010297),0.023732993777970286,0.006348056400674835
HPO__HP:0001433,Hepatosplenomegaly (HP:0001433),0.02353171214483843,0.004992703822063521
HPO__HP:0009882,Short distal phalanx of finger (HP:0009882),0.023523097834852392,0.010756325378230043
HPO__HP:0011467,Absent gallbladder (HP:0011467),0.023467460148505755,0.004249969954085131
HPO__HP:0011933,Elongated superior cerebellar peduncle (HP:0011933),0.02344719074231831,-0.012016319794996153
HPO__HP:0001357,Plagiocephaly (HP:0001357),0.02344508762567019,-0.00905036821764069
HPO__HP:0002188,Delayed CNS myelination (HP:0002188),0.02332744359705836,-0.0316991073885666
HPO__HP:0000973,Cutis laxa (HP:0000973),0.023271839458781474,0.0061450936890608595
HPO__HP:0000776,Congenital diaphragmatic hernia (HP:0000776),0.02311381939262832,-0.0006377827560742173
HPO__HP:0002162,Low posterior hairline (HP:0002162),0.02308496919465856,0.00013149712262623393
HPO__HP:0009487,Ulnar deviation of the hand (HP:0009487),0.023057043287610074,-0.006388975332915375
HPO__HP:0000960,Sacral dimple (HP:0000960),0.023057043287610074,-0.006388975332915375
HPO__HP:0003241,External genital hypoplasia (HP:0003241),0.02293305209090506,0.000610566486511866
HPO__HP:0000400,Macrotia (HP:0000400),0.02268892027389188,-0.0014654264765785908
HPO__HP:0002540,Inability to walk (HP:0002540),0.022659662779699177,-0.03721630257958655
HPO__HP:0000160,Narrow mouth (HP:0000160),0.022640902570181372,-0.011092183065801772
HPO__HP:0010066,Duplication of phalanx of hallux (HP:0010066),0.022593246796208017,-0.010099899023423283
HPO__HP:0001647,Bicuspid aortic valve (HP:0001647),0.022556928634203128,-0.00010879849640267631
HPO__HP:0006817,Aplasia/Hypoplasia of the cerebellar vermis (HP:0006817),0.02242326436093466,-0.041049019154232494
HPO__HP:0002876,Episodic tachypnea (HP:0002876),0.02236166071762895,-0.011691760279961884
HPO__HP:0000589,Coloboma (HP:0000589),0.02232590357227137,-0.01061973860736716
HPO__HP:0000752,Hyperactivity (HP:0000752),0.022254897342973836,-0.011648972165592656
HPO__HP:0001789,Hydrops fetalis (HP:0001789),0.022165132614752364,0.006627095539611009
HPO__HP:0012368,Flat face (HP:0012368),0.022050420426488002,0.000462541288281103
HPO__HP:0001538,Protuberant abdomen (HP:0001538),0.02204734808703358,0.007597917316954805
HPO__HP:0002020,Gastroesophageal reflux (HP:0002020),0.022014889136632187,5.590862025645914e-05
HPO__HP:0001642,Pulmonic stenosis (HP:0001642),0.021974974883465642,-0.024226256691767513
HPO__HP:0000895,Lateral clavicle hook (HP:0000895),0.02194975416665902,0.012652820439693683
HPO__HP:0001999,Abnormal facial shape (HP:0001999),0.021918232701842625,-0.037712897333978125
HPO__HP:0000322,Short philtrum (HP:0000322),0.021890351943793525,-0.009315700046841192
HPO__HP:0000135,Hypogonadism (HP:0000135),0.02169239877700539,-0.002253003004244103
HPO__HP:0002213,Fine hair (HP:0002213),0.021609155370528186,0.009135979815791527
HPO__HP:0100543,Cognitive impairment (HP:0100543),0.021520514513115273,-0.05250601991114752
HPO__HP:0002871,Central apnea (HP:0002871),0.021488589062669424,-0.011674208027064332
HPO__HP:0002790,Neonatal breathing dysregulation (HP:0002790),0.021488589062669424,-0.011674208027064332
HPO__HP:0001696,Situs inversus totalis (HP:0001696),0.021456352272140836,0.15853896706705375
HPO__HP:0002591,Polyphagia (HP:0002591),0.021413873375011914,-0.011507916626510429
HPO__HP:0001829,Foot polydactyly (HP:0001829),0.021354639028579776,0.001056856031999269
HPO__HP:0000194,Open mouth (HP:0000194),0.021341156248129413,-0.010532219232416092
HPO__HP:0001510,Growth delay (HP:0001510),0.021274668233822135,-0.01072794310242895
HPO__HP:0000520,Proptosis (HP:0000520),0.021138055464193437,-0.0021507742540260075
HPO__HP:0030680,Abnormal cardiovascular system morphology (HP:0030680),0.02106917500123925,-0.006717080920905989
HPO__HP:0002190,Choroid plexus cyst (HP:0002190),0.021015346259646354,0.004008924696511824
HPO__HP:0000965,Cutis marmorata (HP:0000965),0.020792483124123535,-0.004985973731476882
HPO__HP:0030151,Cholangitis (HP:0030151),0.020781328266295453,0.0023868438155846454
HPO__HP:0000574,Thick eyebrow (HP:0000574),0.02067106403759275,-0.003014406921455076
HPO__HP:0001288,Gait disturbance (HP:0001288),0.020601267472362995,-0.04564508025698132
HPO__HP:0009826,Limb undergrowth (HP:0009826),0.020443185431564266,0.0033705327286227384
HPO__HP:0005792,Short humerus (HP:0005792),0.02043226986428391,0.006557244271598958
HPO__HP:0007772,Impaired smooth pursuit (HP:0007772),0.020423844964095706,-0.05376402830681245
HPO__HP:0006644,Thoracic dysplasia (HP:0006644),0.020325075197154294,0.010012395862109344
HPO__HP:0000050,Hypoplastic male external genitalia (HP:0000050),0.020307281354671997,-0.010431372089935009
HPO__HP:0003180,Flat acetabular roof (HP:0003180),0.020272453425889632,0.008374481822227664
HPO__HP:0010230,Cone-shaped epiphyses of the phalanges of the hand (HP:0010230),0.020125210843290053,0.003425751467847227
HPO__HP:0002436,Occipital meningocele (HP:0002436),0.02012446815150437,0.0003987138367594883
HPO__HP:0100951,Enlarged fossa interpeduncularis (HP:0100951),0.020045914975344793,-0.010910665180720463
HPO__HP:0000243,Trigonocephaly (HP:0000243),0.019946838353538127,0.00040741532089267544
HPO__HP:0010946,Dilatation of the renal pelvis (HP:0010946),0.019942086930759866,-0.011034036871170745
HPO__HP:0001399,Hepatic failure (HP:0001399),0.01982873732081116,0.005666709419497047
HPO__HP:0003027,Mesomelia (HP:0003027),0.01980268275266518,0.006083096727553354
HPO__HP:0006101,Finger syndactyly (HP:0006101),0.019726755985387576,-0.007149110326551468
HPO__HP:0000737,Irritability (HP:0000737),0.01972391681528644,-0.02991207009520116
HPO__HP:0030010,Hydrometrocolpos (HP:0030010),0.01955693856255407,0.0015701491545662967
HPO__HP:0011939,3-4 finger cutaneous syndactyly (HP:0011939),0.01952327593690846,-0.010263388452484588
HPO__HP:0005180,Tricuspid regurgitation (HP:0005180),0.019354575792838884,-0.0008370365032330044
HPO__HP:0001520,Large for gestational age (HP:0001520),0.019317302095173124,-0.011081675650723785
HPO__HP:0010808,Protruding tongue (HP:0010808),0.01930573393360879,-0.010677019992285779
HPO__HP:0000073,Ureteral duplication (HP:0000073),0.019301490404482032,0.005877752313967118
HPO__HP:0011330,Metopic synostosis (HP:0011330),0.01929351328655259,-0.007407372224784909
HPO__HP:0000567,Chorioretinal coloboma (HP:0000567),0.019270289651168098,-0.0118287203278373
HPO__HP:0011069,Supernumerary tooth (HP:0011069),0.019168949523823548,0.004815760725990714
HPO__HP:0002508,Brainstem dysplasia (HP:0002508),0.019072795010834014,-0.010562093620422187
HPO__HP:0009803,Short phalanx of finger (HP:0009803),0.01901450394941694,0.0031129955280344
HPO__HP:0000303,Mandibular prognathia (HP:0000303),0.018984988142685243,-0.007966823227651318
HPO__HP:0001655,Patent foramen ovale (HP:0001655),0.018960827965639852,0.005468407639639125
HPO__HP:0002015,Dysphagia (HP:0002015),0.018914963316740363,-0.0869693943395234
HPO__HP:0000496,Abnormality of eye movement (HP:0000496),0.018866197509462394,-0.029197332707223245
HPO__HP:0025502,Overweight (HP:0025502),0.018838254282341323,-0.009250466170189467
HPO__HP:0100864,Short femoral neck (HP:0100864),0.018707416105968943,0.0013522049091510041
HPO__HP:0000384,Preauricular skin tag (HP:0000384),0.01862048391867982,-0.010063009442951219
HPO__HP:0200055,Small hand (HP:0200055),0.01855005201787473,-0.004617285031840791
HPO__HP:0000294,Low anterior hairline (HP:0000294),0.01855005201787473,-0.004617285031840791
HPO__HP:0009623,Proximal placement of thumb (HP:0009623),0.01855005201787473,-0.004617285031840791
HPO__HP:0000527,Long eyelashes (HP:0000527),0.01855005201787473,-0.004617285031840791
HPO__HP:0045075,Sparse eyebrow (HP:0045075),0.018493707155754668,0.0036658614134027004
HPO__HP:0002984,Hypoplasia of the radius (HP:0002984),0.01843097573475926,0.0008946590880913952
HPO__HP:0002104,Apnea (HP:0002104),0.018429473520606355,-0.007561374075791205
HPO__HP:0000938,Osteopenia (HP:0000938),0.01836519034704677,0.0002137068313434395
HPO__HP:0000733,Motor stereotypy (HP:0000733),0.01831194594013115,-0.010113487525334452
HPO__HP:0002282,Gray matter heterotopia (HP:0002282),0.018205588560872208,-0.008385838643891908
HPO__HP:0011090,Fused teeth (HP:0011090),0.018081932823896918,0.003954640322781282
HPO__HP:0001257,Spasticity (HP:0001257),0.01799547633527484,-0.0575193002661745
HPO__HP:0010743,Short metatarsal (HP:0010743),0.017953389733981105,0.0017379605555741078
INH_XLR,Inheritance: XLR,0.01793778649167817,-0.004832585288498621
HPO__HP:0001852,Sandal gap (HP:0001852),0.017808559856014858,0.0061064880539205306
HPO__HP:0000926,Platyspondyly (HP:0000926),0.01779509225712507,0.008045673938159645
HPO__HP:0000685,Hypoplasia of teeth (HP:0000685),0.01776325150080284,-0.007242925516181274
HPO__HP:0003375,Narrow greater sciatic notch (HP:0003375),0.017748497282145892,0.006979203229317541
HPO__HP:0001310,Dysmetria (HP:0001310),0.01774483563273925,-0.08614741035250899
HPO__HP:0000800,Cystic renal dysplasia (HP:0000800),0.017690150047237705,0.0008939275319372083
HPO__HP:0000455,Broad nasal tip (HP:0000455),0.01763220850475868,-0.003438956794402838
HPO__HP:0001265,Hyporeflexia (HP:0001265),0.017630145281215794,-0.03790509305517056
HPO__HP:0002395,Lower limb hyperreflexia (HP:0002395),0.01754962052577143,-0.03130286537007707
HPO__HP:0008551,Microtia (HP:0008551),0.017487369237201827,0.003264551879326646
HPO__HP:0005736,Short tibia (HP:0005736),0.017421030608210358,0.004919974346261335
HPO__HP:0002617,Vascular dilatation (HP:0002617),0.017411626008010165,0.0044372602160163005
HPO__HP:0000767,Pectus excavatum (HP:0000767),0.017360158368308117,0.007738803946648466
HPO__HP:0006695,Atrioventricular canal defect (HP:0006695),0.017340753274027322,0.019822121443154723
HPO__HP:0000609,Optic nerve hypoplasia (HP:0000609),0.017316754554991078,-0.009776041505561371
HPO__HP:0001674,Complete atrioventricular canal defect (HP:0001674),0.01715882885690823,0.009838388563831952
HPO__HP:0011340,Incomplete cleft of the upper lip (HP:0011340),0.01697430895938279,0.002067193220244653
HPO__HP:0005819,Short middle phalanx of finger (HP:0005819),0.01695312780843829,0.00194989519235456
HPO__HP:0000571,Hypometric saccades (HP:0000571),0.016934871983614652,-0.03512430960719255
HPO__HP:0002120,Cerebral cortical atrophy (HP:0002120),0.016923961086885108,-0.0405498996105767
HPO__HP:0001746,Asplenia (HP:0001746),0.01684785350343602,0.021342109451109034
HPO__HP:0000871,Panhypopituitarism (HP:0000871),0.01676112214117962,-0.009015117011065875
HPO__HP:0006349,Agenesis of permanent teeth (HP:0006349),0.016737213610428237,0.002652917664876379
HPO__HP:0009932,Single naris (HP:0009932),0.016705074703937405,-0.009299582698429367
HPO__HP:0002404,Thickened superior cerebellar peduncle (HP:0002404),0.016635465977216542,-0.011470372345247164
HPO__HP:0000824,Decreased response to growth hormone stimulation test (HP:0000824),0.01649643722471695,-0.008620945618286205
HPO__HP:0002789,Tachypnea (HP:0002789),0.016384249086912203,-0.007154611756227473
HPO__HP:0000212,Gingival overgrowth (HP:0000212),0.01636001987674368,-0.009458518035446199
HPO__HP:0001641,Abnormal pulmonary valve morphology (HP:0001641),0.01636001987674368,-0.009458518035446199
HPO__HP:0003781,Excessive salivation (HP:0003781),0.01636001987674368,-0.009458518035446199
HPO__HP:0000143,Rectovaginal fistula (HP:0000143),0.01636001987674368,-0.009458518035446199
HPO__HP:0000207,Triangular mouth (HP:0000207),0.01636001987674368,-0.009458518035446199
HPO__HP:0001182,Tapered finger (HP:0001182),0.01636001987674368,-0.009458518035446199
HPO__HP:0010803,Everted upper lip vermilion (HP:0010803),0.01636001987674368,-0.009458518035446199
HPO__HP:0007370,Aplasia/Hypoplasia of the corpus callosum (HP:0007370),0.01636001987674368,-0.009458518035446199
HPO__HP:0009611,Bifid distal phalanx of the thumb (HP:0009611),0.01636001987674368,-0.009458518035446199
HPO__HP:0010576,Intracranial cystic lesion (HP:0010576),0.01636001987674368,-0.009458518035446199
HPO__HP:0009942,Duplication of thumb phalanx (HP:0009942),0.01636001987674368,-0.009458518035446199
HPO__HP:0010291,Prominent palatine ridges (HP:0010291),0.01636001987674368,-0.009458518035446199
HPO__HP:0005148,Pulmonary valve defects (HP:0005148),0.01636001987674368,-0.009458518035446199
HPO__HP:0006335,Persistence of primary teeth (HP:0006335),0.01636001987674368,-0.009458518035446199
HPO__HP:0006329,Alveolar process hypoplasia (HP:0006329),0.01636001987674368,-0.009458518035446199
HPO__HP:0007894,Fundus hypopigmentation (HP:0007894),0.01636001987674368,-0.009458518035446199
HPO__HP:0000190,Abnormal oral frenulum morphology (HP:0000190),0.01636001987674368,-0.009458518035446199
HPO__HP:0002263,Exaggerated cupid's bow (HP:0002263),0.01636001987674368,-0.009458518035446199
HPO__HP:0000963,Thin skin (HP:0000963),0.016338311511231426,0.0006972875102182726
HPO__HP:0001230,Broad metacarpals (HP:0001230),0.016338311511231426,0.0006972875102182726
HPO__HP:0001919,Acute kidney injury (HP:0001919),0.016338311511231426,0.0006972875102182726
HPO__HP:0002209,Sparse scalp hair (HP:0002209),0.016338311511231426,0.0006972875102182726
HPO__HP:0002286,Fair hair (HP:0002286),0.016338311511231426,0.0006972875102182726
HPO__HP:0003090,Hypoplasia of the capital femoral epiphysis (HP:0003090),0.016338311511231426,0.0006972875102182726
HPO__HP:0002236,Frontal upsweep of hair (HP:0002236),0.016338311511231426,0.0006972875102182726
HPO__HP:0000969,Edema (HP:0000969),0.016338311511231426,0.0006972875102182726
HPO__HP:0002612,Congenital hepatic fibrosis (HP:0002612),0.016338311511231426,0.0006972875102182726
HPO__HP:0040022,Clinodactyly of the 2nd finger (HP:0040022),0.016338311511231426,0.0006972875102182726
HPO__HP:0034281,Phalangeal cone-shaped epiphyses (HP:0034281),0.016338311511231426,0.0006972875102182726
HPO__HP:0009576,Absent middle phalanx of 2nd finger (HP:0009576),0.016338311511231426,0.0006972875102182726
HPO__HP:0009162,Absent middle phalanx of 5th finger (HP:0009162),0.016338311511231426,0.0006972875102182726
HPO__HP:0001956,Truncal obesity (HP:0001956),0.016236218423893726,-0.004417083583659594
HPO__HP:0020049,Exodeviation (HP:0020049),0.016158625744245352,-0.030768245573328436
HPO__HP:0002078,Truncal ataxia (HP:0002078),0.016136739911969213,-0.06408109439400253
HPO__HP:0001273,Abnormal corpus callosum morphology (HP:0001273),0.016127080953968902,-0.009343591663582613
HPO__HP:0002350,Cerebellar cyst (HP:0002350),0.01612345547984397,0.0019553137153058213
HPO__HP:0000670,Carious teeth (HP:0000670),0.016118286444095267,0.0002727337709573743
HPO__HP:0008753,Aplasia of the epiglottis (HP:0008753),0.0160706519822282,0.004427927078529239
HPO__HP:0002938,Lumbar hyperlordosis (HP:0002938),0.016061531829382934,-0.0056380584483972235
HPO__HP:0000445,Wide nose (HP:0000445),0.016057827843036297,-0.0066559767637851715
HPO__HP:0002059,Cerebral atrophy (HP:0002059),0.01605467792390351,-0.024232729528527668
HPO__HP:0007973,Retinal dysplasia (HP:0007973),0.01599128113004547,-0.009727658517851978
HPO__HP:0033725,Thin corpus callosum (HP:0033725),0.01597208591278202,-0.009237029005796716
HPO__HP:0002705,"High, narrow palate (HP:0002705)",0.015965888010343477,0.0035535067243307786
HPO__HP:0000200,Short lingual frenulum (HP:0000200),0.015953712809423072,0.004061105010533576
HPO__HP:0100702,Arachnoid cyst (HP:0100702),0.015940480099518588,-0.028540659618306846
HPO__HP:0001347,Hyperreflexia (HP:0001347),0.01592176780892252,-0.09100141579678642
HPO__HP:0012210,Abnormal renal morphology (HP:0012210),0.015741928476624076,-0.009649966471233411
HPO__HP:0000130,Abnormality of the uterus (HP:0000130),0.015704634931899598,0.0018548619133814546
HPO__HP:0001883,Talipes (HP:0001883),0.015704634931899598,0.0018548619133814546
HPO__HP:0002164,Nail dysplasia (HP:0002164),0.015674757527451753,0.005556428327669156
HPO__HP:0003016,Metaphyseal widening (HP:0003016),0.01566708606983797,0.0062650913534172134
HPO__HP:0000340,Sloping forehead (HP:0000340),0.015489238913690615,0.0016648551927459694
HPO__HP:0004482,Relative macrocephaly (HP:0004482),0.015474415866208874,0.004099487756542843
HPO__HP:0003177,Squared iliac bones (HP:0003177),0.01543731420301651,0.0036802449518774376
HPO__HP:0010454,Acetabular spurs (HP:0010454),0.015429462776517269,0.006900637087348426
HPO__HP:0000742,Self-mutilation (HP:0000742),0.015398716891491316,-0.00940246125005001
HPO__HP:0002172,Postural instability (HP:0002172),0.01538505944575017,-0.038082441037415905
HPO__HP:0000112,Nephropathy (HP:0000112),0.01510425335726636,-0.009626675391896008
HPO__HP:0010828,Hemifacial spasm (HP:0010828),0.01510425335726636,-0.009626675391896008
HPO__HP:0007271,Occipital myelomeningocele (HP:0007271),0.01510425335726636,-0.009626675391896008
HPO__HP:0200096,Triangular-shaped open mouth (HP:0200096),0.01510425335726636,-0.009626675391896008
HPO__HP:0010579,Cone-shaped epiphysis (HP:0010579),0.015060999396867482,0.004858824378098604
HPO__HP:0000179,Thick lower lip vermilion (HP:0000179),0.015051906986988543,-0.00961623150497912
INH_DIGENIC,Inheritance: DIGENIC,0.014986905148256275,0.002783013706720858
HPO__HP:0005474,Decreased calvarial ossification (HP:0005474),0.014944568026762192,0.00304797219965289
HPO__HP:0001760,Abnormal foot morphology (HP:0001760),0.01492099269340091,-0.00897756369566354
HPO__HP:0002751,Kyphoscoliosis (HP:0002751),0.014907531913600138,-0.005004526420443656
HPO__HP:0002465,Poor speech (HP:0002465),0.014887292713206962,-0.03114274066319915
HPO__HP:0025514,Morning glory anomaly (HP:0025514),0.014813591028308109,-0.008913471721082703
HPO__HP:0010804,Tented upper lip vermilion (HP:0010804),0.014813591028308109,-0.008913471721082703
HPO__HP:0002170,Intracranial hemorrhage (HP:0002170),0.014813591028308109,-0.008913471721082703
HPO__HP:0011109,Chronic sinusitis (HP:0011109),0.014783532017685683,0.07351788899832644
HPO__HP:0004491,Large posterior fontanelle (HP:0004491),0.014704182044371471,0.003707156428482537
HPO__HP:0100732,Pancreatic fibrosis (HP:0100732),0.014691207556807483,0.0037144599830668326
HPO__HP:0001639,Hypertrophic cardiomyopathy (HP:0001639),0.014685820520492544,-0.010003998686218802
HPO__HP:0000475,Broad neck (HP:0000475),0.01467120404071043,-0.00835991660762629
HPO__HP:0025186,Marcus Gunn jaw winking synkinesis (HP:0025186),0.01467120404071043,-0.00835991660762629
HPO__HP:0025161,Frequent temper tantrums (HP:0025161),0.01447668852054759,-0.008979853639612586
HPO__HP:0001954,Recurrent fever (HP:0001954),0.01447668852054759,-0.008979853639612586
HPO__HP:0002187,Profound intellectual disability (HP:0002187),0.01447668852054759,-0.008979853639612586
HPO__HP:0002719,Recurrent infections (HP:0002719),0.01447668852054759,-0.008979853639612586
HPO__HP:0000202,Orofacial cleft (HP:0000202),0.014385911407929974,-0.00030912881784662775
HPO__HP:0007018,Attention deficit hyperactivity disorder (HP:0007018),0.014367721772609381,-0.023174857578179574
HPO__HP:0003175,Hypoplastic ischia (HP:0003175),0.014238589446210023,0.002525710586840346
HPO__HP:0100866,Short iliac bones (HP:0100866),0.014192393577646945,0.004803531284941459
HPO__HP:0002980,Femoral bowing (HP:0002980),0.014189999954974422,0.004470301145093323
HPO__HP:0002091,Restrictive ventilatory defect (HP:0002091),0.01408142302494127,0.010154477326497435
HPO__HP:0011315,Unicoronal synostosis (HP:0011315),0.01405069040069063,0.0019763051080363284
HPO__HP:0002692,Hypoplastic facial bones (HP:0002692),0.01405069040069063,0.0019763051080363284
HPO__HP:0000280,Coarse facial features (HP:0000280),0.01405069040069063,0.0019763051080363284
HPO__HP:0008839,Hypoplastic pelvis (HP:0008839),0.01405069040069063,0.0019763051080363284
HPO__HP:0001272,Cerebellar atrophy (HP:0001272),0.014025400377056931,-0.11453507192100183
HPO__HP:0002094,Dyspnea (HP:0002094),0.013986306158724815,-0.00811040102337549
HPO__HP:0034302,Megalopapilla (HP:0034302),0.013986306158724815,-0.00811040102337549
HPO__HP:0007291,Posterior fossa cyst (HP:0007291),0.013986306158724815,-0.00811040102337549
HPO__HP:0010049,Short metacarpal (HP:0010049),0.013985660603003722,0.0034345507830802753
HPO__HP:0004727,Impaired renal concentrating ability (HP:0004727),0.013917150742230164,-0.010028490894530664
HPO__HP:0008081,Pes valgus (HP:0008081),0.013889345357401295,0.0036243304799236896
HPO__HP:0000998,Hypertrichosis (HP:0000998),0.013865262186647777,0.0019019409924872673
HPO__HP:0003865,Bowed humerus (HP:0003865),0.013865262186647777,0.0019019409924872673
HPO__HP:0008873,Disproportionate short-limb short stature (HP:0008873),0.013865262186647777,0.0019019409924872673
HPO__HP:0001903,Anemia (HP:0001903),0.013854220476438901,0.0007956534914410498
HPO__HP:0020185,Superior cerebellar dysplasia (HP:0020185),0.013773296702866185,-0.008945069777943017
HPO__HP:0000612,Iris coloboma (HP:0000612),0.013765443159598725,0.0009280989313760153
HPO__HP:0006821,Frontal polymicrogyria (HP:0006821),0.013711621870845875,-0.008632537598291693
HPO__HP:0006660,Aplastic clavicle (HP:0006660),0.013671918026905394,0.0015628415773218075
HPO__HP:0032466,Aplasia of the olfactory bulb (HP:0032466),0.013671918026905394,0.0015628415773218075
HPO__HP:0003173,Hypoplastic pubic bone (HP:0003173),0.013643067828935632,0.0023321214560222524
HPO__HP:0005285,Absent nasal bridge (HP:0005285),0.013643067828935632,0.0023321214560222524
HPO__HP:0001153,Septate vagina (HP:0001153),0.013643067828935632,0.0023321214560222524
HPO__HP:0100628,Esophageal diverticulum (HP:0100628),0.013643067828935632,0.0023321214560222524
HPO__HP:0100818,Long thorax (HP:0100818),0.013643067828935632,0.0023321214560222524
HPO__HP:0008749,Laryngeal hypoplasia (HP:0008749),0.013643067828935632,0.0023321214560222524
HPO__HP:0003762,Uterus didelphys (HP:0003762),0.013643067828935632,0.0023321214560222524
HPO__HP:0001541,Ascites (HP:0001541),0.013638916068832892,0.0022650840174149108
HPO__HP:0100840,Aplasia/Hypoplasia of the eyebrow (HP:0100840),0.013638916068832892,0.0022650840174149108
HPO__HP:0000882,Hypoplastic scapulae (HP:0000882),0.013638916068832892,0.0022650840174149108
HPO__HP:0010812,Short uvula (HP:0010812),0.013638916068832892,0.0022650840174149108
HPO__HP:0000739,Anxiety (HP:0000739),0.013637140779264255,-0.026622226340867985
HPO__HP:0000894,Short clavicles (HP:0000894),0.013586306904676451,0.00339726430962285
HPO__HP:0010566,Hamartoma (HP:0010566),0.013586306904676451,0.00339726430962285
HPO__HP:0005766,Disproportionate shortening of the tibia (HP:0005766),0.013512212656065241,0.00132145363824511
HPO__HP:0000171,Microglossia (HP:0000171),0.013512212656065241,0.00132145363824511
HPO__HP:0005873,Polysyndactyly of hallux (HP:0005873),0.013512212656065241,0.00132145363824511
HPO__HP:0005817,Postaxial polysyndactyly of foot (HP:0005817),0.013512212656065241,0.00132145363824511
HPO__HP:0005349,Hypoplasia of the epiglottis (HP:0005349),0.013512212656065241,0.00132145363824511
HPO__HP:0010535,Sleep apnea (HP:0010535),0.013506412061260435,-0.008696777419818343
HPO__HP:0004370,Abnormality of temperature regulation (HP:0004370),0.013506412061260435,-0.008696777419818343
HPO__HP:0030760,Renal fibrosis (HP:0030760),0.013506412061260435,-0.008696777419818343
HPO__HP:0005248,Intrahepatic biliary atresia (HP:0005248),0.01344670796301531,-0.007845749414160481
HPO__HP:0000010,Recurrent urinary tract infections (HP:0000010),0.01344287483731653,-0.006758380717094552
HPO__HP:0002883,Hyperventilation (HP:0002883),0.013350817365612527,-0.008852205714816106
HPO__HP:0007665,Curly eyelashes (HP:0007665),0.013339718879062712,-0.0033138734645070615
HPO__HP:0040270,Impaired glucose tolerance (HP:0040270),0.013261729643175015,0.0010114061403853612
HPO__HP:0001952,Glucose intolerance (HP:0001952),0.013261729643175015,0.0010114061403853612
HPO__HP:0011787,Central hypothyroidism (HP:0011787),0.013232190575272805,-0.007760101158295232
HPO__HP:0003259,Elevated circulating creatinine concentration (HP:0003259),0.013230611196194278,0.005111755744640741
HPO__HP:0001317,Abnormal cerebellum morphology (HP:0001317),0.013180312739877876,-0.009245200229096025
HPO__HP:0000098,Tall stature (HP:0000098),0.013180312739877876,-0.009245200229096025
HPO__HP:0032078,Angel-shaped phalanx (HP:0032078),0.013165543668807268,0.0011465930447244353
HPO__HP:0030353,Decreased circulating insulin-like growth factor 1 concentration (HP:0030353),0.013162321907909254,-0.00866452648754237
HPO__HP:0011755,Ectopic posterior pituitary (HP:0011755),0.013162321907909254,-0.00866452648754237
HPO__HP:0007068,Inferior cerebellar vermis hypoplasia (HP:0007068),0.013162321907909254,-0.00866452648754237
HPO__HP:0006579,Prolonged neonatal jaundice (HP:0006579),0.013136724714812774,-0.009019287471084585
HPO__HP:0001562,Oligohydramnios (HP:0001562),0.013104354509193533,0.008632107222600981
HPO__HP:0002788,Recurrent upper respiratory tract infections (HP:0002788),0.013069781538829886,-0.005772821201493076
HPO__HP:0007112,Temporal cortical atrophy (HP:0007112),0.013045567073180346,-0.008509156561012388
HPO__HP:0003022,Hypoplasia of the ulna (HP:0003022),0.013025157938248617,0.0015674800678443508
HPO__HP:0011927,Short digit (HP:0011927),0.013025157938248617,0.0015674800678443508
HPO__HP:0009556,Absent tibia (HP:0009556),0.013025157938248617,0.0015674800678443508
HPO__HP:0005054,Metaphyseal spurs (HP:0005054),0.013025157938248617,0.0015674800678443508
HPO__HP:0000803,Renal cortical cysts (HP:0000803),0.013021250781792023,-0.009295923678463292
HPO__HP:0000946,Hypoplastic ilia (HP:0000946),0.012974190911575827,0.00222910264787512
HPO__HP:0040213,Hypopnea (HP:0040213),0.012922745071217982,-0.007504427996645189
HPO__HP:0009183,Joint contracture of the 5th finger (HP:0009183),0.012922745071217982,-0.007504427996645189
HPO__HP:0007021,Pain insensitivity (HP:0007021),0.012922745071217982,-0.007504427996645189
HPO__HP:0006872,Cerebral hypoplasia (HP:0006872),0.012857134474485042,0.003886912047817266
HPO__HP:0005957,Breathing dysregulation (HP:0005957),0.012855161116947724,-0.008779043965550737
HPO__HP:0000921,Missing ribs (HP:0000921),0.012851965643884149,0.0008217707429992331
HPO__HP:0003031,Ulnar bowing (HP:0003031),0.012851965643884149,0.0008217707429992331
HPO__HP:0002986,Radial bowing (HP:0002986),0.012851965643884149,0.0008217707429992331
HPO__HP:0008422,Vertebral wedging (HP:0008422),0.012851965643884149,0.0008217707429992331
HPO__HP:0006371,Broad long bone diaphyses (HP:0006371),0.012802065788974436,0.002081673125712403
HPO__HP:0000099,Glomerulonephritis (HP:0000099),0.012802065788974436,0.002081673125712403
HPO__HP:0002558,Supernumerary nipple (HP:0002558),0.012802065788974436,0.002081673125712403
HPO__HP:0001712,Left ventricular hypertrophy (HP:0001712),0.01280039956964202,-0.0006920981311994498
HPO__HP:0000325,Triangular face (HP:0000325),0.012777290061035944,-0.008501925365046837
HPO__HP:0005484,Secondary microcephaly (HP:0005484),0.012770483142002102,-0.030316989904076806
HPO__HP:0001627,Abnormal heart morphology (HP:0001627),0.012695001752213728,-0.02520828923735177
HPO__HP:0030769,Exencephaly (HP:0030769),0.012677163526859811,-0.009107881571339724
HPO__HP:0002141,Gait imbalance (HP:0002141),0.012652887802849707,-0.023555297774880524
HPO__HP:0002613,Biliary cirrhosis (HP:0002613),0.01260639737082621,0.004876710258878979
HPO__HP:0002311,Incoordination (HP:0002311),0.012501879233004689,-0.04109278136694751
HPO__HP:0000835,Adrenal hypoplasia (HP:0000835),0.012496975635628052,0.0015786233766416408
HPO__HP:0007874,Almond-shaped palpebral fissure (HP:0007874),0.012491778179100336,-0.008764666231472356
HPO__HP:0004692,4-5 toe syndactyly (HP:0004692),0.012453002834626187,-0.008183959293210419
HPO__HP:0000968,Ectodermal dysplasia (HP:0000968),0.0124132560567593,0.008560452103743009
HPO__HP:0000232,Everted lower lip vermilion (HP:0000232),0.0124132560567593,0.008560452103743009
HPO__HP:0004743,Chronic tubulointerstitial nephritis (HP:0004743),0.012398248459700022,0.0039059262579844737
HPO__HP:0100957,Abnormal renal medulla morphology (HP:0100957),0.012384175448191965,-0.009522996476251114
HPO__HP:0000479,Abnormal retinal morphology (HP:0000479),0.012372631951200988,-0.008241091678787938
HPO__HP:0000786,Primary amenorrhea (HP:0000786),0.012342499357117474,-0.0032478352101781164
HPO__HP:0002167,Abnormal speech pattern (HP:0002167),0.012342499357117474,-0.0032478352101781164
HPO__HP:0009830,Peripheral neuropathy (HP:0009830),0.01226399654483644,-0.03764978529956223
HPO__HP:0010750,Dermatochalasis (HP:0010750),0.01225520032791782,-0.0034949035676769004
HPO__HP:0000121,Nephrocalcinosis (HP:0000121),0.01213301792359487,0.001363452593004192
HPO__HP:0006989,Dysplastic corpus callosum (HP:0006989),0.012106283459641078,-0.00807499212375069
HPO__HP:0007033,Cerebellar dysplasia (HP:0007033),0.012106283459641078,-0.00807499212375069
HPO__HP:0002910,Elevated circulating hepatic transaminase concentration (HP:0002910),0.01199924094399588,-0.0009109143300269187
HPO__HP:0009921,Duane anomaly (HP:0009921),0.011978867339946698,-0.009417928835717036
HPO__HP:0000324,Facial asymmetry (HP:0000324),0.011922939495386892,0.0016082559086175508
HPO__HP:0000572,Visual loss (HP:0000572),0.011828136885199009,-0.001576032414680931
HPO__HP:0003124,Hypercholesterolemia (HP:0003124),0.011786219369131231,-0.02140119187422454
HPO__HP:0001518,Small for gestational age (HP:0001518),0.011767212105438792,-0.028401322825963943
SYS__eye,Organ system: eye,0.011752074574938463,-0.22659542422185255
HPO__HP:0000069,Abnormality of the ureter (HP:0000069),0.011719518389360107,0.0027210426869937526
HPO__HP:0005343,Hypoplasia of the bladder (HP:0005343),0.011719518389360107,0.0027210426869937526
HPO__HP:0000061,"Ambiguous genitalia, female (HP:0000061)",0.011719518389360107,0.0027210426869937526
HPO__HP:0000033,"Ambiguous genitalia, male (HP:0000033)",0.011719518389360107,0.002721042686993753
HPO__HP:0001341,Olfactory lobe agenesis (HP:0001341),0.011719518389360107,0.0027210426869937526
HPO__HP:0000537,Epicanthus inversus (HP:0000537),0.011719518389360107,0.0027210426869937526
HPO__HP:0009931,Enlarged naris (HP:0009931),0.011719518389360107,0.0027210426869937526
HPO__HP:0100490,Camptodactyly of finger (HP:0100490),0.011719518389360107,0.0027210426869937526
HPO__HP:0001747,Accessory spleen (HP:0001747),0.011719518389360107,0.0027210426869937526
HPO__HP:0002308,Chiari malformation (HP:0002308),0.011719518389360107,0.0027210426869937526
HPO__HP:0006267,Large placenta (HP:0006267),0.011719518389360107,0.0027210426869937526
HPO__HP:0001195,Single umbilical artery (HP:0001195),0.011719518389360107,0.0027210426869937526
HPO__HP:0004639,Elevated amniotic fluid alpha-fetoprotein concentration (HP:0004639),0.011719518389360107,0.0027210426869937526
HPO__HP:0000465,Webbed neck (HP:0000465),0.011719518389360107,0.0027210426869937526
HPO__HP:0001623,Breech presentation (HP:0001623),0.011719518389360107,0.0027210426869937526
HPO__HP:0000453,Choanal atresia (HP:0000453),0.011702365407659034,-0.0028051157409010145
HPO__HP:0034374,Trident acetabulum (HP:0034374),0.01152417504066719,0.0010703175477071154
HPO__HP:0002750,Delayed skeletal maturation (HP:0002750),0.011499684743151491,0.0013851027594964376
HPO__HP:0001169,Broad palm (HP:0001169),0.011309468164818223,0.0010188427652641373
HPO__HP:0000501,Glaucoma (HP:0000501),0.011238718144962292,-0.00582103031455812
HPO__HP:0001640,Cardiomegaly (HP:0001640),0.01105686256807222,0.006466027832922323
HPO__HP:0000414,Bulbous nose (HP:0000414),0.011048461499047283,-0.0031355459048077136
HPO__HP:0002251,Aganglionic megacolon (HP:0002251),0.010982351080519568,-0.0008899596287709528
HPO__HP:0000550,Undetectable electroretinogram (HP:0000550),0.010928264741565025,-0.026017135436442306
HPO__HP:0002643,Neonatal respiratory distress (HP:0002643),0.010824428303524087,0.10752040728114517
HPO__HP:0007875,Congenital blindness (HP:0007875),0.010795657914062506,-0.011159344271449996
HPO__HP:0002384,Focal impaired awareness seizure (HP:0002384),0.010380588303112934,-0.030105262669805066
HPO__HP:0000819,Diabetes mellitus (HP:0000819),0.010288086026604004,-0.0029061096119166936
HPO__HP:0002066,Gait ataxia (HP:0002066),0.010108662315072525,-0.10553442041312176
HPO__HP:0001319,Neonatal hypotonia (HP:0001319),0.00995994519708914,-0.027661083418754444
HPO__HP:0000678,Dental crowding (HP:0000678),0.009901317448424344,-0.0026731615765668714
HPO__HP:0000072,Hydroureter (HP:0000072),0.009868449171217408,-0.002940364286167603
HPO__HP:0011577,Partial atrioventricular canal defect (HP:0011577),0.009834365942695114,0.005311062377106536
HPO__HP:0000164,Abnormality of the dentition (HP:0000164),0.009811730176693092,0.0004862302562504173
HPO__HP:0006297,Enamel hypoplasia (HP:0006297),0.009665305219231443,0.005043136926573191
HPO__HP:0000239,Large fontanelles (HP:0000239),0.009550004418088056,0.0048910937973537195
HPO__HP:0000684,Delayed eruption of teeth (HP:0000684),0.0094419013657229,-0.0022006243333959983
HPO__HP:0002021,Pyloric stenosis (HP:0002021),0.0094419013657229,-0.0022006243333959983
HPO__HP:0002557,Hypoplastic nipples (HP:0002557),0.0094419013657229,-0.0022006243333959983
HPO__HP:0000059,Hypoplastic labia majora (HP:0000059),0.0094419013657229,-0.0022006243333959983
HPO__HP:0012165,Oligodactyly (HP:0012165),0.0094419013657229,-0.0022006243333959983
HPO__HP:0000482,Microcornea (HP:0000482),0.0094419013657229,-0.0022006243333959983
HPO__HP:0001748,Polysplenia (HP:0001748),0.009421774039941253,0.029589367520466123
HPO__HP:0002099,Asthma (HP:0002099),0.009162193716027178,0.0025869592719738525
HPO__HP:0004442,Sagittal craniosynostosis (HP:0004442),0.009057518870122133,0.008413553152587919
HPO__HP:0009049,Peroneal muscle atrophy (HP:0009049),0.008872665628662292,-0.029203740772965746
HPO__HP:0033128,Delayed ability to crawl (HP:0033128),0.008872665628662292,-0.029203740772965746
HPO__HP:0033683,Jaw hyperreflexia (HP:0033683),0.008872665628662292,-0.029203740772965746
HPO__HP:0100275,Diffuse cerebellar atrophy (HP:0100275),0.008872665628662292,-0.029203740772965746
HPO__HP:0034435,Abnormal eye contact (HP:0034435),0.008872665628662292,-0.029203740772965746
HPO__HP:0000474,Thickened nuchal skin fold (HP:0000474),0.008872665628662292,-0.029203740772965746
HPO__HP:0033257,Delayed ability to walk with support (HP:0033257),0.008872665628662292,-0.029203740772965746
HPO__HP:0007859,Congenital horizontal nystagmus (HP:0007859),0.008872665628662292,-0.029203740772965746
HPO__HP:0007885,Slowed horizontal saccades (HP:0007885),0.008872665628662292,-0.029203740772965746
HPO__HP:0002307,Drooling (HP:0002307),0.008872665628662292,-0.029203740772965746
HPO__HP:0002342,Moderate intellectual disability (HP:0002342),0.008872665628662292,-0.029203740772965746
HPO__HP:0009878,Cerebellar ataxia associated with quadrupedal gait (HP:0009878),0.008872665628662292,-0.029203740772965746
HPO__HP:0430025,Bilateral facial palsy (HP:0430025),0.008872665628662292,-0.029203740772965746
HPO__HP:0010529,Echolalia (HP:0010529),0.008872665628662292,-0.029203740772965746
HPO__HP:0008935,Generalized neonatal hypotonia (HP:0008935),0.008872665628662292,-0.029203740772965746
HPO__HP:0002169,Clonus (HP:0002169),0.008872665628662292,-0.029203740772965746
HPO__HP:0002179,Opisthotonus (HP:0002179),0.008872665628662292,-0.029203740772965746
HPO__HP:0011094,Increased overbite (HP:0011094),0.008872665628662292,-0.029203740772965746
HPO__HP:0002423,Long-tract sign (HP:0002423),0.008872665628662292,-0.029203740772965746
HPO__HP:0002442,Dyscalculia (HP:0002442),0.008872665628662292,-0.029203740772965746
HPO__HP:0007676,Hypoplasia of the iris (HP:0007676),0.008872665628662292,-0.029203740772965746
HPO__HP:0002376,Developmental regression (HP:0002376),0.008872665628662292,-0.029203740772965746
HPO__HP:0002470,Nonprogressive cerebellar ataxia (HP:0002470),0.008872665628662292,-0.029203740772965746
HPO__HP:0004396,Poor appetite (HP:0004396),0.008872665628662292,-0.029203740772965746
HPO__HP:0012428,Prominent calcaneus (HP:0012428),0.008872665628662292,-0.029203740772965746
HPO__HP:0007340,Lower limb muscle weakness (HP:0007340),0.008872665628662292,-0.029203740772965746
HPO__HP:0002411,Myokymia (HP:0002411),0.008872665628662292,-0.029203740772965746
HPO__HP:0000555,Leukocoria (HP:0000555),0.008872665628662292,-0.029203740772965746
HPO__HP:0010862,Delayed fine motor development (HP:0010862),0.008872665628662292,-0.029203740772965746
HPO__HP:0007369,Atrophy/Degeneration affecting the cerebrum (HP:0007369),0.008872665628662292,-0.029203740772965746
HPO__HP:0031491,Continuous spike and waves during slow sleep (HP:0031491),0.008872665628662292,-0.029203740772965746
HPO__HP:0000616,Miosis (HP:0000616),0.008872665628662292,-0.029203740772965746
HPO__HP:0003391,Gowers sign (HP:0003391),0.008872665628662292,-0.029203740772965746
HPO__HP:0030147,Truncal titubation (HP:0030147),0.008872665628662292,-0.029203740772965746
HPO__HP:0025335,Delayed ability to stand (HP:0025335),0.008872665628662292,-0.029203740772965746
HPO__HP:0000526,Aniridia (HP:0000526),0.008872665628662292,-0.029203740772965746
HPO__HP:0012896,Abnormal motor evoked potentials (HP:0012896),0.008872665628662292,-0.029203740772965746
HPO__HP:0030177,Abnormality of peripheral nervous system electrophysiology (HP:0030177),0.008872665628662292,-0.029203740772965746
HPO__HP:0003763,Bruxism (HP:0003763),0.008872665628662292,-0.029203740772965746
HPO__HP:0004425,Flat forehead (HP:0004425),0.008872665628662292,-0.029203740772965746
HPO__HP:0004428,Elfin facies (HP:0004428),0.008872665628662292,-0.029203740772965746
HPO__HP:0003698,Difficulty standing (HP:0003698),0.008872665628662292,-0.029203740772965746
HPO__HP:0000076,Vesicoureteral reflux (HP:0000076),0.00885961945216209,-0.0013141154108675269
HPO__HP:0002346,Head tremor (HP:0002346),0.008859591814501692,-0.033740521595123855
HPO__HP:0003701,Proximal muscle weakness (HP:0003701),0.008849126185057067,-0.03414820865843881
INH_SPORADIC,Inheritance: SPORADIC,0.008841842326522326,-0.003079143083625295
HPO__HP:0000805,Enuresis (HP:0000805),0.00873078818578469,-0.028679666961404407
HPO__HP:0007814,Retinal pigment epithelial mottling (HP:0007814),0.008724568909160136,-0.0058919855142612
HPO__HP:0001360,Holoprosencephaly (HP:0001360),0.008720356372892715,-0.003269786425981644
HPO__HP:0000640,Gaze-evoked nystagmus (HP:0000640),0.00867272723287209,-0.0548002197533576
HPO__HP:0001350,Slurred speech (HP:0001350),0.008585379517036666,-0.032067474562304174
HPO__HP:0100021,Cerebral palsy (HP:0100021),0.00857860802916732,-0.03352102200102153
HPO__HP:0001348,Brisk reflexes (HP:0001348),0.008567545681275159,-0.03142579069116885
HPO__HP:0003270,Abdominal distention (HP:0003270),0.008565513998028332,0.0023799601799906964
HPO__HP:0000457,Depressed nasal ridge (HP:0000457),0.008565513998028332,0.0023799601799906964
HPO__HP:0001698,Pericardial effusion (HP:0001698),0.008565513998028332,0.0023799601799906964
HPO__HP:0025700,Anhydramnios (HP:0025700),0.008565513998028332,0.0023799601799906964
HPO__HP:0001377,Limited elbow extension (HP:0001377),0.008550308390790599,-0.0018121043679950994
HPO__HP:0000311,Round face (HP:0000311),0.008537267788033338,-0.0003183569298555269
HPO__HP:0009760,Antecubital pterygium (HP:0009760),0.00851751625611527,0.002424367909317172
HPO__HP:0000013,Hypoplasia of the uterus (HP:0000013),0.00851751625611527,0.0024243679093171678
HPO__HP:0002804,Arthrogryposis multiplex congenita (HP:0002804),0.00851751625611527,0.002424367909317172
HPO__HP:0001838,Rocker bottom foot (HP:0001838),0.00851751625611527,0.002424367909317172
HPO__HP:0010958,Bilateral renal agenesis (HP:0010958),0.00851751625611527,0.002424367909317172
HPO__HP:0032464,Ureteral hypoplasia (HP:0032464),0.00851751625611527,0.002424367909317172
HPO__HP:0012745,Short palpebral fissure (HP:0012745),0.00848463830211817,-0.0018508992871070222
HPO__HP:0000077,Abnormality of the kidney (HP:0000077),0.008445156189786767,-0.0028896047865089734
HPO__HP:0002132,Porencephalic cyst (HP:0002132),0.008360768140364974,0.00257122451370147
HPO__HP:0009806,Nephrogenic diabetes insipidus (HP:0009806),0.008357382814578006,-0.0023816544365658342
HPO__HP:0000855,Insulin resistance (HP:0000855),0.008357382814578006,-0.0023816544365658342
HPO__HP:0001328,Specific learning disability (HP:0001328),0.008357382814578006,-0.0023816544365658342
HPO__HP:0000137,Abnormality of the ovary (HP:0000137),0.008357382814578006,-0.0023816544365658342
HPO__HP:0001769,Broad foot (HP:0001769),0.008357382814578006,-0.0023816544365658342
HPO__HP:0012743,Abdominal obesity (HP:0012743),0.008357382814578006,-0.0023816544365658342
HPO__HP:0012393,Allergy (HP:0012393),0.008357382814578006,-0.0023816544365658342
HPO__HP:0001080,Biliary tract abnormality (HP:0001080),0.008357382814578006,-0.0023816544365658342
HPO__HP:0001970,Tubulointerstitial nephritis (HP:0001970),0.008354053167276011,0.004203484910321398
HPO__HP:0002406,Limb dysmetria (HP:0002406),0.008332650335559308,-0.036504655071230165
HPO__HP:0010477,Aplasia of the bladder (HP:0010477),0.008316469645119463,0.0028193703949022137
HPO__HP:0006706,Cystic liver disease (HP:0006706),0.008316469645119463,0.0028193703949022137
HPO__HP:0033183,Bilobed right lung (HP:0033183),0.008316469645119463,0.0028193703949022137
HPO__HP:0000812,Abnormal internal genitalia (HP:0000812),0.008316469645119463,0.0028193703949022137
INH_XLD,Inheritance: XLD,0.00830863068040737,-0.0009155779198722593
HPO__HP:0002505,Loss of ambulation (HP:0002505),0.008231815140924286,-0.03420620178622711
HPO__HP:0100611,Multiple glomerular cysts (HP:0100611),0.00816338061576219,0.0031871539535126025
HPO__HP:0001409,Portal hypertension (HP:0001409),0.00816338061576219,0.0031871539535126025
HPO__HP:0001667,Right ventricular hypertrophy (HP:0001667),0.00816338061576219,0.0031871539535126025
HPO__HP:0007366,Atrophy/Degeneration affecting the brainstem (HP:0007366),0.008123512218344866,-0.03163416944445091
HPO__HP:0001332,Dystonia (HP:0001332),0.008032021722165788,-0.04498964908324283
HPO__HP:0002136,Broad-based gait (HP:0002136),0.0080257523024114,-0.04240872410650566
HPO__HP:0001799,Short nail (HP:0001799),0.007970239301695277,0.00687089579837663
HPO__HP:0002345,Action tremor (HP:0002345),0.00796777413972843,-0.040021558382024355
HPO__HP:0001545,Anteriorly placed anus (HP:0001545),0.007941129900735158,-0.0003037807908773182
HPO__HP:0002071,Abnormality of extrapyramidal motor function (HP:0002071),0.00784530376182968,-0.04512725105132573
HPO__HP:0001260,Dysarthria (HP:0001260),0.007778696137365254,-0.13582388231408576
HPO__HP:0002174,Postural tremor (HP:0002174),0.0077398683990162675,-0.04483548942028201
HPO__HP:0007994,Peripheral visual field loss (HP:0007994),0.007736905654843435,-0.01872987808724003
HPO__HP:0002403,Positive Romberg sign (HP:0002403),0.007694401280886907,-0.03530201250028103
HPO__HP:0031629,Impaired tandem gait (HP:0031629),0.007658491571695157,-0.03385890610650264
HPO__HP:0007256,Abnormal pyramidal sign (HP:0007256),0.007657133527649997,-0.04643608172314049
HPO__HP:0000411,Protruding ear (HP:0000411),0.007654287246062955,0.006197960633323007
HPO__HP:0001650,Aortic valve stenosis (HP:0001650),0.007602663750133025,0.009354861585871831
HPO__HP:0004409,Hyposmia (HP:0004409),0.007440331786645683,-0.0015502795295899753
HPO__HP:0002475,Myelomeningocele (HP:0002475),0.007311751484158267,0.006484365196326396
HPO__HP:0000199,Tongue nodules (HP:0000199),0.007299653924929149,0.0011961895412411778
HPO__HP:0001397,Hepatic steatosis (HP:0001397),0.007285960115583066,-0.0015645048003627001
HPO__HP:0006042,Y-shaped metacarpals (HP:0006042),0.007285960115583066,-0.0015645048003627001
HPO__HP:0034217,Sonographic non-visualized fetal bladder (HP:0034217),0.007277641762756972,0.0022239396838983193
HPO__HP:0000932,Abnormal posterior cranial fossa morphology (HP:0000932),0.007277641762756972,0.0022239396838983193
HPO__HP:0001959,Polydipsia (HP:0001959),0.007251081152363263,-0.002177094609620543
INH_INCOMPLETE_PENETRANCE,Inheritance: INCOMPLETE_PENETRANCE,0.007218298390914076,-0.028298272301115472
HPO__HP:0031624,Moderate myopia (HP:0031624),0.007150643985707471,-0.0020222967736966487
HPO__HP:0000041,Chordee (HP:0000041),0.007150643985707471,-0.0020222967736966487
HPO__HP:0032285,Ultra-low vision with retained light projection (HP:0032285),0.007150643985707471,-0.0020222967736966487
HPO__HP:0001644,Dilated cardiomyopathy (HP:0001644),0.007150643985707471,-0.0020222967736966487
HPO__HP:0007687,Unilateral ptosis (HP:0007687),0.00706798502100558,0.003181251113161262
HPO__HP:0007979,Gaze-evoked horizontal nystagmus (HP:0007979),0.006955631408239527,-0.041518409471869196
HPO__HP:0002075,Dysdiadochokinesis (HP:0002075),0.006947790269495065,-0.054912578528571274
HPO__HP:0001324,Muscle weakness (HP:0001324),0.006947010083920631,-0.027455541263846122
HPO__HP:0002080,Intention tremor (HP:0002080),0.006740504520785986,-0.05422540682827126
HPO__HP:0000458,Anosmia (HP:0000458),0.006711045628856477,0.0021319140545545175
HPO__HP:0006889,Borderline intellectual disability (HP:0006889),0.006648737817260492,-0.0014864743736625918
HPO__HP:0000026,Male hypogonadism (HP:0000026),0.006648737817260492,-0.0014864743736625918
HPO__HP:0008689,Bilateral cryptorchidism (HP:0008689),0.006648737817260492,-0.0014864743736625918
HPO__HP:0012841,Retinal vascular tortuosity (HP:0012841),0.006648737817260492,-0.0014864743736625918
HPO__HP:0001085,Papilledema (HP:0001085),0.006648737817260492,-0.0014864743736625918
HPO__HP:0001733,Pancreatitis (HP:0001733),0.006648737817260492,-0.0014864743736625918
HPO__HP:0002516,Increased intracranial pressure (HP:0002516),0.006648737817260492,-0.0014864743736625918
HPO__HP:0000618,Blindness (HP:0000618),0.006630883913328135,-0.026612687514564463
HPO__HP:0011950,Unusual bronchiolitis (HP:0011950),0.006574869241340127,-0.0006846924492032963
HPO__HP:0009880,Broad distal phalanges of all fingers (HP:0009880),0.006567007677636114,0.004655303279111707
HPO__HP:0002901,Hypocalcemia (HP:0002901),0.006567007677636114,0.004655303279111707
HPO__HP:0005567,Renal magnesium wasting (HP:0005567),0.006567007677636114,0.004655303279111707
HPO__HP:0000939,Osteoporosis (HP:0000939),0.006567007677636114,0.004655303279111707
HPO__HP:0012623,Stage 1 chronic kidney disease (HP:0012623),0.006567007677636114,0.004655303279111707
HPO__HP:0001816,Thin nail (HP:0001816),0.006567007677636114,0.004655303279111707
HPO__HP:0001837,Broad toe (HP:0001837),0.006567007677636114,0.004655303279111707
HPO__HP:0000674,Anodontia (HP:0000674),0.006567007677636114,0.004655303279111707
HPO__HP:0002217,Slow-growing hair (HP:0002217),0.006567007677636114,0.004655303279111707
HPO__HP:0003071,Flattened epiphysis (HP:0003071),0.006567007677636114,0.004655303279111707
HPO__HP:0032612,Triphalangeal hallux (HP:0032612),0.006567007677636114,0.004655303279111707
HPO__HP:0004689,Short fourth metatarsal (HP:0004689),0.006544978566230207,-0.0015643006226456174
HPO__HP:0100260,Mesoaxial polydactyly (HP:0100260),0.006544978566230207,-0.0015643006226456174
HPO__HP:0000666,Horizontal nystagmus (HP:0000666),0.006481630143752735,-0.034076634297543255
HPO__HP:0000103,Polyuria (HP:0000103),0.006450885653194173,-0.0014855070443504305
HPO__HP:0000858,Irregular menstruation (HP:0000858),0.006406904851030217,-0.0024223771989657127
HPO__HP:0003074,Hyperglycemia (HP:0003074),0.006406904851030217,-0.0024223771989657127
HPO__HP:0006988,Alobar holoprosencephaly (HP:0006988),0.006380325508419379,-0.003587957645052132
HPO__HP:0001336,Myoclonus (HP:0001336),0.006352590980003352,-0.04720890369855394
HPO__HP:0006855,Cerebellar vermis atrophy (HP:0006855),0.006352412798690386,-0.039922607483413884
HPO__HP:0001651,Dextrocardia (HP:0001651),0.006252228755611176,0.06521385398405069
HPO__HP:0002974,Radioulnar synostosis (HP:0002974),0.006227547648788273,-0.0012348694732483715
HPO__HP:0002090,Pneumonia (HP:0002090),0.0062216589434036275,0.013065083680504866
HPO__HP:0000608,Macular degeneration (HP:0000608),0.00608408020712125,-0.0369798141296912
HPO__HP:0002444,Hypothalamic hamartoma (HP:0002444),0.0060219161002874775,0.0004787217596698186
HPO__HP:0002996,Limited elbow movement (HP:0002996),0.006014627084544676,-0.00193899989023342
HPO__HP:0001338,Partial agenesis of the corpus callosum (HP:0001338),0.006013276643458557,-0.00022435308386424993
HPO__HP:0031500,Abdominal mass (HP:0031500),0.005970631657877598,-0.0018271151550565419
HPO__HP:0006870,Lobar holoprosencephaly (HP:0006870),0.005963342652826531,-0.004022219591227541
HPO__HP:0030483,Reduced amplitude of dark-adapted bright flash electroretinogram a-wave (HP:0030483),0.00591550921112335,-0.0017460381735442789
HPO__HP:0007750,Hypoplasia of the fovea (HP:0007750),0.00591550921112335,-0.0017460381735442789
HPO__HP:0006254,Elevated circulating alpha-fetoprotein concentration (HP:0006254),0.005892533441660175,-0.019528964630274172
HPO__HP:0001315,Diminished deep tendon reflex (HP:0001315),0.005851141309086133,-0.02097543262225145
HPO__HP:0010702,Increased circulating immunoglobulin concentration (HP:0010702),0.005851141309086133,-0.02097543262225145
HPO__HP:0007267,Chronic axonal neuropathy (HP:0007267),0.005851141309086133,-0.02097543262225145
HPO__HP:0007240,Progressive gait ataxia (HP:0007240),0.005851141309086133,-0.02097543262225145
HPO__HP:0000524,Conjunctival telangiectasia (HP:0000524),0.005851141309086133,-0.02097543262225145
HPO__HP:0006937,Impaired distal tactile sensation (HP:0006937),0.005827601865480912,-0.025919900507724518
HPO__HP:0010296,Ankyloglossia (HP:0010296),0.005723265807536894,0.0018795284552563603
HPO__HP:0002247,Duodenal atresia (HP:0002247),0.005717275097588262,0.010724147893121271
HPO__HP:0006315,Solitary median maxillary central incisor (HP:0006315),0.005714448246940889,-0.0028521129543690156
HPO__HP:0003431,Decreased motor nerve conduction velocity (HP:0003431),0.005670399901234532,-0.027234655496068134
HPO__HP:0001284,Areflexia (HP:0001284),0.005670399901234532,-0.027234655496068134
HPO__HP:0003236,Elevated circulating creatine kinase activity (HP:0003236),0.005635129688098371,-0.022610600741041566
HPO__HP:0006886,Impaired distal vibration sensation (HP:0006886),0.005605183615478123,-0.02395906569246007
HPO__HP:0002987,Elbow flexion contracture (HP:0002987),0.005527280985095764,-0.0012150787252959581
HPO__HP:0001750,Single ventricle (HP:0001750),0.00547533083366798,0.006355362985629498
HPO__HP:0007286,Horizontal jerk nystagmus (HP:0007286),0.005474106335045631,-0.021944568480062345
HPO__HP:0002493,Upper motor neuron dysfunction (HP:0002493),0.005474106335045631,-0.021944568480062345
HPO__HP:0010831,Impaired proprioception (HP:0010831),0.005474037489368536,-0.028058627731647457
HPO__HP:0003445,EMG: neuropathic changes (HP:0003445),0.005462626853075211,-0.021609551481533738
HPO__HP:0001308,Tongue fasciculations (HP:0001308),0.005462626853075211,-0.021609551481533738
HPO__HP:0000511,Vertical supranuclear gaze palsy (HP:0000511),0.005462626853075211,-0.021609551481533738
HPO__HP:0012473,Tongue atrophy (HP:0012473),0.005462626853075211,-0.021609551481533738
HPO__HP:0002507,Semilobar holoprosencephaly (HP:0002507),0.005448123724335342,-0.004665937725640957
HPO__HP:0003202,Skeletal muscle atrophy (HP:0003202),0.0054390874094699905,-0.026554019367006798
HPO__HP:0000388,Otitis media (HP:0000388),0.005368799039768142,0.011074897468142386
HPO__HP:0002536,Abnormal cortical gyration (HP:0002536),0.005358761583531473,-0.0002166577600435405
HPO__HP:0006879,Pontocerebellar atrophy (HP:0006879),0.005285795133343957,-0.02293556993743784
HPO__HP:0007263,Spinocerebellar atrophy (HP:0007263),0.005271144072511886,-0.02354443039769141
HPO__HP:0007078,Decreased amplitude of sensory action potentials (HP:0007078),0.005271144072511886,-0.02354443039769141
HPO__HP:0007328,Impaired pain sensation (HP:0007328),0.005271144072511886,-0.02354443039769141
HPO__HP:0001283,Bulbar palsy (HP:0001283),0.005271144072511886,-0.02354443039769141
HPO__HP:0003401,Paresthesia (HP:0003401),0.005271144072511886,-0.02354443039769141
HPO__HP:0003394,Muscle spasm (HP:0003394),0.005271144072511886,-0.02354443039769141
HPO__HP:0003448,Decreased sensory nerve conduction velocity (HP:0003448),0.005271144072511886,-0.02354443039769141
HPO__HP:0007006,Dorsal column degeneration (HP:0007006),0.005271144072511886,-0.02354443039769141
HPO__HP:0002495,Impaired vibratory sensation (HP:0002495),0.0052520626448847646,-0.03254301702275686
HPO__HP:0002503,Spinocerebellar tract degeneration (HP:0002503),0.005229841790202618,-0.02788365606656922
HPO__HP:0002839,Urinary bladder sphincter dysfunction (HP:0002839),0.005229841790202618,-0.02788365606656922
HPO__HP:0003380,Decreased number of peripheral myelinated nerve fibers (HP:0003380),0.005137481551870732,-0.019914717500561945
HPO__HP:0003073,Hypoalbuminemia (HP:0003073),0.005137481551870732,-0.019914717500561945
HPO__HP:0002186,Apraxia (HP:0002186),0.005127751146174848,-0.02218292133467206
HPO__HP:0000757,Lack of insight (HP:0000757),0.005127751146174848,-0.02218292133467206
HPO__HP:0007668,Impaired pursuit initiation and maintenance (HP:0007668),0.005127751146174848,-0.02218292133467206
HPO__HP:0001289,Confusion (HP:0001289),0.005127751146174848,-0.02218292133467206
HPO__HP:0002506,Diffuse cerebral atrophy (HP:0002506),0.005127751146174848,-0.02218292133467206
HPO__HP:0002300,Mutism (HP:0002300),0.005127751146174848,-0.02218292133467206
HPO__HP:0002171,Gliosis (HP:0002171),0.005127751146174848,-0.02218292133467206
HPO__HP:0011999,Paranoia (HP:0011999),0.005127751146174848,-0.02218292133467206
HPO__HP:0000743,Frontal release signs (HP:0000743),0.005127751146174848,-0.02218292133467206
HPO__HP:0000727,Frontal lobe dementia (HP:0000727),0.005127751146174848,-0.02218292133467206
HPO__HP:0000762,Decreased nerve conduction velocity (HP:0000762),0.00508345821663226,-0.022478205718591462
HPO__HP:0007289,Limb fasciculations (HP:0007289),0.00508345821663226,-0.022478205718591462
HPO__HP:0002352,Leukoencephalopathy (HP:0002352),0.005078671895129346,-0.02023513063100844
HPO__HP:0009027,Foot dorsiflexor weakness (HP:0009027),0.005078671895129346,-0.02023513063100844
HPO__HP:0003690,Limb muscle weakness (HP:0003690),0.005078671895129346,-0.02023513063100844
HPO__HP:0001765,Hammertoe (HP:0001765),0.005078671895129346,-0.02023513063100844
HPO__HP:0011402,Demyelinating sensory neuropathy (HP:0011402),0.005078671895129346,-0.02023513063100844
HPO__HP:0001385,Hip dysplasia (HP:0001385),0.005072396110966325,0.0006764765805990108
HPO__HP:0007988,Macular hypopigmentation (HP:0007988),0.005050726486658075,-0.0035341703421100054
HPO__HP:0010543,Opsoclonus (HP:0010543),0.005038519644667172,-0.022555387139199554
HPO__HP:0100710,Impulsivity (HP:0100710),0.005038519644667172,-0.022555387139199554
HPO__HP:0000741,Apathy (HP:0000741),0.005038519644667172,-0.022555387139199554
HPO__HP:0007792,Microsaccadic pursuit (HP:0007792),0.005038519644667172,-0.022555387139199554
HPO__HP:0002304,Akinesia (HP:0002304),0.005038519644667172,-0.022555387139199554
HPO__HP:0010526,Dysgraphia (HP:0010526),0.005038519644667172,-0.022555387139199554
HPO__HP:0001761,Pes cavus (HP:0001761),0.005027998342652545,-0.026609425120052516
HPO__HP:0002380,Fasciculations (HP:0002380),0.005009551704723238,-0.03375204211740763
HPO__HP:0002321,Vertigo (HP:0002321),0.0050073974044914805,-0.02146369630155676
HPO__HP:0002083,Migraine without aura (HP:0002083),0.0050073974044914805,-0.02146369630155676
HPO__HP:0002017,Nausea and vomiting (HP:0002017),0.0050073974044914805,-0.02146369630155676
HPO__HP:0007670,Abnormal vestibulo-ocular reflex (HP:0007670),0.0050073974044914805,-0.02146369630155676
HPO__HP:0012758,Neurodevelopmental delay (HP:0012758),0.0050006259166221366,-0.02291724374027411
HPO__HP:0008278,Cerebellar cortical atrophy (HP:0008278),0.0050006259166221366,-0.02291724374027411
HPO__HP:0100660,Dyskinesia (HP:0100660),0.0050006259166221366,-0.02291724374027411
HPO__HP:0000738,Hallucinations (HP:0000738),0.0049821963798674955,-0.023444614255900588
HPO__HP:0003693,Distal amyotrophy (HP:0003693),0.004963156616738059,-0.035893118674403424
HPO__HP:0001152,Saccadic smooth pursuit interruptions (HP:0001152),0.0049535405370034185,-0.026496051360178626
HPO__HP:0000473,Torticollis (HP:0000473),0.004941119140004737,-0.02073868973614127
HPO__HP:0000467,Neck muscle weakness (HP:0000467),0.004941119140004737,-0.02073868973614127
HPO__HP:0007024,Pseudobulbar paralysis (HP:0007024),0.004941119140004737,-0.02073868973614127
HPO__HP:0002064,Spastic gait (HP:0002064),0.004938356220426238,-0.02110076412674408
HPO__HP:0002497,Spastic ataxia (HP:0002497),0.004938356220426238,-0.02110076412674408
HPO__HP:0007001,Loss of Purkinje cells in the cerebellar vermis (HP:0007001),0.004938356220426238,-0.02110076412674408
HPO__HP:0031166,Eyelid myokymia (HP:0031166),0.004938356220426238,-0.02110076412674408
HPO__HP:0000651,Diplopia (HP:0000651),0.004938356220426238,-0.02110076412674408
HPO__HP:0002354,Memory impairment (HP:0002354),0.004925820406886478,-0.02097423324478358
HPO__HP:0004373,Focal dystonia (HP:0004373),0.004925820406886478,-0.02097423324478358
HPO__HP:0003376,Steppage gait (HP:0003376),0.004921469930882971,-0.02154988561935206
HPO__HP:0004326,Cachexia (HP:0004326),0.004910325786978332,-0.020998598374118466
HPO__HP:0100785,Insomnia (HP:0100785),0.004910325786978332,-0.020998598374118466
HPO__HP:0011448,Ankle clonus (HP:0011448),0.004908760159303455,-0.023904705795248716
HPO__HP:0000605,Supranuclear gaze palsy (HP:0000605),0.0049064500936796245,-0.02145875959374133
HPO__HP:0000962,Hyperkeratosis (HP:0000962),0.0049064500936796245,-0.02145875959374133
HPO__HP:0001019,Erythroderma (HP:0001019),0.0049064500936796245,-0.02145875959374133
HPO__HP:0000689,Dental malocclusion (HP:0000689),0.004885432307877703,0.000887203400289856
HPO__HP:0003474,Somatic sensory dysfunction (HP:0003474),0.004884696203781088,-0.02129243180987268
HPO__HP:0006895,Lower limb hypertonia (HP:0006895),0.004884696203781088,-0.02129243180987268
HPO__HP:0011922,Abnormal activity of mitochondrial respiratory chain (HP:0011922),0.004884696203781088,-0.02129243180987268
HPO__HP:0003200,Ragged-red muscle fibers (HP:0003200),0.004884696203781088,-0.02129243180987268
HPO__HP:0000597,Ophthalmoparesis (HP:0000597),0.004884696203781088,-0.02129243180987268
HPO__HP:0002067,Bradykinesia (HP:0002067),0.004875223564380732,-0.03040039020992303
HPO__HP:0002460,Distal muscle weakness (HP:0002460),0.004862436834175727,-0.0299854972979998
HPO__HP:0012514,Lower limb pain (HP:0012514),0.004844754134917661,-0.02128403190288566
HPO__HP:0030902,Palmomental reflex (HP:0030902),0.004844754134917661,-0.02128403190288566
HPO__HP:0000360,Tinnitus (HP:0000360),0.004844008802422621,-0.02208370535164996
HPO__HP:0002310,Orofacial dyskinesia (HP:0002310),0.0047582502638245025,-0.02174533707175087
HPO__HP:0007944,Intermittent microsaccadic pursuits (HP:0007944),0.004753410039725263,-0.021619779635619764
HPO__HP:0000020,Urinary incontinence (HP:0000020),0.004749354836757934,-0.034047220004212626
HPO__HP:0000623,Supranuclear ophthalmoplegia (HP:0000623),0.004734710820219281,-0.026689804957223937
HPO__HP:0002313,Spastic paraparesis (HP:0002313),0.004729337340374931,-0.020560099827404723
HPO__HP:0000012,Urinary urgency (HP:0000012),0.004727130920941391,-0.024979007333117226
HPO__HP:0000746,Delusion (HP:0000746),0.00472515190898749,-0.020761273224343325
HPO__HP:0002530,Axial dystonia (HP:0002530),0.00472515190898749,-0.020761273224343325
HPO__HP:0010305,Absence of the sacrum (HP:0010305),0.004697873587400036,0.007497782295981602
HPO__HP:0011536,Right atrial isomerism (HP:0011536),0.004697873587400036,0.007497782295981602
HPO__HP:0011861,Bilateral trilobed lung (HP:0011861),0.004697873587400036,0.007497782295981602
HPO__HP:0002542,Olivopontocerebellar atrophy (HP:0002542),0.004693408537910014,-0.03102903062610176
HPO__HP:0030631,Hyperautofluorescent macular lesion (HP:0030631),0.004687174940331289,-0.003976641734851615
HPO__HP:0001271,Polyneuropathy (HP:0001271),0.004679135458116716,-0.027736111484127596
HPO__HP:0002063,Rigidity (HP:0002063),0.004636519482666131,-0.029206216394217208
HPO__HP:0007754,Macular dystrophy (HP:0007754),0.004592361205402355,-0.0029118635366316373
HPO__HP:0000529,Progressive visual loss (HP:0000529),0.0045708735960360534,-0.0449837833588662
HPO__HP:0006938,Impaired vibration sensation at ankles (HP:0006938),0.004569493111195606,-0.023475034859309324
HPO__HP:0000317,Facial myokymia (HP:0000317),0.004535711618685382,-0.02648014992475256
HPO__HP:0002396,Cogwheel rigidity (HP:0002396),0.0044972461682753284,-0.02557520426260098
HPO__HP:0000679,Taurodontia (HP:0000679),0.004454015677070749,0.0038520650631060247
HPO__HP:0002072,Chorea (HP:0002072),0.004445820914612301,-0.039364150979666716
HPO__HP:0007338,Hypermetric saccades (HP:0007338),0.004439342097785066,-0.02909471828545844
HPO__HP:0003477,Peripheral axonal neuropathy (HP:0003477),0.004340540891097086,-0.029214581482393344
HPO__HP:0001719,Double outlet right ventricle (HP:0001719),0.004340114918922692,0.023896961097757925
HPO__HP:0000403,Recurrent otitis media (HP:0000403),0.004335718792030889,0.12264614934556836
HPO__HP:0007305,CNS demyelination (HP:0007305),0.004333902964632538,-0.021482398167721333
HPO__HP:0002166,Impaired vibration sensation in the lower limbs (HP:0002166),0.004333902964632538,-0.021482398167721333
HPO__HP:0100337,Bilateral cleft palate (HP:0100337),0.00430638881217476,-0.002397435163122755
HPO__HP:0100336,Bilateral cleft lip (HP:0100336),0.00430638881217476,-0.002397435163122755
HPO__HP:0000726,Dementia (HP:0000726),0.004305691957251113,-0.032561700922048034
HPO__HP:0003390,Sensory axonal neuropathy (HP:0003390),0.004283351538283987,-0.02111527541707988
HPO__HP:0000763,Sensory neuropathy (HP:0000763),0.004279949257484997,-0.025413847157411486
HPO__HP:0002062,Abnormal pyramidal tract morphology (HP:0002062),0.004267254340264144,-0.0280972346563112
HPO__HP:0002936,Distal sensory impairment (HP:0002936),0.004260315250198678,-0.028112198216392534
HPO__HP:0001151,Impaired horizontal smooth pursuit (HP:0001151),0.004216341292239443,-0.03029101447147755
HPO__HP:0012304,Hypoplastic aortic arch (HP:0012304),0.004213453942562933,0.006096531548864918
HPO__HP:0001800,Hypoplastic toenails (HP:0001800),0.004213453942562933,0.006096531548864918
HPO__HP:0001718,Mitral stenosis (HP:0001718),0.004213453942562933,0.006096531548864918
HPO__HP:0001776,Bilateral talipes equinovarus (HP:0001776),0.004213453942562933,0.006096531548864918
HPO__HP:0001682,Subvalvular aortic stenosis (HP:0001682),0.004213453942562933,0.006096531548864918
HPO__HP:0005912,Biliary atresia (HP:0005912),0.004213453942562933,0.006096531548864918
HPO__HP:0011670,Left superior vena cava draining to coronary sinus (HP:0011670),0.004213453942562933,0.006096531548864918
HPO__HP:0003305,Block vertebrae (HP:0003305),0.004213453942562933,0.006096531548864918
HPO__HP:0001374,Congenital hip dislocation (HP:0001374),0.004213453942562933,0.006096531548864918
HPO__HP:0002410,Aqueductal stenosis (HP:0002410),0.004213453942562933,0.006096531548864918
HPO__HP:0012890,Posteriorly placed anus (HP:0012890),0.004213453942562933,0.006096531548864918
HPO__HP:0006580,Portal fibrosis (HP:0006580),0.0042031834088885976,0.001721318615450897
INH_ANTICIPATION,Inheritance: ANTICIPATION,0.004194897126799539,-0.03777100762181333
HPO__HP:0010545,Downbeat nystagmus (HP:0010545),0.0041943467547646655,-0.020416140772541936
HPO__HP:0006858,Impaired distal proprioception (HP:0006858),0.004176701000386163,-0.02279715315606495
HPO__HP:0002529,Neuronal loss in central nervous system (HP:0002529),0.004166970594690279,-0.025065356990175064
HPO__HP:0000602,Ophthalmoplegia (HP:0000602),0.004149600021652643,-0.025512383285476153
HPO__HP:0000514,Slow saccadic eye movements (HP:0000514),0.004128106305119749,-0.06389259210408393
HPO__HP:0002359,Frequent falls (HP:0002359),0.0041208319558846416,-0.02573368340538211
HPO__HP:0002657,Spondylometaphyseal dysplasia (HP:0002657),0.004035235456835221,0.006943803908587065
HPO__HP:0012047,Hemeralopia (HP:0012047),0.004014166874695341,-0.0051191687977356105
HPO__HP:0031348,Dextrotransposition of the great arteries (HP:0031348),0.004000180672809682,0.00890751785492639
HPO__HP:0011560,Mitral atresia (HP:0011560),0.00399840492419485,0.00851614544306165
HPO__HP:0000961,Cyanosis (HP:0000961),0.00399840492419485,0.00851614544306165
HPO__HP:0000667,Phthisis bulbi (HP:0000667),0.0039851165425394755,-0.0008661807736122844
HPO__HP:0001387,Joint stiffness (HP:0001387),0.0039851165425394755,-0.0008661807736122844
HPO__HP:0003042,Elbow dislocation (HP:0003042),0.0039851165425394755,-0.0008661807736122844
HPO__HP:0002230,Generalized hirsutism (HP:0002230),0.0039851165425394755,-0.0008661807736122844
HPO__HP:0000498,Blepharitis (HP:0000498),0.0039851165425394755,-0.0008661807736122844
HPO__HP:0000722,Compulsive behaviors (HP:0000722),0.0039851165425394755,-0.0008661807736122844
HPO__HP:0008736,Hypoplasia of penis (HP:0008736),0.0039851165425394755,-0.0008661807736122844
HPO__HP:0010880,Increased nuchal translucency (HP:0010880),0.0039851165425394755,-0.0008661807736122844
HPO__HP:0000717,Autism (HP:0000717),0.0039851165425394755,-0.0008661807736122844
HPO__HP:0007598,Bilateral single transverse palmar creases (HP:0007598),0.0039851165425394755,-0.0008661807736122844
HPO__HP:0002827,Hip dislocation (HP:0002827),0.0039851165425394755,-0.0008661807736122844
HPO__HP:0001557,Prenatal movement abnormality (HP:0001557),0.0039851165425394755,-0.0008661807736122844
HPO__HP:0001622,Premature birth (HP:0001622),0.0039851165425394755,-0.0008661807736122844
HPO__HP:0002360,Sleep disturbance (HP:0002360),0.0039851165425394755,-0.0008661807736122844
HPO__HP:0000823,Delayed puberty (HP:0000823),0.0039851165425394755,-0.0008661807736122844
HPO__HP:0002580,Volvulus (HP:0002580),0.0039851165425394755,-0.0008661807736122844
HPO__HP:0008850,Severe postnatal growth retardation (HP:0008850),0.0039851165425394755,-0.0008661807736122844
HPO__HP:0010300,Abnormally low-pitched voice (HP:0010300),0.0039851165425394755,-0.0008661807736122844
HPO__HP:0010034,Short 1st metacarpal (HP:0010034),0.0039851165425394755,-0.0008661807736122844
HPO__HP:0000413,Atresia of the external auditory canal (HP:0000413),0.0039851165425394755,-0.0008661807736122844
HPO__HP:0040071,Abnormal morphology of ulna (HP:0040071),0.0039851165425394755,-0.0008661807736122844
HPO__HP:0000878,11 pairs of ribs (HP:0000878),0.003984732774127971,0.0014659230846686307
HPO__HP:0000176,Submucous cleft hard palate (HP:0000176),0.003969643284006405,-0.0013810955336855902
HPO__HP:0006145,Central Y-shaped metacarpal (HP:0006145),0.003965116076821516,0.0013707459939932413
HPO__HP:0002168,Scanning speech (HP:0002168),0.003944351126339956,-0.03765551677428794
HPO__HP:0010044,Short 4th metacarpal (HP:0010044),0.0038836646293233666,-0.0006034343986838103
HPO__HP:0010047,Short 5th metacarpal (HP:0010047),0.0038836646293233666,-0.0006034343986838103
HPO__HP:0007360,Aplasia/Hypoplasia of the cerebellum (HP:0007360),0.003839561776232124,-0.002127873694840816
HPO__HP:0001337,Tremor (HP:0001337),0.0037650347213029002,-0.06021687635177848
HPO__HP:0001268,Mental deterioration (HP:0001268),0.0037488655540051613,-0.030473668293197486
HPO__HP:0006532,Recurrent pneumonia (HP:0006532),0.0037313412061351684,0.052384636666781725
HPO__HP:0033379,Bilateral superior vena cava (HP:0033379),0.0035806780489812512,0.008892548950584335
HPO__HP:0003363,Abdominal situs inversus (HP:0003363),0.003577675241990235,0.018355435726089397
HPO__HP:0010650,Hypoplasia of the premaxilla (HP:0010650),0.0035289315659068217,-0.0012550158527706494
HPO__HP:0003429,CNS hypomyelination (HP:0003429),0.003525842595681111,0.0023105206506913007
HPO__HP:0001669,Transposition of the great arteries (HP:0001669),0.0034667053334438962,0.016814569637585628
HPO__HP:0001300,Parkinsonism (HP:0001300),0.0034664083438112315,-0.0377299875022106
HPO__HP:0007141,Sensorimotor neuropathy (HP:0007141),0.0033144419763034743,-0.026327778270513635
HPO__HP:0010055,Broad hallux (HP:0010055),0.003260787173832663,0.0017237253407130242
HPO__HP:0000682,Abnormal dental enamel morphology (HP:0000682),0.003221181342336549,0.0010477147876662002
HPO__HP:0008428,Vertebral clefting (HP:0008428),0.003192186037738465,-0.00023867622333348382
HPO__HP:0005160,Total anomalous pulmonary venous return (HP:0005160),0.0031621693753162198,0.01322192065377519
HPO__HP:0000716,Depression (HP:0000716),0.0030918913391927553,-0.03675787638338986
HPO__HP:0031565,Abdominal situs ambiguus (HP:0031565),0.0030823920323234865,0.014173583946248961
HPO__HP:0030329,Retinal thinning on OCT (HP:0030329),0.0030708174649696674,-0.005126227668984526
HPO__HP:0008003,Jerky ocular pursuit movements (HP:0008003),0.0030382153168305656,-0.026672589313384874
HPO__HP:0010626,Anterior pituitary agenesis (HP:0010626),0.003037921288204081,-0.0017469107178571279
HPO__HP:0010773,Partial anomalous pulmonary venous return (HP:0010773),0.0029631788932505884,0.005180464803748859
HPO__HP:0011555,Double inlet left ventricle (HP:0011555),0.0029631788932505884,0.005180464803748859
HPO__HP:0004970,Ascending tubular aorta aneurysm (HP:0004970),0.0029631788932505884,0.005180464803748859
HPO__HP:0000071,Ureteral stenosis (HP:0000071),0.0029631788932505884,0.005180464803748859
HPO__HP:0011699,Atrial reentry tachycardia (HP:0011699),0.0029631788932505884,0.005180464803748859
HPO__HP:0009099,Median cleft palate (HP:0009099),0.002816019285129756,-0.0024438808705696514
HPO__HP:0002317,Unsteady gait (HP:0002317),0.002723149822195022,-0.030735151716670434
HPO__HP:0011565,Common atrium (HP:0011565),0.0026777497304791165,0.011820669906658518
HPO__HP:0011539,Atrial situs ambiguous (HP:0011539),0.0026340306346731867,0.009010475827239824
HPO__HP:0031590,Asthenopia (HP:0031590),0.002548405827112042,0.006875567177469237
HPO__HP:0010445,Primum atrial septal defect (HP:0010445),0.002548405827112042,0.006875567177469237
HPO__HP:0034011,Reduced progressive sperm motility (HP:0034011),0.002548405827112042,0.006875567177469237
HPO__HP:0011599,Mesocardia (HP:0011599),0.002543676269422157,0.005165495899406806
HPO__HP:0011537,Left atrial isomerism (HP:0011537),0.002543676269422157,0.005165495899406806
HPO__HP:0000262,Turricephaly (HP:0000262),0.0024514420041083255,0.00409689313168936
HPO__HP:0008786,Iliac crest serration (HP:0008786),0.0024477380177616937,0.003078974816301414
HPO__HP:0003021,Metaphyseal cupping (HP:0003021),0.0024477380177616937,0.003078974816301414
HPO__HP:0002663,Delayed epiphyseal ossification (HP:0002663),0.0024477380177616937,0.003078974816301414
HPO__HP:0002812,Coxa vara (HP:0002812),0.002439600756649827,0.0007742822334205034
HPO__HP:0009381,Short finger (HP:0009381),0.002338852040077496,0.002092502754031651
HPO__HP:0030853,Heterotaxy (HP:0030853),0.002282240096819617,0.01440677832975206
HPO__HP:0011611,Interrupted aortic arch (HP:0011611),0.002263710230045402,0.006198827950828911
HPO__HP:0004762,Hypoplasia of right ventricle (HP:0004762),0.002263710230045402,0.006198827950828911
HPO__HP:0001702,Abnormal tricuspid valve morphology (HP:0001702),0.002263710230045402,0.006198827950828911
HPO__HP:0001646,Abnormal aortic valve morphology (HP:0001646),0.002263710230045402,0.006198827950828911
HPO__HP:0004971,Pulmonary artery hypoplasia (HP:0004971),0.002263710230045402,0.006198827950828911
HPO__HP:0032118,Retinitis (HP:0032118),0.00224451173137632,0.001062425078990909
HPO__HP:0009914,Cyclopia (HP:0009914),0.0021855166810340666,-0.001597097101598367
HPO__HP:0000873,Diabetes insipidus (HP:0000873),0.00210571950412005,-0.002824890798445954
HPO__HP:0003025,Metaphyseal irregularity (HP:0003025),0.0021045213713679657,0.003838202372578673
HPO__HP:0000580,Pigmentary retinopathy (HP:0000580),0.002026955612388764,-0.05533383647613647
HPO__HP:0008802,Hypoplasia of the femoral head (HP:0008802),0.0020268788358153178,-0.00048358067887481867
HPO__HP:0000641,Dysmetric saccades (HP:0000641),0.001981269646163776,-0.042818596520201826
HPO__HP:0031834,Aortopulmonary collateral arteries (HP:0031834),0.0019099920527170765,0.005402857939087341
HPO__HP:0003487,Babinski sign (HP:0003487),0.0018910517111256952,-0.05484721368335233
HPO__HP:0005273,Absent nasal septal cartilage (HP:0005273),0.001866264353640087,-0.002573893346872254
HPO__HP:0011538,Atrial situs inversus (HP:0011538),0.0018150222113707405,0.010241920348218473
HPO__HP:0011540,Levotransposition of the great arteries (HP:0011540),0.0018143897466176648,0.00911430148072147
HPO__HP:0010452,Ectopia of the spleen (HP:0010452),0.001781066333823132,0.005188949615576958
HPO__HP:0034188,Midline liver (HP:0034188),0.001781066333823132,0.005188949615576958
HPO__HP:0000389,Chronic otitis media (HP:0000389),0.0017778880551907249,0.045656205456630995
HPO__HP:0002197,Generalized-onset seizure (HP:0002197),0.0017568043416963644,0.0011050997706562957
INH_UNKNOWN,Inheritance: UNKNOWN,0.0017412447695287101,-0.005759080359820277
HPO__HP:0003251,Male infertility (HP:0003251),0.0017174175291455372,0.04742157150862169
HPO__HP:0000863,Central diabetes insipidus (HP:0000863),0.0015824862680313976,-0.0019052252257808378
HPO__HP:0030948,Elevated gamma-glutamyltransferase level (HP:0030948),0.0015493148070246873,0.0005449460951379458
HPO__HP:0004935,Pulmonary artery atresia (HP:0004935),0.0014816697645957386,0.01063345813934555
HPO__HP:0011671,Interrupted inferior vena cava with azygous continuation (HP:0011671),0.001470415009355636,0.011320007051407824
HPO__HP:0002645,Wormian bones (HP:0002645),0.001372470918309416,0.0022137545762683773
HPO__HP:0002092,Pulmonary arterial hypertension (HP:0002092),0.0012916539609795297,0.006543002252972253
HPO__HP:0012806,Proboscis (HP:0012806),0.0012357617495443974,-0.0017271095779009698
HPO__HP:0011579,Unbalanced atrioventricular canal defect (HP:0011579),0.0011914274674922872,0.011009090385373548
HPO__HP:0000563,Keratoconus (HP:0000563),0.0011896024508321582,-0.0432874415098619
HPO__HP:0005576,Tubulointerstitial fibrosis (HP:0005576),0.0011446496196019908,0.0037767598729016925
HPO__HP:0002869,Flared iliac wing (HP:0002869),0.0011316103773481648,0.0014943998069480494
HPO__HP:0000437,Depressed nasal tip (HP:0000437),0.001088807107372144,-0.0014314740365201468
HPO__HP:0000821,Hypothyroidism (HP:0000821),0.0010113896111766175,0.005731144086745267
HPO__HP:0020132,Thickening of the tubular basement membrane (HP:0020132),0.0008958999604381459,-0.0007325672160673775
HPO__HP:0004737,Global glomerulosclerosis (HP:0004737),0.000877696348009468,0.0004389211642962423
HPO__HP:0033601,Glomerular subepithelial immune-complex deposits (HP:0033601),0.000877696348009468,0.0004389211642962423
HPO__HP:0002069,Bilateral tonic-clonic seizure (HP:0002069),0.0007792047381659676,-0.02436511023069936
HPO__HP:0002073,Progressive cerebellar ataxia (HP:0002073),0.0006436826583839756,-0.05747454058070234
HPO__HP:0005301,Persistent left superior vena cava (HP:0005301),0.0006290687406097721,0.008446680297283618
HPO__HP:0010757,Aplasia of the premaxilla (HP:0010757),0.0005977968296694055,-0.0019233689016066265
HPO__HP:0003521,Disproportionate short-trunk short stature (HP:0003521),0.0005440902831413916,0.0014016616921672725
HPO__HP:0000646,Amblyopia (HP:0000646),0.000533507505254763,-0.0008303068410017723
HPO__HP:0030828,Wheezing (HP:0030828),0.0003822749222487878,0.016549574985102594
HPO__HP:0033149,Intrahepatic bile duct dilatation (HP:0033149),0.00036237098234577996,0.00014480885337327763
HPO__HP:0008222,Female infertility (HP:0008222),0.00034510040446022864,0.006616903815668683
HPO__HP:0001742,Nasal congestion (HP:0001742),0.00030008365583937996,0.01240534275306747
HPO__HP:0004469,Chronic bronchitis (HP:0004469),0.00026359178915799685,0.06215245542709935
HPO__HP:0031245,Productive cough (HP:0031245),0.00016575663972992003,0.02834255286191747
HPO__HP:0002070,Limb ataxia (HP:0002070),0.00011918866555216434,-0.09392902450311368
HPO__HP:0012257,Absent inner dynein arms (HP:0012257),0.00010956010028689446,0.014075493652057118
HPO__HP:0003546,Exercise intolerance (HP:0003546),-2.384761541833645e-05,0.008915944836459784
HPO__HP:0012260,Abnormal central microtubular pair morphology of respiratory motile cilia (HP:0012260),-2.384761541833645e-05,0.008915944836459784
HPO__HP:0012020,Right aortic arch (HP:0012020),-0.00010025264296203228,0.01784772576603126
HPO__HP:0000791,Uric acid nephrolithiasis (HP:0000791),-0.00010492935651794151,0.0004919287107463753
HPO__HP:0011760,Pituitary growth hormone cell adenoma (HP:0011760),-0.00010492935651794151,0.0004919287107463753
HPO__HP:0008672,Calcium oxalate nephrolithiasis (HP:0008672),-0.00010492935651794151,0.0004919287107463753
HPO__HP:0030157,Flank pain (HP:0030157),-0.00010492935651794151,0.0004919287107463753
HPO__HP:0011004,Abnormal systemic arterial morphology (HP:0011004),-0.00010492935651794151,0.0004919287107463753
HPO__HP:0012330,Pyelonephritis (HP:0012330),-0.00010492935651794151,0.0004919287107463753
HPO__HP:0012592,Albuminuria (HP:0012592),-0.00010492935651794151,0.0004919287107463753
HPO__HP:0012591,Abnormal urinary electrolyte concentration (HP:0012591),-0.00010492935651794151,0.0004919287107463753
HPO__HP:0002616,Aortic root aneurysm (HP:0002616),-0.00010492935651794151,0.0004919287107463753
HPO__HP:0006557,Polycystic liver disease (HP:0006557),-0.00010492935651794151,0.0004919287107463753
HPO__HP:0012207,Reduced sperm motility (HP:0012207),-0.0002327258258152102,0.034864436681959335
HPO__HP:0000790,Hematuria (HP:0000790),-0.0002468067993955441,0.0010160025223077043
HPO__HP:0002515,Waddling gait (HP:0002515),-0.00027642447082802327,-0.00013932592462292614
HPO__HP:0003311,Hypoplasia of the odontoid process (HP:0003311),-0.00027642447082802327,-0.00013932592462292614
HPO__HP:0012735,Cough (HP:0012735),-0.00042324242552128693,0.049693451393472726
HPO__HP:0005583,Tubular basement membrane disintegration (HP:0005583),-0.000425555408327203,0.001278572473268519
HPO__HP:0012208,Immotile sperm (HP:0012208),-0.00044314931793865646,0.026280336350341497
HPO__HP:0032342,Reduced forced expiratory volume in one second (HP:0032342),-0.0005182588482832969,0.010544925106565274
HPO__HP:0033158,Reduced respiratory ciliary beating frequency (HP:0033158),-0.0005345296611280561,0.007117267558786321
HPO__HP:0012258,Abnormal axonemal organization of respiratory motile cilia (HP:0012258),-0.0005473901561461707,0.01400132035331037
HPO__HP:0012213,Decreased glomerular filtration rate (HP:0012213),-0.0005762780039645491,0.0010653395596178122
HPO__HP:0006510,Chronic pulmonary obstruction (HP:0006510),-0.0006105140051743718,0.02236962161680119
HPO__HP:0001634,Mitral valve prolapse (HP:0001634),-0.0006967321818398344,0.0005507600832979813
HPO__HP:0000246,Sinusitis (HP:0000246),-0.0006968335622247509,0.0067711896793150195
HPO__HP:0012255,Dynein arm defect of respiratory motile cilia (HP:0012255),-0.0007156470564528464,0.008840165352477308
HPO__HP:0004944,Dilatation of the cerebral artery (HP:0004944),-0.0007284802769606543,0.0005646390960804237
HPO__HP:0100582,Nasal polyposis (HP:0100582),-0.0007741572518954265,0.04344674822470496
HPO__HP:0010444,Pulmonic regurgitation (HP:0010444),-0.0007958968024828745,0.005573624121979785
HPO__HP:0005562,Multiple renal cysts (HP:0005562),-0.0008869587606393563,0.0017712944747168787
HPO__HP:0004734,Renal cortical microcysts (HP:0004734),-0.0009510578100353967,0.0018722734524745529
HPO__HP:0005938,Abnormal respiratory motile cilium morphology (HP:0005938),-0.0009693970493197015,0.005918286247864068
HPO__HP:0032341,Reduced forced vital capacity (HP:0032341),-0.0010192685522260078,0.009763746737736374
INH_XL,Inheritance: XL,-0.0010829568376124299,-0.0046834608864358565
HPO__HP:0012256,Absent outer dynein arms (HP:0012256),-0.0011314332073136444,0.04009524979952938
HPO__HP:0002837,Recurrent bronchitis (HP:0002837),-0.0011522562320712367,0.014625100114719417
HPO__HP:0000108,Renal corticomedullary cysts (HP:0000108),-0.0011673982015771797,0.002351438718111719
HPO__HP:0008499,High hypermetropia (HP:0008499),-0.0012324499737808906,-0.004233426702072598
HPO__HP:0031417,Rhinorrhea (HP:0031417),-0.0012465033878173242,0.020698790904389447
HPO__HP:0012259,Absent inner and outer dynein arms (HP:0012259),-0.0012690072361677205,0.02161776907222146
HPO__HP:0012384,Rhinitis (HP:0012384),-0.001314246187952062,0.033937352632149996
HPO__HP:0000548,Cone/cone-rod dystrophy (HP:0000548),-0.0013269027849583356,-0.027781506337749583
HPO__HP:0012262,Abnormal ciliary motility (HP:0012262),-0.001367306261722816,0.015357415495779063
INH_AGE_RELATED_ONSET,Inheritance: AGE_RELATED_ONSET,-0.001371204262106474,-0.001691705226430659
HPO__HP:0100750,Atelectasis (HP:0100750),-0.0013836610003397118,0.024173115154717952
HPO__HP:0032948,Renal interstitial fibrosis (HP:0032948),-0.001577339025914677,0.0025719764631948793
HPO__HP:0002783,Recurrent lower respiratory tract infections (HP:0002783),-0.0016218368338123945,0.00814224895794551
HPO__HP:0002392,EEG with polyspike wave complexes (HP:0002392),-0.0016436193403353294,-0.002035694606300014
HPO__HP:0012263,Immotile cilia (HP:0012263),-0.0016441421165558434,0.0583863997542126
HPO__HP:0025147,Beaten bronze macular sheen (HP:0025147),-0.001857275245269119,-0.0026137869960228153
HPO__HP:0002133,Status epilepticus (HP:0002133),-0.0019022960281422792,-0.0010283708416590153
HPO__HP:0030211,Slow pupillary light response (HP:0030211),-0.0019344551852816488,-0.005812331252322788
HPO__HP:0007193,Bilateral tonic-clonic seizure on awakening (HP:0007193),-0.0019387173921774608,-0.002109140515761939
HPO__HP:0008527,Congenital sensorineural hearing impairment (HP:0008527),-0.0020250540188930005,-0.0002266068359517847
HPO__HP:0200073,Respiratory insufficiency due to defective ciliary clearance (HP:0200073),-0.0020338698873104922,0.04851789052276088
HPO__HP:0025010,Foveal atrophy (HP:0025010),-0.0021334364219026806,-0.0026715892384633487
HPO__HP:0000789,Infertility (HP:0000789),-0.0021998355537490165,0.053353629714390734
HPO__HP:0030553,Visual acuity no light perception (HP:0030553),-0.0022400352149462275,-0.0030231153748530573
HPO__HP:0030515,Moderately reduced visual acuity (HP:0030515),-0.0022705117410869017,-0.004613234042430492
HPO__HP:0032122,Very low visual acuity (HP:0032122),-0.0022705117410869017,-0.004613234042430492
HPO__HP:0200070,Peripheral retinal atrophy (HP:0200070),-0.00227076171094945,-0.0032538253046609914
HPO__HP:0012426,Optic disc drusen (HP:0012426),-0.0022871967719299145,-0.005383376959502844
HPO__HP:0030466,Abnormal full-field electroretinogram (HP:0030466),-0.002333934294613407,-0.005817806732220881
HPO__HP:0008002,Abnormal macular pigmentation (HP:0008002),-0.0023482260156559944,-0.001937685716511836
HPO__HP:0000092,Renal tubular atrophy (HP:0000092),-0.002367428963669254,0.003147935162405016
HPO__HP:0000980,Pallor (HP:0000980),-0.0024269363456588524,-0.004665753598809719
HPO__HP:0030672,Asteroid hyalosis (HP:0030672),-0.002479251950148189,-0.003896974725238335
HPO__HP:0033036,Decreased nasal nitric oxide (HP:0033036),-0.002532381326993951,0.1097194074207522
HPO__HP:0030844,Undetectable pattern electroretinogram (HP:0030844),-0.002546432409224677,-0.0008425250968373176
HPO__HP:0031605,Abnormal fundus pigmentation (HP:0031605),-0.0025496816631453605,-0.004778945912493503
HPO__HP:0008001,Foveal hyperpigmentation (HP:0008001),-0.0025867451208832874,-0.0008824062847042524
HPO__HP:0007000,Morning myoclonic jerks (HP:0007000),-0.002677751444232411,-0.002677470410820443
HPO__HP:0000541,Retinal detachment (HP:0000541),-0.0027446710697186464,-0.003078835510366162
HPO__HP:0000575,Scotoma (HP:0000575),-0.002764788828468065,-0.0018718459418365155
HPO__HP:0000552,Tritanomaly (HP:0000552),-0.0028913606469881396,-0.002697346427250711
HPO__HP:0007830,Adult-onset night blindness (HP:0007830),-0.002932687446708579,-0.001996167744138509
HPO__HP:0034272,Perifoveal hypoautofluorescence (HP:0034272),-0.0029537169247978853,-0.0024194773683813013
HPO__HP:0012508,Metamorphopsia (HP:0012508),-0.003015925745379195,-0.0033737828381708353
HPO__HP:0100018,Nuclear cataract (HP:0100018),-0.0030326864239577536,-0.002699332536936258
HPO__HP:0008043,Focal retinal arteriolar constriction (HP:0008043),-0.003262852416936677,-0.0037966900906556667
HPO__HP:0012043,Pendular nystagmus (HP:0012043),-0.0033468019442919974,-0.004508098192183286
HPO__HP:0031609,Macular geographic atrophy (HP:0031609),-0.0033773180356514985,-0.002889947753416179
HPO__HP:0007703,Abnormal retinal pigmentation (HP:0007703),-0.0034674299917085223,-0.006827360578961518
HPO__HP:0025158,Hyperautofluorescent retinal lesion (HP:0025158),-0.0034740174727181136,-0.0017076766375596988
HPO__HP:0002123,Generalized myoclonic seizure (HP:0002123),-0.0034847955049124813,-0.0015356774294995375
HPO__HP:0001116,Macular pseudocoloboma (HP:0001116),-0.0035453729264057527,-0.003448919793050935
HPO__HP:0012045,Retinal flecks (HP:0012045),-0.0037213535176978964,-0.00472674278668622
HPO__HP:0007675,Progressive night blindness (HP:0007675),-0.0037992173181867392,-0.004638154976945189
HPO__HP:0000577,Exotropia (HP:0000577),-0.003815347204761191,-0.004420352710068834
HPO__HP:0030505,Nummular pigmentation of the retina (HP:0030505),-0.003878770996388535,-0.0027130909650447477
HPO__HP:0002373,Febrile seizure (within the age range of 3 months to 6 years) (HP:0002373),-0.003965152869160481,-0.0031113310891990476
HPO__HP:0001105,Retinal atrophy (HP:0001105),-0.004062498326486102,-0.010553622603304847
HPO__HP:0001099,Atrophic fundus lesion (HP:0001099),-0.004124592688062806,-0.00444653806565154
HPO__HP:0011108,Recurrent sinusitis (HP:0011108),-0.0041840135535656554,0.10044789106856611
HPO__HP:0030786,Photopsia (HP:0030786),-0.004203809841265695,-0.004380450896128191
HPO__HP:0002257,Chronic rhinitis (HP:0002257),-0.004286855995288868,0.08269062817761655
HPO__HP:0040049,Macular edema (HP:0040049),-0.004834540198181285,-0.005054880846056042
HPO__HP:0007641,Dyschromatopsia (HP:0007641),-0.005197467030990683,-0.005103440925345526
HPO__HP:0001483,Eye poking (HP:0001483),-0.005320457991938353,-0.011350879872292215
HPO__HP:0008323,Abnormal light- and dark-adapted electroretinogram (HP:0008323),-0.005779506658449351,-0.004825596761271143
HPO__HP:0030529,Ring scotoma (HP:0030529),-0.005810584014805343,-0.00414047178779521
HPO__HP:0002121,Generalized non-motor (absence) seizure (HP:0002121),-0.0061625469491448925,-0.004213147840319981
HPO__HP:0001751,Abnormal vestibular function (HP:0001751),-0.006402900386415788,-0.0017936957027063834
HPO__HP:0000654,Decreased light- and dark-adapted electroretinogram amplitude (HP:0000654),-0.006664107457843309,-0.005118930476008825
HPO__HP:0030629,Perifoveal ring of hyperautofluorescence (HP:0030629),-0.006769016993851772,-0.004196907989640863
HPO__HP:0001141,Severely reduced visual acuity (HP:0001141),-0.007096930786741845,-0.010858493398080028
HPO__HP:0012265,Ciliary dyskinesia (HP:0012265),-0.007151024639528809,0.13526054880925303
HPO__HP:0000512,Abnormal electroretinogram (HP:0000512),-0.007248133586136798,-0.0313061056730023
HPO__HP:0500087,Peripapillary atrophy (HP:0500087),-0.007389562961650032,-0.006281574582476319
HPO__HP:0030825,Absent foveal reflex (HP:0030825),-0.008385626187614768,-0.009384373236734904
HPO__HP:0011003,High myopia (HP:0011003),-0.008778305021630928,-0.00662662416765037
HPO__HP:0002110,Bronchiectasis (HP:0002110),-0.009878006957356905,0.16632223252278858
HPO__HP:0011504,Bull's eye maculopathy (HP:0011504),-0.012896506696158647,-0.01082518556331123
HPO__HP:0007688,Undetectable light- and dark-adapted electroretinogram (HP:0007688),-0.013163342387630993,-0.012424218377440685
HPO__HP:0001123,Visual field defect (HP:0001123),-0.01463808353083126,-0.01042674073951898
HPO__HP:0007401,Macular atrophy (HP:0007401),-0.014855357730140987,-0.027661602198232313
HPO__HP:0000603,Central scotoma (HP:0000603),-0.015732678397213925,-0.012554021595265445
HPO__HP:0011505,Cystoid macular edema (HP:0011505),-0.015930103008983634,-0.013128425465314128
HPO__HP:0000533,Chorioretinal atrophy (HP:0000533),-0.016561666162049554,-0.015880505952138458
HPO__HP:0007787,Posterior subcapsular cataract (HP:0007787),-0.018657960817973617,-0.027785821639858408
HPO__HP:0000505,Visual impairment (HP:0000505),-0.019596157870182738,-0.04920537049143564
HPO__HP:0007722,Retinal pigment epithelial atrophy (HP:0007722),-0.020564278393605792,-0.015400883481007615
HPO__HP:0000551,Color vision defect (HP:0000551),-0.023790336151793746,-0.026878497137277597
INH_AD,Inheritance: AD,-0.03553253787136291,-0.17206873290471814
HPO__HP:0000613,Photophobia (HP:0000613),-0.03983031193177538,-0.04962884699098715
HPO__HP:0000510,Rod-cone dystrophy (HP:0000510),-0.04134310150272948,-0.1013124395523157
HPO__HP:0000543,Optic disc pallor (HP:0000543),-0.04523493709960705,-0.10335811509114055
HPO__HP:0001133,Constriction of peripheral visual field (HP:0001133),-0.05399956128178688,-0.05457041139475236
HPO__HP:0007843,Attenuation of retinal blood vessels (HP:0007843),-0.06409921039295179,-0.07652565027266124
HPO__HP:0007663,Reduced visual acuity (HP:0007663),-0.06426351697360275,-0.09302057036490699
HPO__HP:0000662,Nyctalopia (HP:0000662),-0.07168041597934181,-0.10417959974296759
HPO__HP:0007737,Spicular pigmentation of the retina (HP:0007737),-0.07478260693594378,-0.07382960685184375
