,mean_over_families,Autosomal Dominant Polycystic Kidney Disease,Bardet–Biedl Syndrome,Cone-Rod Dystrophy,Cornelia de Lange Syndrome,Cranioectodermal Dysplasia,Holoprosencephaly,Joubert Syndrome,Juvenile Myoclonic Epilepsy,Leber Congenital Amaurosis,Meckel–Gruber Syndrome,Nephronophthisis,Orofaciodigital Syndrome,Primary Ciliary Dyskinesia,Retinitis Pigmentosa,Senior-Løken Syndrome,Short-rib Thoracic Dysplasia,Spinocerebellar Ataxia,Spondylometaphyseal Dysplasia,Usher Syndrome,Visceral Heterotaxy
SYS__limbs,0.005801678836591422,0.0047956243622322,0.011085014192067763,0.005770438580789047,0.001553620720496719,0.0020415730495411074,0.0011188551084579134,0.005219935022655934,0.004245258370988779,0.006698932674301623,0.010191598836793998,0.007034952946673101,0.009747045284366119,0.0071101187951415,0.00464400728423155,0.003231279431144385,0.00888698176159431,0.0011252942297798841,0.008997756876971734,0.007266533172937106,0.005268756030663595
SYS__genitourinary,0.005519049662137401,0.0074281278544366626,0.005729781626987097,0.008301117983722493,0.0003717723685130888,0.001325716571612033,0.003102933500876479,0.0020758178084302483,0.006016362245370448,0.008221405998170676,0.007265002435516902,0.010920800460499182,0.003906579822481706,0.0011405362026854597,0.009330385756359989,0.010168388063499201,0.003908317333792316,0.003791129666731273,0.005698364975467229,0.010234042448046866,0.0014444101195486407
SYS__skeletal,0.005132509115361396,0.003453835601718289,0.007137688639203091,0.008493453924838728,0.0010434482965415576,0.0010135618215822504,0.004383108480512035,0.007248018257457892,0.006365581153201184,0.008872800672903936,0.006778609196744873,0.006328866288915403,0.004832142903332666,0.004755555384398259,0.006639794139295282,0.0040069791683233005,0.004306703980219998,0.004341650300277505,0.004918593401816335,0.00671204592204653,0.0010177447738988314
SYS__head_neck,0.004327243617796504,0.0032959444356606468,0.0013159214177681905,0.005395700948032,0.0011963080589285525,0.0016287457877564079,0.004600578450504214,0.0034834681850323935,0.001143564883704043,0.005513091767783279,0.009237065349822054,0.007294039841271052,0.007373884231634582,0.009398298258080567,0.005914443036555541,0.005953819840372414,0.0027830287919778755,0.0027333447996168276,0.0026381954112237736,0.00462415577170549,0.0010212730885002144
HPO__HP:0000510,0.004085403781709751,0.002576674243588737,0.012721979267410886,0.005727114337965674,0.0005618043943140784,0.0004989573190288967,0.0014348781990019134,0.00283412222638238,0.0025794875813086055,0.004080651903755436,0.003458353957292504,0.004828957757889027,0.0027831438841170457,0.0023633617874069656,0.013386260424712706,0.005389807752616671,0.001762336451152529,0.0023305126088458005,0.0004173365566706315,0.009249718559967583,0.002722616420766982
INH_AR,0.0039447546517198655,0.00943008441946562,0.0033300360612250877,0.0031296553764421082,0.0018701559685690232,0.0007268821489798217,0.006872399083375376,0.004748063833611999,0.008967619848176516,0.005151211036000262,0.0038036859756597104,0.005149516579884213,0.0020139471519083256,0.0033034129768143078,0.0009049967458659275,0.004050575864837706,0.002913262657894526,0.007593116192962887,0.000873693660218253,0.0034841982817436445,0.0005785791707619839
SYS__eye,0.003551848360733843,0.007872643881281118,0.002842984542769764,0.004764983150980476,0.00048348271043928935,0.00013485483526884794,0.0022506972528027465,0.003402006221121832,0.004032608572391743,0.0049753305624131924,0.0032421207218468807,0.004465809967143462,0.0006439108269836573,0.0071740123473865635,0.004942881923898152,0.004739603296614552,0.0007440408054840539,0.0020918882252142475,0.0024990640358654257,0.0047510256566609885,0.0049830176781098575
HPO__HP:0000090,0.003170328390578907,0.0027055473434285625,0.0026589715170201745,0.0024479000357868204,0.0004511846845838706,0.0010295269435537078,0.000929878447661738,0.0021303305887359772,0.0017496593668184664,0.003029148423161358,0.002407832752906582,0.013792177167649864,0.0015437402448510796,0.001968752750745437,0.0032239018322171792,0.014776382567952405,0.0008278840293482432,0.001486695915535257,0.0013312025328351598,0.002959402644729201,0.0019564480220570515
SYS__growth,0.002842383709079714,0.003031622860566473,0.00905887190215985,0.0031440707401182272,0.0011841265302431115,0.0011440458170649476,0.00043535133751267563,0.0008541942082942753,0.002253284526016964,0.002286599675659811,0.003843921055083055,0.000865766406804241,0.002513570554663239,0.0016944122393239148,0.00324798138323156,0.0015433099679407923,0.003011352844533522,0.0027364355074056363,0.006897070818562383,0.0036835113023034583,0.0034181745041061574
SYS__ear,0.0021966754386985752,0.0013393000782410238,0.0012467173031077145,0.0031100627196276476,0.00019172427305714528,0.00016760736355050064,0.0004714993590709035,0.000523738051965323,0.0009428710547720689,0.003326173202021524,0.0005300116925083269,0.0022036324123300014,0.003220819405728756,0.003698714057131568,0.004308879662634801,0.0025672687653761784,0.00024965229750762027,0.001155395560841527,0.0006175929185965432,0.012938709083598218,0.0011231395123041097
INH_AD,0.0021724195334841354,0.006836194607111765,0.0023417930050588375,0.0005160097666983977,0.00012264130427215708,0.00040716750088585726,0.0044664317670427105,0.0018455375407715885,0.003632596637774357,0.0006510077550263392,0.002429964199630005,0.0014238076435529727,0.0017692651166709642,0.0019536826220102,0.0005374645866153586,0.0031448138361743288,0.0015639146694308632,0.004784401420683626,0.0006056270492741438,0.003944328984798799,0.0004717406561994278
HPO__HP:0002110,0.0020318938184152235,0.000927558978361398,0.0008279325462142404,0.0011853870175798486,0.00018995402538775314,0.00027787611802058325,0.0006814898515311321,0.0013177343694127084,0.0007901009349653618,0.0011792593088653027,0.0014968397078815856,0.0010978010582568857,0.0012342453629948411,0.020318938184152327,0.0011387315706670852,0.0008135285335782649,0.001093111538102941,0.0008567531631437604,0.0009785271754236993,0.0015466842097306345,0.002685422714034108
SYS__respiratory,0.001972571026403628,0.0017629359664813819,0.0013635136065970113,0.0016576404236091202,0.00016554751530919014,0.0011086866754365771,0.0012020550461626068,0.001169302718980087,0.0016234317848926672,0.0017534187374372446,0.0017544271516856528,0.0015181867020424614,0.0007097945667031383,0.00814837600292659,0.0023033476074129163,0.0007575000927992986,0.002861257824090332,0.001582066722707765,0.0004499449623665756,0.0021903754054387915,0.0053696110149931454
HPO__HP:0003774,0.001961666335577511,0.004467416296968209,0.0004855397760472439,0.0019153925129751373,0.00033208142372321376,0.0007681685219153617,0.0007962378998617574,0.00043784920263202377,0.0015558254646949043,0.002152646615119966,0.000422267630349805,0.007867245511624476,0.0012148697479397658,0.0017013454437580261,0.0021273260686925834,0.006145240425576843,0.0002895990670093079,0.001505885034821993,0.0010083934531688844,0.0021364298617650396,0.0019035667529056677
HPO__HP:0001260,0.0018792928765820646,0.001098372930288492,0.0009749365728831164,0.0017392184929590074,0.0002570277015925813,0.00023745723757742632,0.000986903929258656,0.0009098380061493237,0.0008776820076033264,0.0016930551922945463,0.0012130021900186255,0.0010885361852724193,0.0008404428688172213,0.0009099301780659797,0.0016577170468237712,0.0009354483377822792,0.0008059962228112931,0.017942146442758777,0.0009152530921840398,0.0015061840815386355,0.0009967088149617847
HPO__HP:0000662,0.0018730007295739246,0.0012359879189331692,0.00032452683312141095,0.0007280640757259562,0.00017207591377182616,0.00014556718991892118,0.0008565811158263784,0.0015824458020180774,0.0019388018612881003,0.0055361399171352495,0.0011898123455580838,0.0022666293152908802,0.0008381114244151727,0.0012091763685839329,0.011664411662298545,0.0025877093155501846,0.0005531609468888188,0.001479269350956303,0.0007709514723335528,0.001109111415213112,0.0012714803466508497
HPO__HP:0001513,0.0017737576439266131,0.0009012984205460734,0.015357226522284098,0.0010399050579900663,0.0003233322052256008,0.00044053477787824605,0.0009060715767434242,0.0013407066343660528,0.0006574955212044393,0.0011567278437848532,0.001812806542220233,0.0013601248927632974,0.0016561176698544034,0.000983976415841577,0.0009770379694369223,0.001939502571587782,0.0005256890733256058,0.0008628485830741911,0.001194778892311169,0.0011476963294463566,0.0008912753786478747
SYS__abdomen,0.0017734453576815526,0.0034439770898128854,0.001711171234103479,0.002386982569016844,0.0007071532800495503,0.0007000368352218247,0.0007083157501133272,0.0014045310915146002,0.0019871984492171994,0.0017526679368320536,0.0014324946695155705,0.0003546987918082776,0.0003953625135096485,0.001939326502971621,0.002690834130056102,0.0008067331636925318,0.002866441038733561,0.0013527578128870897,0.0006262673244724005,0.0024766030896095233,0.005725353880492961
HPO__HP:0007663,0.0015455198112502026,0.0009587367079670052,0.00042821190111303896,0.006690818901324949,0.00014034289711284474,0.00012403159165270895,0.0005858365703043354,0.0011463678900589201,0.0013945414498013264,0.005720190089292595,0.001011752487076447,0.0015977275898676094,0.0007696950061548235,0.0011532215115658661,0.00279987419913947,0.0009789663134080742,0.000806396712926338,0.001321548306737763,0.0008227284242545446,0.001386509540704638,0.0010728981345407387
HPO__HP:0001156,0.0014437549317942524,0.0006785947160213233,0.002531742020141759,0.0007740676456141893,0.000515230620211079,0.002281985323863018,0.0006401646298849127,0.0013011629400765756,0.0004665491144586377,0.0009887234949458158,0.001866044764041639,0.0010733391729497409,0.0019252234211447666,0.0012133548754388553,0.0010413259208592437,0.001148754605412271,0.007172212137238706,0.0008769777508022948,0.0004080969743959934,0.0008764452584673433,0.0010951032499169034
HPO__HP:0001263,0.001408040852551645,0.0007618327403295685,0.002937142533578869,0.001235389859555333,0.0005276000578787189,0.0001289057301907808,0.0029293888222550767,0.007031041206277498,0.0007229564512100618,0.0010793747432741687,0.0012513484888490784,0.000783018942752775,0.0005198996216965146,0.0009835183630697518,0.00127452595444825,0.0005727726474020083,0.001398737877351665,0.0007781217432516801,0.0006004652581426343,0.0015192463491890845,0.0011255296603293794
HPO__HP:0000822,0.001316250497333158,0.011138560772282334,0.0002494893379054044,0.001028318125050044,0.00015928626198910654,0.0001424522408260871,0.0005904914516541589,0.0007795908722282173,0.0009834883731019298,0.001034998816068716,0.0010814973096269222,0.0015853111994995977,0.00017191542439755556,0.0012116788897738235,0.0011582367735796738,0.0012246882083186718,0.0006674115552940693,0.0008805006165379125,0.00024553104690924776,0.0008292461253748258,0.0011623165462448643
HPO__HP:0002085,0.0013044930421152764,0.0005592650357947172,0.001190433448206379,0.0006716148609364822,0.0001676847041685919,0.00023550974390185438,0.0004972763117634456,0.0007377809504592453,0.0005813116970278258,0.000883074182649178,0.01236573428342085,0.0008272607913145892,0.00035757600314671755,0.001000306020139545,0.0008749496318586934,0.0007485087252955555,0.0012077668391916223,0.000731323424729056,0.0008959438858763845,0.0008524920599274586,0.0007040482424973646
HPO__HP:0000548,0.0012991521277662093,0.0006003101741455377,0.0008101534320785835,0.011789289410529282,6.080486547166928e-05,9.284898031172382e-05,0.0003371702867303993,0.0006574745951280946,0.0010989027246674902,0.0014426866598174163,0.00046835833740337606,0.0009128592407349648,0.0004121327116988892,0.00054857881961186,0.002278120220532091,0.0009116708552699861,0.00041948321894297097,0.0007881542451625724,0.00039884347011025364,0.0013954728582504872,0.0005597274487265366
SYS__nervous_system,0.001287384903494429,0.0004004502463019561,0.001669561070158747,0.000329929356665773,0.00013314087968815575,0.00014109123193661822,0.0010123089150475696,0.0018133957154832234,0.0027932790299432858,0.00084694003573275,0.00213919217726893,0.0009594518045458592,0.000519467636810042,0.002576915597718693,0.004448867297773964,0.0010039173185079119,0.0007312859129384781,0.001430963080524038,0.00040473557435024345,0.0004766779509416959,0.0019161272375506561
HPO__HP:0000774,0.0012473515639026245,0.0004643449333720205,0.0012581628756265415,0.0005093608384627597,0.00026909623309783034,0.002292443095457149,0.0005603895925544631,0.0014300457434207236,0.0003749446623731899,0.0006108155395802221,0.0003659975743283437,0.0006597494494617218,0.0015873375179821156,0.0010429654340557504,0.0007303468601425955,0.0006785272122132278,0.007240201861708332,0.0005227422977215637,0.002889886308747876,0.0005749701513050468,0.0008847030964410149
SYS__immune_system,0.0012104601105705078,0.00038802019558073476,0.0006134679808657282,0.0009170470649601004,5.7273614998246196e-05,0.0005052804968747476,0.00017136880058324244,0.000786620795418122,0.0008831931744260339,0.0012723139434498243,0.0010863231123964493,0.00045967229603955143,0.0007342875015198812,0.007020854004993426,0.001400443428560393,0.0010801060922914097,0.0003325842412420227,0.0005370972101962879,0.00040439356891598064,0.0016049632199123423,0.003953891468185643
HPO__HP:0007737,0.001184890736544158,0.0004960075350881787,0.001366956672655331,0.0011550284862448755,6.532621405678975e-05,3.40258653034825e-05,0.00030152897386695026,0.0009045033504604894,0.0007950474746449659,0.0019062870376978978,0.0004948630185455918,0.0008182348727715795,0.0004240968892508799,0.00044274389306429125,0.009328044644305008,0.0009580704256538336,0.00031907630243010234,0.0005181399115695107,0.00046632075559878015,0.002337654417179173,0.00056585799049547
HPO__HP:0000639,0.0011784044645418773,0.0009574278063365644,0.0006701405038661731,0.0012238933593205058,7.367695183381732e-05,0.00041245551561988223,0.0005133876384770455,0.0008750515626774877,0.0005863355690882579,0.007100504425723838,0.0011240424800745858,0.0008888151948389022,0.0007466596003561312,0.0008894254367250796,0.0027607895080788134,0.0006399242248156622,0.0006150127209648678,0.001643274894847058,0.00027833934318069757,0.000620663862698409,0.0009482686913137671
HPO__HP:0000252,0.0011518662891353833,0.0007216689988992095,0.0008153798935130992,0.0007586990296763476,0.0020650660177640363,0.0003440640846047216,0.006560999855906932,0.0009097757216622328,0.0006628203561381905,0.00082216851734857,0.0010396338234542964,0.0006000438210533051,0.0014653958692052776,0.0009044322526289354,0.0008993727225370719,0.000676142526559569,0.0007695654376824356,0.0010398172756434687,0.0007611161784741499,0.0008062932145872951,0.0004148701853685292
HPO__HP:0001651,0.0011341961678450598,0.0004281145276181838,0.00020403722400179355,0.0008968148938049703,0.00013544150889836237,0.00017574324782595907,0.00046836516589981525,0.000860308142390201,0.0006225961027273798,0.0009695392452432467,0.0007172639990376109,0.0010586883075110142,0.0006275290004835332,0.0013408599088166157,0.0009567294269602617,0.0006275860223221003,0.000617420932930478,0.0006517325457904332,0.0006790234125615821,0.001015648752206247,0.009630480989871418
SYS__cardiovascular,0.0011170033844179477,0.003113384529608656,0.0001881331912439907,0.0008865787483330608,0.0002645883942611455,0.00018362948976355438,0.00022042822832182515,0.001245142495361987,0.0020999345056291687,0.0006632672414256535,0.0011101476272265506,0.00031743595710189906,0.0003445618473280876,0.0011482421909695842,0.0021642835903191355,0.002265366171463627,0.00021386093892521423,0.0016454986132015262,0.0003167694208935046,0.0011099938929760931,0.0028388206140046945
HPO__HP:0002121,0.0010814959840113653,0.000675990975463081,0.0003927712545703864,0.0011581356530447784,8.465896535013533e-05,6.761166143481859e-05,0.00044348754019370856,0.0005939553821978866,0.0108149598401137,0.0010212340779763552,0.00044752303040260005,0.0006319114793245323,0.00031501395106117036,0.0006184022725981337,0.0009633929198571662,0.00048156027547086505,0.0002893144682782057,0.0008601085253178357,0.00044048383194648824,0.0007969085001255051,0.0005324950754999495
HPO__HP:0000601,0.0010659298845338541,0.0005633945368750573,0.0005905347181628718,0.0006228302057275456,0.00029402880511725194,0.0006835672683818459,0.009973778679941772,0.0009584799263057885,0.0004671318489851657,0.0006089262482695777,0.0002989000754540529,0.00046417035092675697,0.0007636542164007183,0.0006067403424952037,0.0007324923855131872,0.0004935646304227297,0.0005289295126292161,0.0008133849844696952,0.0005686509048270999,0.0006291914865632759,0.0006562465632082584
HPO__HP:0001272,0.001056612468660461,0.0007192320159237621,0.00042352061986381065,0.001017810346656947,0.00014635885188352284,0.00010410279159007731,0.000200739931911777,0.0007309274775010388,0.0009723186618766171,0.0009329531706226949,0.0005125155800409952,0.0006013361948536077,0.00041094280973682856,0.0005752596417773001,0.0009761185458912751,0.0004654621617584816,0.0004174172971750177,0.010030049813570634,0.0005289683131361379,0.0008622798255044074,0.0005039353219342831
HPO__HP:0002419,0.0010081700772819713,0.00037205706914969863,0.001138915509510081,0.0005746760176930099,0.00016001688208824044,0.00019333099430243934,0.0004886799912676431,0.007995837785140202,0.0002863743717214093,0.0007369958542561755,0.000583653775636971,0.0009032931862526941,0.000993613367086044,0.0008275740040249318,0.0007615977538261624,0.0008330550128530022,0.0005525544518328527,0.0005857125345791297,0.0008117853854210343,0.0007432333107440237,0.0006204442882536761
HPO__HP:0002066,0.0009602318156891075,0.0005916429707051546,0.00038374721189600935,0.0008264258463148973,0.00012869813711922999,8.710963965687376e-05,0.000484959117840133,0.0003761018520890132,0.000901606486287795,0.0008999236651764594,0.0004816358818704621,0.00045266504008703264,0.0003596330823503069,0.0004190003106255002,0.0008536602403805438,0.0003549859328814423,0.0002936373689377807,0.00960216357304626,0.000462164066773234,0.0007968962689280465,0.0004479796208159784
HPO__HP:0007843,0.0009388491947634565,0.000602494808011968,0.0007022392357523812,0.0006597978620820662,6.415784081203022e-05,7.945647998507181e-05,0.0005029224817974026,0.0009187577285258524,0.0008574955254764747,0.0032400871949430387,0.0006275530096677665,0.0010407940083581395,0.0004208785429643862,0.0005822919194272904,0.004791879450577686,0.0011431493521996288,0.00011629782977456425,0.0006243003311779441,0.0005080210594133145,0.0005660634320237379,0.0007283458022983857
HPO__HP:0012265,0.0009219656832481863,0.00043088709868607176,0.00034644188013530975,0.0003951156873257479,0.00010860150718511032,8.438619349984241e-05,0.00030581663350446177,0.0006573545537743803,0.00041302889509442205,0.0004929719996003018,0.0006787814763124793,0.0005920316796931329,0.00046466257528940397,0.009219656832481759,0.0005580154233160557,0.00036276927415559545,0.00034008224599986773,0.00035978211782912266,0.00034245753853926223,0.00070866567877853,0.001577804373762871
HPO__HP:0001696,0.0008892491041752221,0.0002983612331468415,0.00035585496409639014,0.0005078195134624038,8.744699272922688e-05,0.00017425022953393036,0.0004951066229598979,0.0007315384354595194,0.0005660639745982062,0.0005802668171138353,0.00045000318822012225,0.00018602383881584212,0.000876760985665425,0.004565787627349141,0.0006884466636601632,0.0005712612909932032,0.0007352979270744405,0.0004942581665559511,0.0005382727784478627,0.0006717360002063995,0.004210424833415649
HPO__HP:0002373,0.0008598411524991235,0.0005993857587647817,0.0002875369327490676,0.0007101158444795546,7.26887620031529e-05,8.103254881500411e-05,0.0003152906748476321,0.000465132466442108,0.008598411524991068,0.0007383486339900255,0.00033036717030967937,0.0005428011812049411,0.00030035581458163547,0.0004518199485924947,0.0008273282532745914,0.00044635130680171754,0.00029078772648999965,0.0007004837185387351,0.0003733797633962281,0.000638311963024447,0.0004268930566856176
HPO__HP:0001249,0.0008500068830466346,0.0008550217624170371,0.004472639755916701,0.0007424355955745063,0.0006800921737500052,0.00046301010776674505,0.00027568619525891757,0.0012946939393638087,0.0006453301305231845,0.0005287581747377444,0.0006109301830640401,0.00024176108437121293,0.00032450402090182366,0.0007189961920990878,0.0013302290601751796,0.0003386830387234445,0.0007556800826439758,0.0002952017596811641,0.0009124242413122634,0.0008925217348832849,0.0006215384277685593
HPO__HP:0001751,0.0008498018472555722,0.00027069821554923963,0.00037525977565439994,0.0007799219036038707,3.932496722102617e-05,3.956640138295371e-05,0.00022862262886555958,0.0004594281183052654,0.0005072866161610703,0.001036156752844657,0.0002951739793488357,0.00046465599087256034,0.0002830901154201059,0.000505763847733551,0.0014227470975813508,0.0005193054916268872,0.0002247539191906849,0.00042079140784275507,0.0002625705043727089,0.008498018472555543,0.0003629007389784128
HPO__HP:0000083,0.0007791990747121375,0.0049972189456974556,0.0013892194949574868,0.0006097761734344731,6.69287424663294e-05,0.000161715209336682,0.000335291801647333,0.0005662847064886796,0.0005105802907922428,0.0006723391361523521,0.0006060703945392785,0.0005846677759286476,0.0005093225963353992,0.0005457731222517431,0.000622486355874486,0.0007524827165073889,0.00048686094636157476,0.0005720885239843766,0.0004171778718633164,0.0006203934110720804,0.0005573032785514192
HPO__HP:0011108,0.0007701034088507378,0.0005525436894407701,0.00038515944952959285,0.00032827544156481834,6.424768198036852e-05,0.00012259752917433462,0.00026277804010977506,0.0005509223366251441,0.0002855814815985938,0.0003676227075745646,0.0006110846794742137,0.0005099794551569454,0.0004581938635545067,0.007701034088507388,0.00039622479428836883,0.0003490073153138313,0.0004222694135543572,0.00031597738053100807,0.0003664852396318407,0.0004336090589263087,0.0009184745304780331
HPO__HP:0000657,0.0007551643104522856,0.00029641785671692705,0.0007591249527295796,0.0003724628621039574,0.000162922616916919,0.00011016253690558278,0.0003705178858786742,0.007184083412270421,0.00030874515181038525,0.00047220951217367133,0.000318514197511299,0.0005661476794948978,0.0009019901123727405,0.000568193590101934,0.000505718173614342,0.0005263546206900117,0.00018901783386373661,0.0001754293850664983,0.0004777516083707576,0.00041716117536603375,0.00042036104508734186
HPO__HP:0004322,0.0007179500303207507,0.0004901053164611776,0.0006785946533774702,0.00034340622081470976,0.0008751781556450683,0.00047665327058060903,0.0002438752796704659,0.0004490158044472587,0.0003146186499653071,0.00032826366849383377,0.0009066321157187234,0.00046169463931951726,0.0024630298730319504,0.000641983246351044,0.0004699847648802754,0.0003892507758680655,0.0020149668237932194,0.00041918495359201375,0.0013507966597804649,0.00034585738122782533,0.0006959083533960189
HPO__HP:0001407,0.0006757092867898831,0.006049849313748146,0.000453288445157801,0.0004703628122714621,0.00011862548680239181,0.00022849437125051144,0.00024398609150790403,0.0004743202027495432,0.0005233435516054777,0.0004812533404264963,0.00020462756738885053,0.0007717402805925842,0.00011136976394202465,0.0004834765482643423,0.0006987045097313894,0.00020959974255041816,0.0001832571025109103,0.0004580484174212351,0.00030239687737054196,0.00046386649191087494,0.0005835748185947627
HPO__HP:0000687,0.0006744898956592172,0.0003187414424666681,0.0006130249809418066,0.0002661601055636031,0.002083395655231765,0.004380242831430885,0.0003817608709493235,0.0005556616935198625,0.00021497289345744606,0.00030956231420182085,0.0005312295381885411,0.00029695785859329004,0.0005736356221026863,0.0003699289965121268,0.0003324620303658576,0.0003952713726562157,0.0003936877478910016,0.0003128728274481735,0.0005123824800427795,0.0003133571651459024,0.0003344894864745782
SYS__endocrine,0.000673832402045332,9.7452004802759e-05,0.003083348187605031,0.0003754235280130348,0.00013598593974166313,0.00013553510741023546,0.0027572538054236855,0.0005027985056615123,0.00027457249557883833,0.0004163083902512162,0.0006682349538640434,0.00039010703303506714,0.0007951039070062409,0.00036588621044116645,0.0004872315104936542,0.0006943139162235122,0.00038250826895957417,0.0004303672056903898,0.0006097081677302223,0.000494654759185471,0.00037985414378931775
HPO__HP:0000543,0.0006731860853819848,0.0003647827091446337,0.00025466183236168516,0.0004702288033217377,4.1335071823570864e-05,3.2280413496122104e-05,0.0001592834028461065,0.00034006054795329287,0.0007551356696294406,0.003678653250448258,0.00029317940004094424,0.0007593634461033576,0.00024268051533513638,0.00038005470383213385,0.002671338717735938,0.0006674158507476469,0.000193152184831951,0.0005268017215148892,0.00023875214306161806,0.0008755741712902721,0.0005189871521209585
HPO__HP:0000613,0.0006594557216745744,0.0005046197852893644,0.0004654012253624209,0.004226143150481656,4.8099830062843446e-05,5.0630258289099955e-05,0.00025309744429336065,0.00054836350144562,0.0007817321168955497,0.0021772784745153336,0.00033642884875041397,0.0005015177500586206,0.000261097118578335,0.0003225065156185206,0.00047837465940041903,0.0004721006848494689,0.0002779122704655557,0.0005269847706481131,0.00027010618075488235,0.00026552882990970634,0.0004211910178222051
HPO__HP:0000369,0.000647847693128389,0.0004194626934500242,0.0010919310222366758,0.00035519016133258723,6.144630443702975e-05,0.0005379643579657632,0.0002003445823757858,0.00029101810244459554,0.0003762411948340288,0.0004625213916340101,0.0003522512442266005,0.0004097239660496523,0.004464540078962396,0.000603427512268996,0.0005226829097072833,0.0004405117752327375,0.000919493517200025,0.00038091119383472865,0.00021462341225723307,0.0004778895565910227,0.00037477888552661133
HPO__HP:0003026,0.0006303640701631117,0.00020550919787858124,0.0006230564234619137,0.0002578964442320008,7.661332529446891e-05,0.00019797771484200883,0.00022446000172394654,0.000631456289527173,0.00016496786596542705,0.00035293990264290555,0.0006526855873087968,0.0003378724578324005,0.0007168241758082617,0.0004495994508854551,0.0003894213961077541,0.00032211037583859063,0.005029834196893609,0.0002622647023188135,0.0012565820265853247,0.0003046502892960033,0.00015055957881879872
HPO__HP:0000773,0.0006298400537268787,0.0001887952848827914,0.0006473851529317651,0.00022666791353259536,9.664227709511075e-05,0.0006348402489233745,0.00023925623838545545,0.0006192515409038772,0.00019671071413240128,0.00031266509419341517,0.0008286409973577684,0.0003435541387541917,0.0003161179320484548,0.0005384723885465899,0.0003130943874506667,0.00034740421445262563,0.004630131668110627,0.0003491602954589465,0.0010253299453989392,0.0003434029089189291,0.0003992777330590555
HPO__HP:0001250,0.0006229914775437449,0.00042323761851293317,0.0002597190798903152,0.0004099528826893421,0.001545569730563753,0.00020570291177227646,0.004440466864364698,0.0002587086461620952,0.00041571614095789586,0.0005199923356748074,0.0001552413434166515,0.000131321085584727,0.00018338270680820035,0.00042533325147318826,0.0004822819509008364,0.0003974794916492783,0.00042838601526106796,0.0002995631866244392,0.0005729239294422311,0.0005055311268364153,0.00039931925228975666
HPO__HP:0002657,0.000609579398005285,0.00024527222167307903,0.0004703101637019004,0.00027028338515896024,9.351717180043701e-05,0.00014176432363400266,0.00018494502216482897,0.0005046195746601233,0.00021182954663580622,0.0002765159439075928,0.0004779963664208336,0.0002460842572130914,0.0004730226601955973,0.00040918028433437043,0.0003804089046823203,0.00022296939038618404,0.0005462786348924479,0.00028270786229062843,0.006095793980052913,0.0003208224627251727,0.0003372658035754145
HPO__HP:0002070,0.0005935848580950996,0.0003297665717440923,0.00022039135655036777,0.0005786633302526607,5.2836556567388246e-05,3.3926030872950314e-05,0.0003210200741036183,0.0004493391295750917,0.0004093032198240686,0.0005743807114402338,0.00027998365514314886,0.0003154894724539744,0.0001966802339617886,0.00024339903275552477,0.0005485170852767629,0.00029928065459360455,0.00013796482277467754,0.00593584858095099,0.00018584511364678883,0.00044254891009940135,0.00031651261931486677
HPO__HP:0000135,0.0005428249575567227,0.00020532017843174618,0.004202941259754707,0.00020431284510092528,5.2751917205657044e-05,6.155694802449788e-05,0.0002287679309206978,0.0006729807315444333,0.00011444807818999319,0.00028741611239511955,0.0005558870777151157,0.00033907558320245805,0.000386509984111931,0.00034059051880559293,0.00044027560082625253,0.001182401825420237,0.00042471591987602907,0.0003134782535542681,0.00030644062057628074,0.00029293399233696406,0.00024369377314155443
HPO__HP:0000232,0.0005329395461472307,0.0001951066005930829,0.00032497596526032146,0.0001832086231622003,0.00013049539420731998,0.00532939546147232,0.00019271708936806825,0.0003554546237628808,0.00016308458706802017,0.0002228697866874127,0.00032007202538617794,0.0002370851024310937,0.0005816473711845692,0.0003064047020654613,0.00022353622625700918,0.0001977580864654369,0.0007264611442156479,0.00019032731468530628,0.00035074440476942333,0.00018670026881097374,0.00024074614509189522
HPO__HP:0009623,0.000529050512895029,0.00017404405915241283,0.0002857185270163333,0.00021719684959326205,0.005290505128950346,0.00023586881502329524,0.0004822493988855434,0.0005740938676845181,0.0001898268524141088,0.00023673338679154038,0.0003275721915173919,0.00018078597077446278,0.00037505284575673685,0.00023660005063125386,0.00024812110974895853,0.00017377598503600495,0.00041340250682847654,0.00021847287430154763,0.0002486692972006969,0.00020722678951710577,0.00026509375107658465
HPO__HP:0002553,0.0005018824097145761,0.000188871648828665,0.00041728368454206285,0.00020978199716412837,0.004290354285360072,0.000143045932952826,0.000558034075165999,0.0007284698117856778,0.00016151332006677512,0.00020022630612859956,0.0003970274051249495,0.0001831964925890266,0.000377400655286687,0.00024529941038273846,0.0002242606756116249,0.00018313440291763028,0.00046910279581870477,0.00027110218819508805,0.0003199168425745634,0.0002627788957038564,0.0002068473680918424
HPO__HP:0002507,0.0004979689107588421,0.0002761545328777945,0.00025643847453217506,0.0003175703017007545,8.749740144824485e-05,6.970534976256877e-05,0.004979689107588359,0.0003362348509942585,0.00032916395099455285,0.00026416040882520296,0.00030415335472262116,0.00023347177412610723,0.0002826396039881259,0.000277572818352641,0.00033357007878278313,0.00022285961274562806,0.0001918328092769276,0.0003494127692145403,0.00020930774426485444,0.00029265656799130023,0.00034528670298739945
HPO__HP:0002020,0.00048611976431601166,0.00020373611323284635,0.0003681444348134493,0.00023015145376995252,0.004841211813217088,0.00017980417479338036,0.0003314681634502792,0.00037456848616747757,0.00020016977892302535,0.00025547049159846137,0.0002869923762570822,0.00020665076434383717,0.0002911148149456825,0.00019900767641039193,0.000270826417491876,0.00020078005104152147,0.00038082357740949784,0.00021862616282549964,0.0002118481216660432,0.00022196375554773743,0.0002490366584151041
HPO__HP:0000180,0.0004847698851478534,0.00014539435010671938,0.0004151195086820254,0.00019050100218293315,0.00010033620675825242,0.0001352203012846831,0.0002303358835063428,0.0004064180920937644,0.0001166250058168823,0.0002288137399182904,0.0005094107327043802,0.00021270114384920865,0.0048347343288808785,0.0004775528553527191,0.0002024763003219912,0.00018421810428240228,0.00020200446600517844,0.00020513098906005834,0.0003327147370342732,0.00030324095595612657,0.00026244899915996384
HPO__HP:0001382,0.00048233163487296856,0.00021328112661255197,0.0003671412915030837,0.00020055193139850296,0.0001659141625876393,0.004494471324003293,0.00025433199678993374,0.0003368475825931893,0.00017082966613982925,0.00020599516137029866,0.00032870837150173783,0.00023480699199656917,0.00039432314523397705,0.00028792783289943654,0.00022842148976994658,0.0002249484798737646,0.0006101551732753095,0.00021412485594927803,0.0002607725611634307,0.0002089354600270046,0.00024414409277059677
HPO__HP:0000113,0.0004818459725846894,0.003136046245274713,0.00028331464896082985,0.0003815750158641612,1.6192620238301352e-05,8.353875694465082e-05,0.00022167604562578505,0.00018298219178638136,0.00024881712346525394,0.0003850118157536175,0.0008295998604931459,0.0002700743615416439,0.00024741293048345404,0.0003373464870015571,0.0004158125100303278,0.00047678107044974577,0.000759803708748979,0.0002863549672683811,0.0002713008459453884,0.0002934937709446598,0.0005097844748728023
HPO__HP:0008905,0.00047990915913345846,0.00018338901657404897,0.0003719356830844022,0.0002135263419352694,0.00016419871506766787,0.0024872300400966395,0.00015977476976238372,0.00046764275908889097,0.00013144679968829422,0.00024231112518824426,0.0004396192841096592,0.0002448901420249306,0.0004442010905390655,0.00029217831554426474,0.00030294214820184213,0.00023067889336998593,0.00020118771608593753,0.00022528576778190273,0.002292010031639478,0.0002546336453235551,0.0002491008975627052
HPO__HP:0000092,0.00047479443342964537,0.0003761840358038048,0.000223994458567566,0.00025600591365990903,2.9598224469963887e-05,5.892039081738967e-05,9.421455055623347e-05,0.0003834207012787715,0.0001955275120874992,0.0002681452167858038,0.00019980714487358514,0.004747944334296417,0.00017293768620209852,0.00021096341228371224,0.00028910777071912175,0.0009421647819733404,0.00018499332074767156,0.00015383874129546246,0.00017403512061732335,0.00021751561137640124,0.0003165697401808276
HPO__HP:0003363,0.0004723966246104055,0.0002585140296931551,0.00023947529296949811,0.000255669476936495,4.2162989459048245e-05,6.579982939253761e-05,0.00016540701009130126,0.00028048677247232437,0.0002562118764078784,0.0002832182727443047,0.000302426829564869,0.0003183381278111625,0.0002546932095239548,0.0004898871903328305,0.0002755873016626121,0.00020940712327448637,0.0002787927965062437,0.00025522135424315995,0.0002507370580825294,0.00024192970493570003,0.0047239662461040135
HPO__HP:0000175,0.0004615699208590138,0.00020980624632813502,0.0006793251995875562,0.0002354520344875943,0.0002729321553950293,9.595878963400298e-05,0.0006047688107609236,0.00027059177574401594,0.00012320381283617855,0.000335477511809364,0.001913648127766703,0.00035879115144647603,0.001017152582822805,0.0003482679433547024,0.00023584254454958064,0.00031467536657346336,0.0007220931529733384,0.0002179414477240364,0.000494018148526075,0.0003323027378710153,0.00044914887698928216
HPO__HP:0000527,0.0004442421899106817,0.00019898318254193222,0.00029673772436155494,0.00019737487898857555,0.004442421899106779,0.00018383316084089675,0.0003396500698830699,0.0003616120077613422,0.00018587521859057297,0.00021099949507487662,0.000263603220400055,0.00018114335036335273,0.00033524811592145783,0.0002262179274954074,0.00021421253961674514,0.00018479015599640294,0.00029520874421613065,0.0002141954419866797,0.00017400310747480818,0.0001893927257844606,0.00018934083180852934
HPO__HP:0001773,0.0004405324270110759,0.0001580337218505663,0.0003044156779361148,0.0002147917093678633,0.003925710316913927,0.0003263127325812535,0.0003664341549644211,0.00035568272872471947,0.0001608751928447054,0.00024353577179057472,0.000261204076654063,0.00018271367194811638,0.000427799493433574,0.00026745762829827476,0.000269321867426257,0.0001919059397322885,0.00022477863208052268,0.00024288295983521287,0.00024055000711739518,0.00021280795337315822,0.00023343430334851246
HPO__HP:0000664,0.00043739938570814467,0.00026809390709834203,0.00024345641331056846,0.0002652771722950442,0.0023840293672389855,0.00020444872823389908,0.0019678993880403554,0.00011108872487253724,0.00022534328426450273,0.0002118234161218995,0.00029223350724654124,0.00022847609996443527,0.00030057257534892045,0.0002476189754437278,0.0002758598663653918,0.00018713719341279967,0.0002944457467913179,0.0003524218112962537,0.00022899267272117186,0.00022313209360700934,0.0002356367704891932
HPO__HP:0033036,0.00043274228834356475,0.00026929143393487757,0.00023141380059194753,0.00022527035132337874,3.119420487944849e-05,6.601882085879897e-05,0.00011854423840866889,0.0003239921435272591,0.0001447980889762259,0.00027392682637942406,0.0003934753668519918,0.00035011930024796893,0.0003476313202703477,0.0025282983510081297,0.00025231690552537527,0.0001960491720954663,0.00036335172417637987,0.0001987967228678795,0.0002705048648313901,0.00027072759768882894,0.001799124532427511
HPO__HP:0002123,0.0004298036088669386,0.0003499883545600239,0.00010808280848074295,0.00040969325622936583,3.534571803978502e-05,2.443971472587428e-05,0.00019751984858646442,0.00018974654149235242,0.004298036088669384,0.00041830136717059855,0.00015271923778076445,0.000312429999294872,0.00011040908523364777,0.00021534174467733807,0.00040767221239910274,0.00021855689178447015,0.0001235085282993006,0.0002970975079329916,0.0001520973736443664,0.0003236437524606284,0.0002514421458766952
HPO__HP:0002069,0.0004269158507605675,0.0003155589729481164,0.00015687434441879051,0.0004146165354647916,5.6098551285673196e-05,4.538314867766786e-05,0.0001521508408737398,0.00020335384317715643,0.0042691585076056774,0.00036825564768790044,0.00016602918733695407,0.0002609297796973411,0.00013137609561214821,0.00021081920954711523,0.000433759016063308,0.0001791033870266101,0.00013243490248476136,0.00032335522764008695,0.0001800965376316935,0.0003336741395584794,0.00020528914047333822
HPO__HP:0000926,0.00042096824440964077,0.00014914437464959868,0.0003209740372289678,0.00022349050501825689,8.056860211902084e-05,0.00010710151766330123,0.00016205194916014073,0.0003740407931335948,0.00011676500443578161,0.00026235919262588463,0.0003398116447126616,0.0002452306146126506,0.0003993846146453662,0.0002671251061790796,0.00028338759253919714,0.00020975880890054905,0.00037127131188101874,0.00020084768458898395,0.003848395844835378,0.00024101404998610413,0.00021664163927727944
HPO__HP:0000505,0.0004182134444132045,0.00039437656546279865,0.00012020170689676702,0.0014769941920889228,1.818271513489275e-05,1.8453966540934658e-05,0.00017074965006565006,0.00032817133617406215,0.00047237667591298513,0.0016968404425509792,0.00024402644702808867,0.0004976389789275389,0.00018546972729047435,0.0003078077379099321,0.0006333265711877768,0.0003521942402595731,0.00015053841135730139,0.0002858889052892639,0.000196498381380777,0.000469082489891793,0.00034544974691358166
HPO__HP:0200055,0.0004122254921354513,0.00017762416050213833,0.00025095372092230666,0.00018651791307521567,0.004122254921354525,0.00013144787529618916,0.0003376694239482341,0.00029299190709297,0.00016387229042516338,0.00020758303336801412,0.00026635522030642395,0.0001756866837908248,0.00031613315119796633,0.00021250583024573974,0.00021916168204305967,0.00016903076773092446,0.0002669761308291543,0.0001698221697182664,0.00018106379856992855,0.00019346179711036155,0.00020339736518161912
HPO__HP:0010442,0.0004086056273250202,0.00016463015731277067,0.002434968696601526,0.0002574492718794567,8.093166826903847e-06,6.833070485479778e-05,0.0002692094076052302,0.0003922162573769779,0.00017933640591581316,0.00035400664593582634,0.000835339589948256,0.00042303311858712516,0.0001803671878389155,0.00027331004164673394,0.0001875413056752396,0.000569146361519213,0.00020687670904088546,0.000264356513613755,0.00038733789868790986,0.00035344018989191513,0.0003631229157411532
HPO__HP:0000403,0.00039727764607576545,0.00024546057831298373,0.00010660782812131194,0.0002539264309330441,1.2135271893123076e-05,2.5081201418464023e-05,6.44752124265128e-05,0.0003219840750688204,0.0002068080891790951,0.00024361689250750035,0.00035706054736098913,0.00035657338272976493,0.00021041266515180973,0.003037609480899406,0.00027100066150332307,0.00028207346633818555,0.00020129065692124897,0.00017311694799597893,0.00023988072889441402,0.0004012432242343978,0.0009351955796249307
HPO__HP:0008070,0.0003945910830452942,0.00018586369296846278,0.00032708804175615025,0.00017090786016851027,0.00017863796311689547,0.0035771571645968115,0.00022433609632198034,0.0001739629573849491,0.0001655477247965069,0.0001911046551036362,0.0003158167609093961,0.00022751845976622012,0.00025878577512425556,0.00030397236972277075,0.00022122286697735127,0.00022690286502968413,0.0002419663097724896,0.00019317005757033407,0.00028830559516723156,0.0002071556947701649,0.00021239874988208507
HPO__HP:0000506,0.00039281170292592733,0.00018464490038720205,0.0002661324450515513,0.00019443797252413677,0.0003705721389105827,0.002769887295180597,0.0001894627811771786,0.00019315450661970397,0.00014836418947104086,0.00020480433012171387,0.00038285751844409436,0.0002384132450292082,0.0007945617731304627,0.00023058286455329265,0.00022157999627052386,0.00021117237146009492,0.00038896222446223316,0.0001794655388282668,0.00025778934696228233,0.00019000607956206684,0.00023938254037231241
HPO__HP:0000103,0.0003878322016901961,0.0002477412241156904,0.00017815095779682682,0.000350660678668192,2.250370541171199e-05,4.54834136657467e-05,7.932448526061818e-05,0.0003209626092937199,0.00020952121326080553,0.0004508984531389521,0.00020717083087517247,0.00162118621410812,0.0001294342136806691,0.0001908580965729374,0.0004891879032040675,0.002251388773724461,0.0001804349153730876,0.00014902814248395343,0.00014655244787121956,0.0003040541865696917,0.00018210156872827958
HPO__HP:0000294,0.0003874080452211047,0.0001309866535069053,0.0003151623386973748,0.0001524861684566376,0.00387408045221103,0.00019650229086117202,0.0002956996849344287,0.0002973498575995844,0.00012470545940740884,0.00014332214343444055,0.0002294466146144985,0.0001259437790798913,0.0003386797540335173,0.0001741308142902077,0.0001632145122043702,0.00014348493321778382,0.0002885415621606215,0.00016927096096197206,0.00022662588870214762,0.0001568718630926663,0.00020165517295543683
HPO__HP:0001360,0.000386168074732729,0.0002623323561694988,0.00015919964982950312,0.0002346530537722988,0.00016303354375824387,7.898609459290295e-05,0.0037325630188211638,0.00025759138188784876,0.0002585386379781481,0.0001907254300629111,0.00026745693508269347,0.00016869014467335103,0.00014479192914080793,0.0002740230621365536,0.0002731970420161137,0.0001603079092883327,0.0001695338997355757,0.00026747187153780755,0.00018014751743843723,0.0002373745717451453,0.00024274344498724274
HPO__HP:0002714,0.0003795488284094495,0.00014273330492413995,0.00032961531277471407,0.0001976471057266375,0.003489508950342928,0.00019789792621079094,0.00032244930980462243,0.00013073244492104756,0.00014820098298819754,0.00021362076317149765,0.000249549102462695,0.00017569862185365717,0.0003328269318832096,0.0001835478873253074,0.00022926595803274705,0.00014415728014527783,0.0002687206360560571,0.00018599292945255412,0.00026741914251133175,0.0001941408584973573,0.0001872511191042246
HPO__HP:0000218,0.0003777127066208245,0.00017141542866481164,0.00013319851748265084,0.00017685296344763902,0.0010237826048988305,0.0009530157186852934,0.0005846518744998899,0.0002672471050819165,0.0001250677417835719,0.00021296974690176564,0.0003862451339483228,0.00017073933346701647,0.0011752736201148368,0.00029170447948196834,0.00019442258231498522,0.00020202976303663176,0.00046677646775336086,0.00019973333293730387,0.0003043766812176706,0.00021641961894303309,0.00029833141775498245
HPO__HP:0000365,0.0003735025946778435,0.00010012531880298849,0.0001430049394551233,0.000298020910435052,0.0001433505900164915,5.379443731111022e-05,0.0001496315160889177,0.00036266540967632517,0.00017012138953646002,0.00041854136498670474,0.0003070909879485504,0.00022221598383512827,0.0010741408283906283,8.928175374410579e-05,0.0004857102387966708,0.0002568559991860211,0.00025939353440648886,0.0001552710982117886,0.00020671250849006465,0.0023756710182795417,0.000198452065958706
HPO__HP:0000965,0.0003726793215453492,0.00015576123470905157,0.0002440208066931919,0.000136080254113851,0.0037267932154534844,0.0001375093980329652,0.00029524911933730526,0.00035415117414007766,0.00012888370772641555,0.00014949121613811483,0.0002761362371689181,0.0001476848981670425,0.00026825388411898644,0.00015045429527046965,0.000168958904904578,0.00014059226986101498,0.00022711686791573776,0.000205573693890815,0.00019271906393521609,0.00016132458946188264,0.00018683159986785866
HPO__HP:0001133,0.0003696739599590397,0.00015295614612214974,8.022412798351579e-05,0.00024736778463510566,2.4334442900875566e-05,1.4629085057671308e-05,0.00011763752643331705,0.00022855623345492988,0.0003760307371092382,0.0006564923005237474,0.0001519741252055292,0.00020596616602300212,0.00011569787161515566,0.00021250746143541754,0.002954433881598742,0.0002795239492925457,0.00014227868505959992,0.0002656106031399926,0.0001373952908449908,0.0008254839208715351,0.00020437885987373294
HPO__HP:0000347,0.00036052000450645356,0.00015254785284486702,0.000403460188980047,0.00011542990650440506,0.0013556153273229996,0.0010714133460417552,0.0004543973172866188,0.0003423376246819675,0.000143427892515806,0.0001462445251544525,0.0006879099266770282,0.00026030759036553135,0.00046464519408912283,0.0001883925706144527,0.00021459761772506543,0.0001782780311508781,0.00011762702581473184,0.00018518076157734455,0.0003238608243302764,0.0001543653889113214,0.00025036117754039726
HPO__HP:0005280,0.00035082590683291657,0.00016225576108076044,0.00017158686655125024,0.00021545529165118934,0.0003618295157054016,4.9318738441232754e-05,0.0013487937978164826,0.0001364819317107898,0.00013847013824787885,0.00023103014878346568,0.0003658614022613145,0.00017879153949599373,0.000504151346983566,0.0002567796672737094,0.0002714730569869483,0.00017604881482043554,0.0007803645855356519,0.0003142094064369818,0.0009468803439869492,0.00021053491094813462,0.00019620087194019854
HPO__HP:0000968,0.0003470032473979339,0.00014955463261171015,0.0001788707339017861,0.00012820587942798852,0.00017467977879691385,0.003470032473979332,0.00014858669493907184,0.00022124654912368712,0.00010850735866422345,0.0001336354491495475,0.00019413867174232903,0.00018038641485290565,0.0002591381248321193,0.0002003060251912447,0.00015884552689379136,0.00017800178124533544,0.0004153165266800687,0.00013392666419124305,0.00021143921300098342,0.00013212214888632087,0.0001631242998480739
HPO__HP:0001251,0.0003445946305287968,0.0002555829966097937,0.00017254923739852608,0.0003097781160207823,5.1504122261626957e-05,3.603690136032038e-05,0.00023035240378072846,0.0013566860412852148,0.00024010196675067056,0.00028398084838211914,0.00012884323995345556,0.0002367212142916882,0.0002528768582671605,0.0001813163192424345,0.00031138863565727975,0.00024263511510631104,0.00015709469333574012,0.0017588463135463808,0.00024238752573187074,0.00028099277462439396,0.0001622172869694375
HPO__HP:0000551,0.00034023701105333345,0.00024463294040176096,0.0001311226557058686,0.0033984684430779467,2.0373529751661245e-05,1.1233610893562445e-05,0.0001009054285366421,0.00017142785175763717,0.00023491965153016193,0.00018914053905713532,0.00010392556060293798,0.00023982074500746887,0.00011356426600167389,0.00015167620519073908,0.00033601034058251995,0.00021853894944823306,7.15652201959534e-05,0.00020453021435900922,0.00015950961938615538,0.0005171239022395005,0.00018625054734009417
HPO__HP:0100259,0.0003395187169378394,0.00017377710151670827,0.0010204683752355573,0.00019495849316700166,3.24893506185903e-05,0.00014054374839347612,0.0001800568690159308,0.0003288034711044623,0.0001015430088820588,0.00023477609884728397,0.00033518011973203,0.0002865644277697041,0.0007506775762434454,0.0003088127746622887,0.00019649464489658122,0.0003263846876306862,0.0011720836956158511,0.00020905101224442013,0.00037757704533940604,0.00021455943405175815,0.00020557240378954656
HPO__HP:0001310,0.0003390710872742313,0.00022747821988694923,0.0001614737854752072,0.00028070133351567537,4.685111467318233e-05,2.5791204612224585e-05,0.00012147888981568055,0.00010141833676674819,0.00031395795247183124,0.00029594389060707703,0.00017369361109721042,0.00020107642118465962,0.00014012664386286802,0.00013986300138027691,0.00027764120595962573,0.00017715779856167433,0.00011793630052082744,0.0033101998920423087,0.00017135475858218977,0.000280878076698164,0.00021639930777024366
HPO__HP:0002257,0.00033181158501316015,0.00017596295359168727,0.00019305867405362034,0.00014325616628542103,3.0126949409623648e-05,5.6157508612872926e-05,7.463889105155382e-05,0.00021894547351862683,0.00014584996494242434,0.00015917545794789933,0.0002563644783966565,0.00021490218375801523,0.0001542019927023074,0.003318115850131586,0.0001403006267048455,0.00013215280859296612,0.00022960217371655774,0.00010433796342107839,0.00018536283033128767,0.00017610051279963213,0.0005276182402945428
HPO__HP:0002643,0.00032220974547463434,0.00022690966194515854,0.0001498566385855374,0.00013021077695792922,2.143300197753512e-05,4.916597249679514e-05,0.0001035675072627735,0.0002220447598702897,0.00010507165709995862,0.00015977195505223433,0.00028257669217351033,0.0002228969885393544,0.00019328354054037145,0.0031811497953028855,0.0001566745409367794,0.00013088568930044758,6.028371320994594e-05,0.00014455270010657075,0.00013680484853375316,0.00023076543971837355,0.0005362890298824845
HPO__HP:0001162,0.00031352174908161627,0.00013686426992837324,0.0004965541946417525,0.0001325408082532961,7.02304804666144e-05,5.786566477428325e-05,7.824406947828268e-05,0.00021219781701802218,8.297472572464862e-05,0.00019330544280753744,0.0013849533674565536,0.0003991594172966929,0.0010168625659792497,0.00023121730980908947,0.00024334965889878063,0.00045362157187686707,0.00014119406728709512,0.00014106684888564463,0.0002851888992014094,0.00022969890967609416,0.00028334489217203226
HPO__HP:0000268,0.0003096967562061979,0.00011843257836492446,0.00024035012654429714,0.00014827443660891842,6.882655210832441e-05,0.0022258722982415676,0.00010418365109285884,0.00017240102505088902,9.761577138079296e-05,0.00018334275654895697,0.00032912352959497715,0.00016139145129310064,0.00023479422486122074,0.00021151143795878163,0.0001694576023366862,0.00019042420701611868,0.0006904998314595799,0.0001514139882968463,0.0003564233677077717,0.0001665982016422967,0.00017299808601505285
HPO__HP:0002015,0.0003068856004206667,0.00022018892556992218,0.00016479367573525846,0.0002499180385003175,3.1777090037409044e-05,1.4621012383243617e-05,0.00012895752844076084,8.390510466339631e-05,0.0002100362464562392,0.0002573918611567293,0.00020097221221065115,0.00019352515222784386,0.00012196761449394521,0.00017446911883262843,0.00025032312609461944,0.00019438361288376144,8.905448225213869e-05,0.0030076915355081403,0.00011417888724409211,0.0002616841475806467,0.0001678726361415886
HPO__HP:0001830,0.0003066181464508805,0.00012818454506386177,0.0005766630185829629,0.00021897383973886253,3.564644751203232e-05,0.00010827874016547945,0.00010538551817340564,0.00033622767330211944,0.00013890479216479345,0.00025147872864605,0.002091175042606254,0.0001889400769917925,0.00011756247009957297,0.0002637670782179833,0.00025213473561529464,0.0002972618067242719,0.0001353166414174582,0.00020946835613506372,0.00025132686488032357,0.0002247016760309585,0.0002009648769490677
HPO__HP:0011802,0.00030267671033831875,8.326013230227406e-05,0.00024219832992905549,0.00010176011070456557,9.745001190785801e-05,0.00010784581742415317,0.00021284828179601913,0.00039115661942572234,6.820332483156311e-05,0.00011312001169637492,0.0004110233394860635,0.00011382903823749482,0.0023772025310446355,0.0001787249511595098,0.00015643126343168297,0.00012081181760519151,0.0006495645723386436,0.00011620973022162968,0.00021488999971309912,0.00014414774577990508,0.00015285657773093505
HPO__HP:0001959,0.00029467378851225594,0.0001517591590901086,0.00011118982288925199,0.00022958537328703098,2.9094002336277754e-05,5.06454410489199e-05,7.055849683896618e-05,0.0003237484609133937,0.00016089276609847545,0.00029012005183713164,0.00017790413332802928,0.0010686191722826723,0.00015712351032588212,0.00013250855735180667,0.00023691480214708518,0.0018269010092513424,0.00016478528911475148,0.00013425322055974482,0.00016739167842190163,0.0002897838390443745,0.00011969698407797337
HPO__HP:0001903,0.0002934523166209248,0.00023405059025601263,0.00043167314353735755,0.00021632790138983817,1.9523189646349225e-05,3.462025652622735e-05,5.571399044932924e-05,0.00021886067348196546,0.00010696423263893352,0.00028811120611759827,0.00014044675394348204,0.0011847713432152254,0.00011058377131938409,0.000130434051439369,0.000296306563507885,0.0017495727625457043,0.00011993574199330805,5.458247128871081e-05,0.00010092247558111401,0.00019479620875394266,0.00018084900478675768
HPO__HP:0000508,0.0002804488913044941,0.00017376460559507856,8.435550935045312e-05,0.00010250473837311639,0.001149915146685334,0.00016345374446861374,0.00023651431951108836,0.0013221428378370342,9.586331090090283e-05,0.0001265400106732924,8.380259157161516e-05,0.00015372331927283918,0.000439609738830278,0.00022071490953468764,0.00012939234040010932,0.00016965176001570526,0.00024795968301814943,8.255389261774643e-05,0.00023462180799580851,0.00021486907220794952,0.0001770244872300804
HPO__HP:0000603,0.0002800074594034839,7.469993389248068e-05,7.425789634963898e-05,0.002800074594034837,6.371449511035779e-06,7.415148732818443e-06,6.24685666168748e-05,0.00014469885864388195,0.00016284232159099882,0.000524781120741977,6.319892477011067e-05,0.00015032831825180154,5.5122515719288975e-05,9.226232535325162e-05,0.0005097378019711039,0.00013449858602642694,6.133734477210946e-05,0.00013859175603039394,9.954629473534912e-05,0.0003277768495017236,0.00011013858082357422
HPO__HP:0000563,0.0002759782587129008,8.448627494049656e-05,0.00013983145873489475,0.0004590938782589331,1.1620882588015659e-05,1.6355263872055084e-05,6.354928453180025e-05,0.00017522794077590712,0.00017426672755716335,0.0027597825871290005,8.014298636021138e-05,0.00017192123900925305,5.656854090973521e-05,0.00011313590801814388,0.00045032810136533643,0.0001458807949076528,8.099007055105897e-05,9.75507639883686e-05,6.954327118736187e-05,0.000258061885104503,0.000111227314468124
SYS__skin,0.00027383054284358624,7.295855092850155e-05,0.0006600208102305803,7.123506954375746e-05,0.00024360400055435454,0.0005129861054189858,0.0007869112179328594,0.00028606089593561214,0.00016822128608720197,8.533883039037021e-05,0.0001459216798094266,0.0002999608578959969,0.0005639277170358612,0.0003363944909500408,0.00020064209105177724,0.00010781344035902841,0.0001943268033525643,0.00017535963985803162,0.00018703438936861148,0.00023104485210363225,0.00014684812806453032
HPO__HP:0000895,0.0002695159071016111,8.216900544334325e-05,0.0003123498082414396,0.00010752855442790564,5.548222772638787e-05,8.841652991096068e-05,0.0001068080408606412,0.00019805905932656224,5.769156174310252e-05,0.0001557533647227897,0.00018849342413263602,0.00013552981711766377,0.00021442936803427371,0.00013081256385724384,0.00015928354843223688,0.00012417139411929188,0.0026951590710161326,0.00010772191229254531,0.00022724950709004964,0.00011033884617237781,0.000132870537364636
HPO__HP:0000248,0.0002668059608313818,9.826615801110618e-05,6.368273300234477e-05,0.00010762241944894901,0.002517173674400363,0.00013687973521856036,0.0001631245015918367,0.0003014410482002407,9.278103310574813e-05,0.00011803181476118804,0.00022312556400055529,0.00011094681983995512,0.0002687884776135305,0.0001681630404947987,0.00013568399829302455,0.00013808079336938438,0.00017293521837227633,0.00012640969757958794,0.00014089906593908893,0.00012498979291863764,0.00012709363046646164
HPO__HP:0001719,0.0002660012540206514,0.0001696804892299764,0.00013305172479017257,0.00016866950246275257,2.2155787949263857e-05,3.0204244377293162e-05,0.00011320330492782466,0.00016683865161234293,0.00014513850119369658,0.00015268580223834672,0.0001765399809070064,0.00015294143300248323,0.00012739212422129847,0.00011836648431164649,0.0001903764388984589,0.00010897384491635998,0.00019488824095029435,0.00016254692531481328,0.0001777395469264077,0.00015492778336406165,0.0026537042688185276
HPO__HP:0000518,0.00026005734631703593,0.00010030998368131878,0.0002530979185569116,0.0006024809682113143,3.987838343078212e-05,1.7608173776788598e-05,7.264465745768293e-05,0.00022088136408458678,0.0002056856824807009,0.002269440520795663,0.00010523062594857781,0.00018031514661491572,9.913112783211529e-05,8.067579532704489e-05,0.00011566459795061049,0.000198535553698528,4.563690633153158e-05,0.0001799398341355613,0.00010883099198852981,0.00019071282897785197,0.00011444586505970055
HPO__HP:0001252,0.0002544326830558316,7.741683363962805e-05,0.00029436286664407996,0.00011961335623680303,1.435022115849621e-05,2.682435351402449e-05,3.9331598910064744e-05,0.0017540966260501051,0.000169683695364765,0.00018806034500282946,0.0003177136992572391,0.00019805844719546093,0.0002677128090319724,0.00013281874072627287,0.00011687673180886928,0.00018431975535854541,9.266519756572071e-05,7.922791930296954e-05,0.0007562030289538393,0.00017235392647730924,8.696350891763842e-05
HPO__HP:0000463,0.00023463762634439762,0.00016826966637933986,0.00019855017142784696,0.00013767523348925565,0.0011972596589227846,7.535311775264374e-05,0.00010942665828241306,0.00047519119252570254,0.00012026937936224366,0.0001532855168721303,0.00015683330597742603,0.00017839189006543799,0.00024900137182671525,0.0001779236137889638,0.0001840583521385632,0.00014355047967323477,0.00021273294999437948,0.00016202060213516275,0.00023164645550064367,0.0001632679631971672,0.00019804494757589945
HPO__HP:0001274,0.00022614780568311915,0.00010031353867352624,0.00021001119405237575,0.00017165866556135157,0.00010588902030276327,6.466533757727247e-05,0.0010916256610672525,7.950951918604591e-05,0.00020079316144933158,0.00014206056108866547,0.00019223982027631966,8.943899746662401e-05,0.0005976249661184124,0.0002469153130251852,0.000200381141433586,7.169599577462153e-05,8.045471142880595e-05,9.726563958429892e-05,0.00021885935370263282,0.0001920882493350852,0.0003694652665582265
HPO__HP:0001799,0.00022299653907674105,0.00013772080728311604,0.00010076916570257339,0.0001001147498425966,4.505852709603173e-05,0.0022299653907674063,7.88118947969539e-05,0.00014282826907024564,7.831602463044918e-05,0.00011248264099471042,0.00012893264021255637,0.00013126006353852838,0.00018083855966404553,0.00011831310134579996,0.00012853808034483607,0.00011439084576315688,0.0002033983673187829,0.00010022266122604025,0.0001250793683926014,0.00010797053066824203,9.491909287614628e-05
HPO__HP:0000431,0.00022227688890506236,9.123015234105543e-05,0.0003139267758470465,6.418197862041103e-05,5.900081011195159e-05,0.0005309271444439677,8.309436348645497e-05,0.00010656892850547329,8.119239986152763e-05,0.00010671905441716643,0.00012231816601855768,0.00010643451165420321,0.0015377501882461292,0.00026145006951885214,0.00014149398097786358,8.254012327054538e-05,0.00010095094384166234,0.0001434929556716804,0.0001922247820245071,0.00016289786099548198,0.00015714258824670887
HPO__HP:0000316,0.00021322795664457491,0.00012441410798382603,0.0001006790272990541,7.913924789440482e-05,2.406360967216199e-05,0.00011295511501095977,0.00016681968015990219,0.00027137975853494946,7.809385357644286e-05,0.0001498503524234512,0.0005323343694178883,0.00010130420101840855,0.0014332860790946145,0.00024117771269530102,8.373402870971133e-05,9.92843136627703e-05,0.0001508868889372193,0.00010216038168995819,0.00014351951262313363,0.00022205762117341252,4.741927131392769e-05
HPO__HP:0006870,0.00020356875996756693,8.53772957697037e-05,8.161633152209326e-05,0.00011972462962621997,9.915812486574651e-05,2.0138220154379308e-05,0.0020356875996756303,0.00015095918251733237,0.0001197183363518505,0.00010398529726467501,0.00015352001307095397,6.931188819367124e-05,0.00013812383356741432,0.00011429801025352071,0.0001227128126231214,5.952887234364707e-05,9.765574378738493e-05,0.00015422445843512908,9.574760493046701e-05,0.0001103398245426353,0.00013954711985576316
HPO__HP:0006988,0.00020184793058765547,0.00011273718606076132,9.668354551899258e-05,0.0001233781776010517,5.0848106041059456e-05,1.8868389240239795e-05,0.002018479305876561,0.0001594989614858118,9.875128360387567e-05,0.0001422958483450338,0.00014291540154936214,5.9926649755550594e-05,0.0001072890950783592,0.00011721227987268236,0.00013444165035209928,6.922007526790696e-05,9.161465521099701e-05,0.00016476111508165653,0.00011043122181901326,0.00011334667652964469,0.00010425898746245133
HPO__HP:0002205,0.00020180731565251154,6.578545077204917e-05,6.115613721562239e-05,8.271147815551071e-05,1.3665701153831335e-05,7.899617428385207e-05,8.703719245884636e-05,0.0001688836345527764,9.991147741083496e-05,0.00011836027031832675,0.00025745430229269603,0.00010963012084148732,8.154401070674909e-05,0.0018232536961852836,0.00013405804154094313,7.095110564830425e-05,7.213744300665379e-05,5.593742158437251e-05,0.00011443641957463651,0.00015138551145033377,0.00038885072389711694
HPO__HP:0002750,0.00020062690654550368,6.598996320946222e-05,0.00017127378203114004,7.754620984067285e-05,0.00017750126177220859,1.0672163566944677e-05,0.0001268887442864442,0.00020628791168864874,5.6841161100837735e-05,9.485756182559582e-05,0.0002448445369369104,9.587544374526731e-05,0.0001779090279369033,0.00018985322834989425,0.00010492232535249177,7.163160144494924e-05,0.0001786049543382979,7.447581120355963e-05,0.001653855740892696,0.00010310102809170873,0.00012960567329544
HPO__HP:0000470,0.00018903950465167104,0.00010547642536527723,9.329735682414971e-05,0.00010794258020972916,0.000692785802707396,7.407100767797786e-05,0.00010778897723901469,0.0002006649723208303,0.00010849766240157913,0.0001496231853223439,7.328301205389209e-05,9.188208664759227e-05,0.0001813135115881935,0.00014851186945953943,0.00016197586649072427,8.339270707037803e-05,9.270159230534916e-05,0.00011465738691370154,0.0009280335346730037,0.00014386079055501798,0.00012102976520773088
HPO__HP:0000546,0.0001844426253100824,8.232702547278016e-05,0.000419843363460724,0.0002549287550384054,3.2190975898168105e-05,1.7728737382673012e-05,5.625590832520995e-05,0.00011879126408223279,0.00010136494335155979,0.000177301145989236,8.671421689937652e-05,0.0004012052904117367,0.00010628786910421312,0.0001416954304448227,0.00029849693317244154,0.0005900128165510676,6.349046326709273e-05,7.376147899737047e-05,0.0002448968554174459,0.0003101964363810904,0.00011136259655400034
HPO__HP:0001320,0.00018406256123673715,6.81163766773926e-05,0.0001438229792807229,0.00011296252563008517,1.0564449108920748e-05,4.142704693091105e-05,9.12857007354479e-05,0.001218084513226604,9.609323081285086e-05,0.00010790440345514262,0.0002812908758258193,0.00012227506317053727,0.000376088635937445,0.00017819711508655476,0.00011393570970616687,0.00017599644272414848,0.00013570943852564854,7.20973264332529e-05,7.450687607602109e-05,0.00010825715409567066,0.00015263536129539966
HPO__HP:0002007,0.00018402932416366878,9.350083518840691e-05,0.00017472394946491473,7.505539149664201e-05,8.525523255767212e-05,0.0010820363120289103,7.084721301170171e-05,0.0003632009109252102,7.187874428043094e-05,0.00010634905952892482,7.766781204936761e-05,0.00012067601696275369,0.00017016507263405278,0.00021929375964417188,0.00014548465551323978,0.0001227670314374848,0.0001592463132393648,0.00011732823609310637,0.0001661347887677471,7.076657060274644e-05,0.00018820857784652582
HPO__HP:0002812,0.00018053261145898505,0.00010835697926669514,0.0001904837575286301,0.0001061373286554997,2.8427339428965695e-05,2.0463851954813724e-05,9.055222438279562e-05,0.00013541766255892093,5.7481819638603565e-05,8.586780038641442e-05,0.00011311219721851643,8.850972834657793e-05,0.00010089806831910909,7.442977664926031e-05,0.00012233151611691293,7.796347659257211e-05,0.00013952098359575467,0.00010425305166813561,0.0018053261145897347,8.588755165047842e-05,7.52310006313116e-05
HPO__HP:0001347,0.00018020336842497676,0.00017012512256854326,2.7893228624017167e-05,0.00017701178040107214,2.20625296423872e-05,1.956803327439191e-06,8.383871589441862e-05,6.29235352010372e-05,0.0002547903586358013,0.0001773913345391463,6.6512251748225e-05,9.46944730887632e-05,5.83947701890107e-05,8.371499744585043e-05,0.00016214123397060854,8.32189887592805e-05,4.274739940443566e-05,0.0017286362316806028,4.4555565069779484e-05,0.0001430289032233291,0.00011842914508578445
HPO__HP:0000514,0.00017905480471260644,0.000100283131410873,6.477145761892362e-05,0.00017417766698606498,1.6906852270320568e-05,9.885975200124757e-06,8.93931446037068e-05,0.00012959388494847364,0.0001580227662507196,0.00015426105581339163,7.42145811640259e-05,9.091218682580324e-05,4.9180416139128344e-05,8.671213978485033e-05,0.0001746188193704717,9.325666614855109e-05,3.712543443292473e-05,0.001790548047126068,7.506311593790139e-05,0.00012592630947470763,8.624244274509915e-05
HPO__HP:0000580,0.0001774397999030569,9.87821745479554e-05,0.00018894078051815322,0.00021696678989637855,3.8578417761255155e-06,1.3032375195715491e-05,5.8376322933568515e-06,8.634843191395239e-05,0.00015776801360052012,0.0012272489429564115,2.9449737564454402e-05,0.00019475900871987904,3.221461476170502e-05,3.917235494682004e-05,0.00036291971632031053,0.0002133152490534387,7.241854821206947e-05,8.12045350317255e-05,4.9909296078445255e-05,0.000389110922120797,8.553903255292167e-05
HPO__HP:0000286,0.00017735505528308705,8.253592524387112e-05,0.0003909190289734836,6.735854057909119e-05,4.1695014990697634e-05,0.000560984887285995,0.00029462947384627664,0.0002459909526455658,8.173607766970786e-05,9.840800709816504e-05,0.00013828087089544597,0.00010890333448372639,0.00024654466160027485,0.00011529371937030454,7.165047015606224e-05,7.735931361802995e-05,0.0002955272725693223,0.00012314155583894383,0.00029902252332081737,0.00013438253886899717,7.273693660696302e-05
HPO__HP:0004469,0.00017725733028950844,0.00012093855014910051,0.00027310464896128627,3.272602260771412e-05,0.0,3.432328404972848e-05,5.427350460369177e-05,0.0001830192234061316,1.0037312738274107e-05,3.3924190760074724e-05,0.00013685817330348895,0.00016823914970904904,0.00011327821264946749,0.0004881132492876799,7.67218577730493e-05,0.0012844600536074074,0.00013179772589025094,6.711587030241723e-05,0.00010517260284797887,7.29488156524783e-05,0.0001580941574909015
HPO__HP:0002566,0.0001752036459164671,9.774190612076242e-05,9.790777719568617e-05,5.8874680824215736e-05,1.708548331312928e-05,2.849560840966607e-05,8.666977668350182e-05,0.00014499307481428644,5.2743769732400824e-05,7.579941699434949e-05,0.00018106259305584863,0.00010715189928918284,0.0001513597656023057,0.00018018640587379067,7.535574028855708e-05,6.659831735955669e-05,0.0004105405263974316,9.85403511384674e-05,0.00016957546117534947,7.187042115662684e-05,0.0013315199429042275
HPO__HP:0000107,0.00017425419652780725,9.972966039898325e-05,0.0006312134570479962,7.224114591525606e-05,1.2311270962955769e-05,2.7014418268018253e-05,6.604523952388331e-05,0.0004583420877742123,4.590461174365262e-05,0.00010553806281417703,0.00042798008884391866,6.970874281589606e-05,0.0003285371049402705,0.00019333594792754656,0.00015582078459074506,0.0001760224084374155,0.00010615908454010653,8.767899396323685e-05,0.00018303021491714738,0.0001177015289570394,0.00012076907617368632
HPO__HP:0001970,0.00016697939501850729,5.9887941705366875e-05,0.0003094544031864302,4.998762763040586e-05,1.6490983193332643e-05,0.0003272334336584997,6.7690458561532e-05,0.00015762815709118917,2.286350576679743e-05,7.703604608663955e-05,0.00010192410182237285,8.221334997415668e-05,8.377041978432989e-05,9.025922919227474e-05,9.122410270581898e-05,0.0013425605165265698,0.0001374570779302577,4.496188779164434e-05,0.00010356017150090295,7.969187052649076e-05,9.369261573513327e-05
SYS__metabolism,0.00016251299220570873,0.0002093918708093107,0.00044081554267623316,0.00014436158486394254,2.2740600381342514e-05,0.0001352964005205179,8.604148566739828e-05,0.00016549309990158512,6.344856431796339e-05,4.325706036489511e-05,0.00027352966354710225,0.00010666092689835788,0.0001744481290157196,0.0001116408509050097,0.00011243552216607792,0.00018409117390507157,0.0003214010226846337,0.0001313803103365871,0.00019725413379872338,0.00016318581720073302,0.00016338608415297008
HPO__HP:0004935,0.00016211701132833717,0.0001350010779229961,8.510665126310767e-05,0.00010772987263119534,1.401382021498808e-05,2.1099860008066486e-05,4.644989768593581e-05,8.4575877118431e-05,9.160223695723154e-05,0.00012283101682101117,5.4996103215469354e-05,0.0001119051453354607,6.453092494627241e-05,0.0001158740229918754,0.00013990917146926787,8.332829511764712e-05,5.488812969222517e-05,0.00011089712045406252,7.849498790244328e-05,9.793590153564829e-05,0.0016211701132834069
HPO__HP:0001562,0.00015996020389193253,5.411688177781018e-05,0.0001712075583402231,5.5785959253611204e-05,1.936894286114525e-05,2.747785983988193e-05,5.567675677908154e-05,0.00020201024324277686,2.2264437444436264e-05,5.0183166886614795e-05,0.0015900870157385739,2.108555931577849e-05,0.0002489296798065793,0.00012510440247738268,5.5930882935972804e-05,7.221152395157461e-05,0.00011921734128682521,4.71356934042239e-05,0.00011812253709176258,5.2459940436319375e-05,9.082769496807623e-05
HPO__HP:0030799,0.00015767591289257596,6.225064446371531e-05,7.649852449971133e-05,7.312611477792298e-05,6.180013555946713e-05,0.00157671569274586,0.00011414242316466365,0.00012177673390384309,5.4633711788501556e-05,7.999798801066808e-05,9.806079930310875e-05,7.900031429666074e-05,0.00011356189178432162,0.00010820600397293763,8.08212473459023e-05,6.137417418789355e-05,9.308072235883339e-05,7.487270635938794e-05,7.788486053945614e-05,7.690031785716335e-05,6.881325093150003e-05
HPO__HP:0000108,0.00015762978671728545,0.00016312463339395732,8.000240355258134e-05,5.5199652182131486e-05,2.5072359989875517e-06,2.1372052167020627e-05,3.0276958335563124e-05,0.00010261231131150573,4.700191981647245e-05,8.750128718339214e-05,0.00011410333313410762,0.001576297867172853,7.215652667182138e-05,8.040047075693178e-05,8.363745883860756e-05,0.00032055934573784633,6.264887358777214e-05,5.5091037209753336e-05,7.01676081873802e-05,5.429847276618579e-05,7.363628634083613e-05
HPO__HP:0000407,0.00015656937516416537,5.844749646161671e-05,6.428625024638202e-05,0.00023255121970317306,1.2809881834817025e-05,5.769715035379169e-06,2.345141375298662e-05,7.276012071106334e-05,9.613987775067326e-05,0.00011178890891735992,9.304242013075063e-05,7.167704746907615e-05,5.8696980033888754e-05,7.335409879378528e-05,0.00020432238218533595,0.0001356319566395159,4.673500989857753e-05,5.9406639241615906e-05,0.00015039001603935867,0.0014654532475095014,9.467282092844925e-05
HPO__HP:0000161,0.00015629576924839389,9.414601874178121e-05,0.000148691448744043,0.00010088797657353748,1.171492859109284e-05,2.9035792550800137e-05,0.0004979005523888322,0.00018901043783381674,7.767504711660008e-05,0.00010040187021532207,0.00016688294935111265,7.140036169777366e-05,0.0009684102556907255,6.189651489296216e-05,0.000101652157776077,6.976839709625708e-05,0.00010032819249712083,9.18800528786809e-05,9.672627156513279e-05,6.368874050105932e-05,8.381741826514776e-05
HPO__HP:0006644,0.00015578239417425187,3.0439071391515164e-05,0.0002042694208759894,2.0663039770765957e-05,3.6703985696518146e-05,6.0765343985559816e-05,3.346376853294221e-05,0.00015596831868423718,7.307270495347479e-06,3.331000091634403e-05,0.00022229417550916693,4.050904355802009e-05,0.00017279930634443524,8.051010137366803e-05,3.352142958112522e-05,8.434956422713289e-05,0.001557823941742577,3.4396093395665754e-05,0.00015431247577035522,4.34899163038721e-05,0.00010875161532979932
HPO__HP:0002089,0.00015564595105007988,5.7100153086273725e-05,0.00010637765309851003,5.24714313288238e-05,2.194725715065615e-05,9.990548618650101e-05,4.537959066947164e-05,0.0001223848259814407,3.9317020120997557e-05,6.490803342408156e-05,0.00016275302222710825,0.00011403641949765302,0.00021698624458848435,7.686503762843924e-05,7.887624849440025e-05,5.730064919052722e-05,0.0012812761765793113,5.7258210778083775e-05,0.0002687787683985287,8.131765200896333e-05,0.00010767914056334111
HPO__HP:0000608,0.00015468915088833187,0.00010448310657260425,0.00039148622487469463,0.0003641513273222232,1.066670158697501e-05,3.8072053707337925e-05,2.5157197664851023e-05,0.0001151191807516532,9.616028563449816e-05,0.00019926546880690767,6.331217735383456e-05,8.210053710563144e-05,3.932125181203674e-05,6.68896691589977e-05,0.00023191081124626842,0.0009371350164714019,4.4763190819777166e-05,2.3862271404154508e-05,4.171789612023196e-05,0.00012696268108116084,9.124596827139866e-05
HPO__HP:0000550,0.00015266305330897362,4.1448199503940854e-05,6.930331025979405e-05,0.00042117930438711294,2.435015732895211e-06,3.132251381314752e-06,4.5603703906020545e-05,7.970834345627796e-05,0.00012694893159713656,0.001212288830452284,4.987429454981752e-05,0.00011926157291824203,3.2581534390348086e-05,6.591062291013485e-05,9.239134162347746e-05,0.00010293634961378827,3.2638008159712125e-05,0.0001363321168535141,7.025321894786766e-05,0.0002731118562802008,7.592225925559033e-05
HPO__HP:0000293,0.00015213354609127947,6.14324710113719e-05,7.273127094748357e-05,4.891366569710818e-05,6.652642048593053e-05,0.001405113857347013,6.398095885065286e-05,0.00014675462126683103,3.812440463837432e-05,5.34716193830154e-05,0.00013096492065276191,6.157810537301225e-05,0.00018760573647324028,0.00010227124272407533,6.208661556459824e-05,6.647865486013983e-05,0.00016328163096124046,5.9134771310894305e-05,0.00010563010236104724,6.748847421301804e-05,7.910137770378088e-05
HPO__HP:0001770,0.00015140591262898128,9.232594687237911e-05,0.00010617779660078212,4.770494893531351e-05,0.0012302224634987357,7.165293062311721e-05,0.0001641749036616521,9.072037340050211e-05,4.03825296896324e-05,7.736522503362604e-05,0.00011772201210011027,6.371697660378428e-05,0.00023822889391368805,9.984173868442429e-05,7.409653828345629e-05,6.558208212568667e-05,0.00012308767358203425,9.119493395214463e-05,9.864107294009921e-05,5.3648653912054515e-05,8.163055816640551e-05
HPO__HP:0000023,0.00014983861885883775,7.401790749925377e-05,0.00012602456649355863,5.752744236310354e-05,0.00010974710015568423,0.001135610936574569,0.00012859550908639542,8.771282391474112e-05,5.4417932110503167e-05,6.807682669983679e-05,0.00020369788012047829,7.820415807718318e-05,0.00012317580333897498,9.801517268868599e-05,9.650064371350335e-05,8.670565327826866e-05,7.084392640329641e-05,8.478323612118968e-05,0.00016054910484932555,6.453353022373825e-05,8.803222346446437e-05
HPO__HP:0030084,0.00014959644244038234,6.000231949121765e-05,9.110661747592786e-05,4.030272864565406e-05,0.00010813738294395198,0.0005656031524278212,9.170524744118422e-05,8.857059789756165e-05,2.962554207894065e-05,5.692254428744648e-05,0.00018820000651620445,6.902957110151282e-05,0.0008120136166368809,7.034901156894681e-05,4.763437185683137e-05,8.274320731904351e-05,0.00031100833940402354,6.78549551525288e-05,0.00010011660846660711,4.0657791404726326e-05,7.034523669063515e-05
HPO__HP:0003180,0.0001491817924587184,6.770537483930058e-05,0.00011996099864847497,6.884212984546565e-05,2.158765046141529e-05,4.942192566236031e-05,6.226546427083352e-05,0.0001351688578327171,4.937518076634742e-05,8.85835005470284e-05,0.00014119303780374257,5.780963403860389e-05,0.00015107097617644524,0.00010294525636409614,9.072402829783744e-05,5.448028321455816e-05,0.00011615611034208306,4.914010647351677e-05,0.001409936594150296,8.139335961799963e-05,6.587537982124767e-05
HPO__HP:0000888,0.00014849519661921208,3.5229167983159065e-05,0.00012390003229133787,3.766868562476479e-05,6.005888887183334e-06,1.905162775569066e-05,5.086414102701281e-05,0.00014704609003433571,3.6790507362347155e-05,4.801463191754305e-05,0.0001763936567007865,5.3498924062465444e-05,0.00021887232161326648,6.811332002966026e-05,6.015235249498278e-05,5.303299944161271e-05,0.0014847834091837743,5.594391516468782e-05,0.0001745180973559541,5.2160762270064915e-05,6.786340118361351e-05
HPO__HP:0000545,0.00014833662514934545,5.4337834248442156e-05,0.00042978082564499307,0.00023134678101563024,0.0004199989806136027,0.00018016507670626767,0.0001627486348794626,0.00017072085950360663,5.6560987787861123e-05,0.00010882294193284656,0.0001425397801825852,5.482929586200551e-05,0.0001656355616571651,0.00011167207256581456,0.000287726475623419,4.5947921125654964e-05,4.575632810743805e-05,5.38639325869163e-05,7.273807998128433e-05,0.00010818292587929478,6.335720708261958e-05
HPO__HP:0002119,0.00014823007692638294,2.184556012149123e-05,0.0001722638750109394,1.8781331905187113e-05,0.00011181460817494859,5.1918445344979644e-05,7.656626575603178e-05,0.00024260555724593918,1.0523828558142219e-05,3.2066530532394764e-05,0.00028311571991057903,7.66724281505148e-05,0.00086607371546758,5.426319897477164e-05,6.995172516377244e-05,9.51426556252463e-05,0.0004953070967745215,5.1738901356557424e-05,0.0001288253578815092,5.8337269895660475e-05,4.678746667689197e-05
HPO__HP:0000691,0.00014535669840169801,5.418184367115602e-05,8.610683720321992e-05,6.983570727443009e-05,0.00010723447668122109,0.0010787927876864487,7.373913093919762e-05,0.0001744902934519843,6.111685877383998e-05,6.676868041109005e-05,0.00011328479973067794,5.3943291114008674e-05,0.00020913502224129653,7.126873449634521e-05,8.761140971363896e-05,4.230013680060563e-05,0.00015344192104002028,5.854073728983418e-05,0.00010059393128644208,0.00015177362029463243,9.297374793387146e-05
HPO__HP:0004442,0.0001440877465355537,4.688863222073324e-05,6.369985193907557e-05,6.352442700699874e-05,5.2759304908346334e-05,0.0014408774653555288,5.5274296679197796e-05,0.00011990673445547678,3.750432203956693e-05,6.810202913973113e-05,9.829880335950065e-05,5.882124221865428e-05,0.0001275817118284777,7.704453872620918e-05,7.733533438212455e-05,5.860037731621043e-05,0.000167885303867953,6.792956621848701e-05,8.066814446224288e-05,5.042813769889013e-05,6.86247068876678e-05
HPO__HP:0011109,0.00014359392929201822,9.065496673987915e-05,7.694380590043369e-05,4.190000863683297e-05,1.1516795971926823e-05,1.6156592857108186e-05,5.43167267914311e-05,0.0001472452581776754,4.187224898114892e-05,3.820043112311549e-05,0.00016948405905077766,6.61441676247624e-05,0.000162486637611556,0.0006738528582213418,5.1394188511132597e-05,6.136986341404576e-05,0.00015985322614392474,4.3700802404555443e-05,0.00012791816996786685,7.478134301200734e-05,0.0007620864346988431
HPO__HP:0001669,0.0001435388534160654,7.060718444200186e-05,6.56030481835746e-05,9.19816243343333e-05,1.0079020677288572e-05,1.5065835570640296e-05,0.00010395974876673094,7.742403857551706e-05,7.910022384686459e-05,8.154336509082621e-05,6.879578220843974e-05,6.092608298467986e-05,8.657487401656155e-05,0.00011475308909381656,0.00011338685200139928,4.9952689264626615e-05,7.480963864467291e-05,7.93990175423055e-05,9.018263067821194e-05,0.00010124378823815779,0.0014353885341606596
HPO__HP:0012020,0.00014196268915403942,9.895312179794539e-05,7.97921584098814e-05,0.00010668215957939522,3.530856497617337e-06,1.0964084664967715e-05,4.8551186841611664e-05,7.115262811566197e-05,8.378088033481306e-05,9.772424441270464e-05,5.395841889355498e-05,0.00011776816207963777,4.870048568857011e-05,6.921537905088783e-05,0.0001440237664515138,7.397264150027718e-05,6.792906358275033e-05,7.16748486964383e-05,7.796644547928714e-05,9.328635946287475e-05,0.0014196268915403992
HPO__HP:0001629,0.00014089463509654124,0.0001332516375606107,4.692233448055254e-05,5.906928184110134e-05,9.733331286954e-05,5.8147698775485484e-05,0.00013467742121640622,4.9120044463184684e-05,9.431012624344282e-05,7.795527314828063e-05,0.00012138483710600677,8.581995029446169e-05,0.0002482585369908953,0.0001422309139142698,0.0001316864849319148,7.011784708048856e-05,0.000238680695527385,8.196636113253914e-05,9.940790666918617e-05,6.403432932923931e-05,0.0007835177083558347
HPO__HP:0000574,0.0001390210260628726,6.59392082873509e-05,0.0001804265513479349,8.651057865699809e-05,0.0011965778008333143,5.362871694809743e-05,0.00014110111322876719,0.00012707015576324504,4.097323851354384e-05,7.558670278890963e-05,8.596717835722066e-05,4.894569032749653e-05,9.031442010839939e-05,9.020752303101814e-05,6.550753422015116e-05,5.800830610578461e-05,0.0001190805443675827,4.4939836359072e-05,6.412143271432003e-05,6.0748364393101124e-05,8.476562490514286e-05
HPO__HP:0000486,0.0001375849194136644,6.822548307856546e-05,0.00021436727192960798,0.00010964179013343511,1.5738270663649656e-05,0.00017218512838304784,3.660061521955303e-05,0.00037036245464998606,5.026662252349951e-05,4.795393591898079e-05,0.00017810103429371474,0.00015925838954999538,0.00010542731570939143,5.584717830228699e-05,9.684447393588164e-05,0.0006207564424059509,0.00013308153919899164,3.211758563784712e-05,0.00012192375863626961,9.37279486637262e-05,6.927114943890675e-05
HPO__HP:0001396,0.00013574381441087475,7.808717785309557e-05,0.00019262827806452846,5.777937141690429e-05,9.29434258235596e-06,0.00018070327567687463,3.2411330922366555e-05,0.00017123397829169295,2.4636462918021985e-05,0.00010086828859858363,0.00018098973982393505,0.00017794649527271954,9.711639791923284e-05,0.0001241582884507491,8.756020399815826e-05,0.0008225704352238615,8.735132235619633e-05,5.764242924722639e-05,0.00011032888789249198,4.4401457971788684e-05,7.716812373670933e-05
HPO__HP:0000873,0.00013502814356987854,6.245813822550262e-05,8.577925851743675e-05,0.00010622818128673928,9.402317402807109e-06,1.03444462134826e-05,0.0013502814356987794,0.0001484655700121893,7.328059663132581e-05,7.614399312297731e-05,9.150157122729591e-05,4.323677895751242e-05,7.267835399018359e-05,6.623280988007622e-05,8.947566354756461e-05,4.2121215564765215e-05,5.58812522774358e-05,7.644482679502038e-05,7.104631958162474e-05,9.289766401217092e-05,7.666247845267927e-05
HPO__HP:0002213,0.00013416304443522953,6.155803874694925e-05,0.00011320118432315471,5.050121544147329e-05,4.101293108104936e-05,0.0012974165792260719,4.1246375453901494e-05,9.416184728775211e-05,3.4419168882208474e-05,7.302973080457374e-05,0.00010054916958426753,0.00011845792400225085,0.00012340854303327802,6.985932402013038e-05,6.683559222070164e-05,8.636657429891583e-05,5.5483860115738666e-05,4.8897750448185686e-05,7.948653685118408e-05,5.939893755052419e-05,6.796960533227928e-05
HPO__HP:0000767,0.0001338883475767115,4.560485193379581e-05,0.0001018122141498433,6.388181836605024e-05,9.551944376201514e-05,0.0011478731112292008,5.4462702204225574e-05,8.893354218462591e-05,3.231456362061745e-05,6.927457115112527e-05,9.017296858227424e-05,6.358675501797473e-05,0.00011297775891813213,0.00011602837032624578,5.439991931384257e-05,4.800776961812159e-05,0.00019944454283002557,6.084052902299732e-05,0.00011413832687475232,4.605884342391895e-05,7.243434900444429e-05
HPO__HP:0000556,0.00013343154703979743,0.00016956724375974557,0.00016144938252504626,8.672088937497006e-05,3.6269770602858835e-05,3.5600847215134146e-05,1.2087220036915371e-05,0.0002261624061650268,4.2930925137192606e-05,0.00022797852721600245,0.00012323582458646058,0.0002442694958769852,6.614424496989227e-05,2.9336953599352814e-05,0.00012898813576768986,0.0007814079141513374,4.355240961836936e-05,6.325059238508049e-05,3.721872025903189e-05,0.00011267908752117336,3.9780350027682215e-05
HPO__HP:0003375,0.00013312225030152257,5.3707696816418645e-05,0.00010409690948330684,7.647361715555629e-05,2.360754318257847e-05,4.897797495195203e-05,6.805254180292511e-05,0.00010097275157786496,3.8752859499763073e-05,7.676756428560412e-05,9.811780372984155e-05,5.7977928412301774e-05,0.00012218849310296595,8.289219451283994e-05,9.514496752320528e-05,5.094581608160722e-05,4.726997130850611e-05,5.970277398360717e-05,0.0013000286229831082,6.989004615661015e-05,8.687692947988484e-05
HPO__HP:0001746,0.0001315977931803669,9.381685444916933e-05,6.590368276535093e-05,5.988824253773902e-05,6.0360524362209896e-06,4.924213147181949e-06,5.0989300813567424e-05,0.00010688503080936362,7.360041001425244e-05,7.05440122259835e-05,0.00013652730976577103,0.00010259719378336396,8.243466050011538e-05,0.00011819209381457951,9.133717719765413e-05,3.78375685402052e-05,7.57460301300582e-05,9.78574502758654e-05,4.58320627557435e-05,7.447514975554138e-05,0.0012365313678896124
HPO__HP:0010297,0.00012741848926774873,4.9773462624472374e-05,6.909617742541613e-05,3.480324603720812e-05,2.936577445599418e-05,1.0043383666288472e-05,0.0001373098375577837,0.0002094223051598585,3.252762465415958e-05,3.8164247381573027e-05,0.0001876743111686375,3.439554325255083e-05,0.0012489514419432122,8.655373533733664e-05,4.6532855340023054e-05,4.3861771893442345e-05,4.411311227166974e-05,4.5717953454212456e-05,4.145740657771668e-05,4.2064995432084176e-05,0.00011654059972133315
HPO__HP:0001748,0.00012676719067495108,0.00011536403662749249,5.415113250464442e-05,7.94666645201967e-05,1.6120234312605016e-05,5.010814333557144e-05,0.00013228095000552423,7.857458438653398e-05,5.8450092412262614e-05,8.346904282536498e-05,0.00012792813994657123,7.306649236612526e-05,7.211567914944387e-05,8.25249772497065e-05,9.75385399688645e-05,4.844896415390776e-05,6.728659656878982e-05,0.00010814185655148743,5.421371487965157e-05,7.956964600781114e-05,0.0010565243257264654
HPO__HP:0001408,0.0001250021162160554,7.45160275940726e-05,9.238379966135238e-05,3.841576550781057e-05,7.664543866931854e-06,6.9745497313015e-06,5.085585837683639e-05,0.0001468760943035113,4.430219227157712e-05,5.038908223258013e-05,0.0012373015721178929,2.269177922766897e-05,0.0001403134059682961,9.302642198437159e-05,5.864490624197556e-05,4.176389302839509e-05,0.00013174566173220566,7.040314165247249e-05,7.553634240344108e-05,4.0138808425450356e-05,7.609847799296485e-05
HPO__HP:0001395,0.00012384574993199024,6.48204147181378e-05,0.000332388777046705,2.4783514368582164e-05,0.0,4.401359763573351e-05,9.273753412299506e-05,0.00012011450639981108,1.8598802443456738e-05,4.4124558799730236e-05,0.00024172303686306775,0.00018449016981288098,7.715193580220602e-05,7.989101380086599e-05,6.751378306378833e-05,0.0005487743667633591,0.00021356240620084814,8.411614087382728e-05,9.634191999449376e-05,6.600074290106688e-05,7.576777702824792e-05
HPO__HP:0001007,0.00012348542708862225,4.09304928028736e-05,0.00013022170773268078,4.898361917706366e-05,0.0011047140493374004,8.216460675696437e-05,0.00015912094992501995,5.0452211437888733e-05,4.506004750487226e-05,5.918187874234599e-05,9.624403592545457e-05,4.9011072951077236e-05,0.00010005309514868845,7.395734148585897e-05,6.996204288005966e-05,4.3095455103843533e-05,9.77886091666459e-05,5.1776055414214694e-05,5.844540546590556e-05,5.846536073443892e-05,5.008050407914702e-05
HPO__HP:0005160,0.0001225906078759929,9.346380734777665e-05,6.586242266345838e-05,6.588028849171515e-05,1.3022252585489344e-05,1.1829160118075216e-05,5.345373309727542e-05,6.596431483941397e-05,4.574357090183625e-05,9.252800817942688e-05,5.1718321880290795e-05,5.8198305799612053e-05,3.996987318237784e-05,0.00011495627956741154,9.603279017794813e-05,4.559832756084074e-05,7.528917188505566e-05,0.0001241686235143221,5.199470681773853e-05,6.0232120149857764e-05,0.0012259060787599358
HPO__HP:0002650,0.00011962860976921425,6.694348116329629e-05,0.00011611019008934356,6.686436083260353e-05,1.7758970263155115e-06,2.868320907871895e-05,1.5724042356171705e-05,9.749050499939524e-05,6.234028371274458e-05,6.811845310313707e-05,0.00014501733544513898,5.0833591014335514e-05,4.279797709456866e-05,4.9314777041459994e-05,6.719494412853819e-05,8.592270045191368e-05,0.0001526956068417286,0.00013439514433409143,0.0009605963279954533,8.104944893943264e-05,9.870391973589608e-05
HPO__HP:0002392,0.00011548968230910064,8.54333038828315e-05,3.2235483729957856e-05,0.00012975016780345487,4.626935833554477e-06,4.123453170972067e-06,4.7065817570615237e-05,5.232227921609795e-05,0.0011548968230909974,9.736893764980323e-05,3.8232178514785246e-05,5.018316197004246e-05,2.8286168887342008e-05,5.4405140509280065e-05,0.00011086839756440327,4.971424535525508e-05,2.492430824636725e-05,0.00012051029916509183,4.453222580108978e-05,0.00011749147170243951,6.282284651763017e-05
HPO__HP:0001290,0.00011427355841059483,4.493629550245445e-05,0.00017610523723554812,1.736778009619993e-05,3.2027877337438454e-05,8.168868065592859e-05,0.0002524227919607961,0.0007263860958245304,1.8229689231159858e-05,3.728224610233409e-05,0.00024290994389725574,8.10758507767095e-05,0.00010212830913914546,8.885814530345917e-05,2.855623063948943e-05,7.821423617222794e-05,6.440040785197732e-05,6.227231232433777e-05,6.499952921868873e-05,2.7722640851871668e-05,5.788686809034309e-05
HPO__HP:0001270,0.00011326437959075295,3.2881036813733125e-05,0.00010890219088745844,0.00010474782925017427,1.393025699939239e-05,0.0,9.24526443802195e-06,8.891303655838087e-05,5.466332087787947e-05,0.00015745334308352472,5.726015197771244e-05,9.190943463592145e-05,4.654239243286015e-05,4.0752815562907246e-05,0.00017603637028617295,9.207954067813174e-05,1.1882618810613466e-05,4.1646665215952513e-05,5.596670130836138e-05,0.0010398317559873948,4.064286601046515e-05
HPO__HP:0000343,0.00011297472599856604,5.295690011146257e-05,6.563641844244381e-05,4.9194843350583735e-05,0.000829677563587606,6.440924671998696e-05,0.00019782379103931946,0.00010434552602172622,5.0447837243197365e-05,5.510102794576795e-05,8.103743360624558e-05,3.610016226687691e-05,0.00015555352982455237,6.816618548211617e-05,5.03103635930094e-05,4.539553911971983e-05,0.00012408629549136632,5.425908205565692e-05,7.606262590192963e-05,4.25143575361273e-05,5.64157906316252e-05
HPO__HP:0001337,0.00010697865285951244,4.4619236441426165e-05,3.852870765084194e-05,9.086866069144396e-05,3.87683108540045e-06,4.2711750028088026e-06,6.458885499065373e-05,9.467558462073513e-05,9.98207756053302e-05,8.243111502084973e-05,5.2838246990529284e-05,6.493955155263952e-05,3.7152753892021726e-05,3.213334434499173e-05,9.927387805324747e-05,5.8041787532988836e-05,2.753145065765916e-05,0.0010697865285951313,4.743218612702339e-05,7.257122138732355e-05,5.4191166947204335e-05
HPO__HP:0007401,0.00010630606776795879,7.314907378627758e-05,9.962441666621465e-05,0.0007853174833945194,2.937014412419271e-06,4.5473579694759285e-06,2.68697373024899e-05,7.855300519638762e-05,0.00014910073991313658,7.735716097242343e-05,2.8594359264728983e-05,0.00011077457384605524,3.0381542295588446e-05,3.565852408843356e-05,0.00010820024257306451,9.420661760889992e-05,2.5648974168577354e-05,5.5887332191787596e-05,5.751798450259105e-05,0.0002077821282852808,7.401308692082527e-05
HPO__HP:0000062,0.00010175129085685662,3.8937133529216645e-05,0.0001379764070493443,1.5195450205425834e-05,0.0,5.156875762572763e-05,3.838167978088017e-05,0.00011364109315922029,1.148814498320002e-05,2.6262077979907518e-05,0.0005429022930286336,2.7561437968980987e-05,0.00016858705892515928,6.500130130169853e-05,3.196390143960649e-05,3.3872431035337905e-05,0.00047449611149798075,4.288617204389185e-05,0.00013280220183466027,3.192064190311495e-05,4.958152184514522e-05
HPO__HP:0002645,0.00010122998251451098,3.192129855850786e-05,0.00011607988828381984,4.4010317672679e-05,1.1597782401140555e-05,1.1021828050198147e-05,4.187133475961034e-05,7.008929423294066e-05,2.283699515317228e-05,3.930705629758645e-05,9.779858112924777e-05,3.646901542603266e-05,6.115049366340396e-05,7.856326817558384e-05,6.045497737303917e-05,3.53461352212266e-05,9.86375335897348e-05,4.501773142765809e-05,0.001012299825145112,5.452237329887986e-05,5.560392043064819e-05
HPO__HP:0007193,0.00010001405117911677,5.187291679554914e-05,3.9064430307034434e-05,0.00012365064837330342,1.0763845204287432e-05,2.6700044274888684e-06,4.544847380718584e-05,5.830767133045773e-05,0.0010001405117911687,8.727092259225475e-05,3.425326228603752e-05,4.461279507020255e-05,2.9222904072267068e-05,3.6429082944623866e-05,0.00010740449403895332,2.7892470180482876e-05,2.8979546112542634e-05,0.0001173109512881273,3.7048884678882406e-05,8.574162690301738e-05,3.219558137846837e-05
HPO__HP:0001483,9.970070563061077e-05,3.3698713063777636e-05,3.631985789502746e-05,0.0002644159748638414,5.846354485222313e-06,9.939899074107873e-07,1.2597598094321314e-05,2.7923046257078856e-05,5.958873467007862e-05,0.0009970070563061085,2.026452990285502e-05,4.5346193558959675e-05,1.3017469398380177e-05,3.141539124164225e-05,0.00020463628822755018,3.5234339455706323e-05,2.4208521967276766e-05,3.059793215280827e-05,1.9822143700993322e-05,8.85836366937872e-05,4.249634076939007e-05
HPO__HP:0000256,9.947973752870301e-05,3.716161003240517e-05,5.0373067709685576e-05,3.1785404896556246e-05,3.207062621225552e-05,0.0005553146010797954,7.548796985833396e-05,0.0003328508489171302,1.8871007301548956e-05,5.4110992328795804e-05,0.00010499242797502707,6.82114010631014e-05,0.0001276999359544119,4.4038134587517286e-05,5.109989672555579e-05,5.0004093429651925e-05,0.00011189028076077348,4.998215776053468e-05,7.380983643866061e-05,5.550411716846556e-05,6.433634037385183e-05
HPO__HP:0006695,9.720559358613123e-05,0.00012442586552073232,3.516299480483745e-05,6.801818515843613e-05,8.00413295136328e-06,2.1954480522522443e-06,4.273558714599772e-05,4.486326421341801e-05,5.5554686589896086e-05,6.271447936902032e-05,5.200750587590468e-05,5.346183552806067e-05,5.44601064810883e-05,0.00010342609849713888,5.1721885305631675e-05,2.5091584559685157e-05,3.9575188892528355e-05,8.070432888339116e-05,5.284464932766204e-05,3.6811287249067005e-05,0.0009503327573165127
HPO__HP:0002073,9.716367547262288e-05,7.00205687256536e-05,2.8533150867233693e-05,4.8907190197897055e-05,3.9370979590536645e-06,8.292527930617084e-06,4.550536669993453e-05,7.495257439567575e-05,0.00011575328233949689,8.411595403558383e-05,4.4713296014216926e-05,4.019406595918387e-05,4.1226628221999325e-05,3.3072166823496035e-05,9.198780735441191e-05,3.9983014954547014e-05,3.0074843232109782e-05,0.0009716367547262513,4.36960001771934e-05,6.020898234627298e-05,6.64622364916293e-05
HPO__HP:0000750,9.707472676944908e-05,4.016861596709027e-05,0.0006126722744012242,4.428736489429686e-05,1.7086254535749627e-05,1.5727198951107301e-06,2.1160174334510336e-05,8.787571128044484e-05,1.4703579640567967e-05,5.5720481421858584e-05,0.0001249791400481884,8.79384892953447e-05,4.477012643875255e-05,4.555534569162979e-05,9.54913771144822e-05,0.00010127913187910494,0.00031622258392158693,1.9811178036343173e-05,9.157749767867454e-05,4.151468250062286e-05,7.710780641339913e-05
HPO__HP:0005273,9.70401378858826e-05,6.79223270511521e-05,2.8452876180879035e-05,7.069401521962143e-05,4.0652202556506144e-06,1.6117645911690614e-05,0.0009704013788588249,6.989288325265527e-05,7.725296183843674e-05,5.7026335317254566e-05,4.222443938916706e-05,4.249469725649965e-05,3.679508942074132e-05,7.090574118186324e-05,7.482128168265629e-05,3.519995846124968e-05,3.7887775781885e-05,9.494754894894785e-05,3.511557166419785e-05,5.3114640480805456e-05,5.54703695634745e-05
HPO__HP:0012263,9.544569997324003e-05,4.289120656948721e-05,3.831785173996742e-05,4.12458365959318e-05,1.9844828091939337e-06,1.751144998250922e-05,2.019672742769167e-05,7.206282459089649e-05,3.661614142775311e-05,4.300554009301676e-05,7.225374082393588e-05,7.696206936214187e-05,8.819022407617208e-05,0.000954456999732453,4.6284850249687055e-05,4.814940949240021e-05,4.4185890363200775e-05,3.488617115299705e-05,5.3788548149900064e-05,3.877564994797591e-05,0.00013714838487748895
INH_SPORADIC,9.509382742081213e-05,6.442609610249588e-05,4.588976140486921e-05,5.834766536433596e-05,3.793186186447374e-06,7.992858630863223e-06,0.0009482924012519953,0.00010529089726405589,4.989497932761742e-05,5.8215345320165255e-05,5.628305318747565e-05,4.492670201152375e-05,5.836896090538849e-05,5.73043478123093e-05,6.985628659202175e-05,2.947338098514307e-05,4.617254621511092e-05,6.0265607115435785e-05,3.667832763012277e-05,5.6175291540579814e-05,4.4228853568286253e-05
HPO__HP:0008527,9.467591057350136e-05,3.450426187862761e-05,1.9022658683361925e-05,9.617269606089913e-05,9.704762100684125e-07,2.852843918330991e-06,1.3200502851903225e-05,4.24399375606631e-05,6.383735485464451e-05,0.00012097808847130582,2.630035261791462e-05,7.223837782584476e-05,1.3792366506051847e-05,3.8263272998624205e-05,0.00018178158687551352,9.00972972103039e-05,2.325572431178136e-05,3.218625987957238e-05,1.8854912749839516e-05,0.0009467591057350004,5.601013426977678e-05
HPO__HP:0003487,9.453360878243328e-05,5.10005546548319e-05,4.448355724110347e-05,6.0880255748071165e-05,7.662204255005415e-06,6.685654119320824e-06,3.81034137034562e-05,0.00010132645340848572,4.847112933091873e-05,6.387396396797439e-05,6.223490530607632e-05,5.458738406866843e-05,4.5474526022334616e-05,3.997545099247832e-05,7.587884627636101e-05,5.7477515423462976e-05,3.551807174076118e-05,0.0009453360878243301,4.021047525583985e-05,5.358762999687597e-05,5.790409631230876e-05
HPO__HP:0012735,9.366698572664805e-05,4.228514797389354e-05,5.178681546349001e-05,5.7019017501923505e-05,7.084793101383827e-06,1.348293564325449e-05,1.0283206625282539e-05,0.00010570362879275573,3.722704236150341e-05,6.419535282771575e-05,7.234973275307466e-05,8.94870899129195e-05,7.554303639180331e-05,0.0007552103386846493,5.929356244392989e-05,4.364111850044285e-05,5.4494194522061555e-05,3.212647301004205e-05,4.1842080028047276e-05,7.807193301947065e-05,0.00018221221497531696
HPO__HP:0003241,9.366095032234176e-05,2.322922472432275e-05,0.000936356269230542,2.3042898447936173e-05,8.277969999465845e-06,1.3827584837176419e-05,2.43507386777124e-05,0.00011877410137813834,7.914322385665915e-06,3.620249588993388e-05,3.936973245981314e-05,2.8978679712445914e-05,5.803332796458799e-05,3.082708766699426e-05,0.00010231722362533546,0.00010191377555779633,8.856815723519418e-05,3.7050358494013025e-05,4.5440020223458784e-05,0.00012239918153750996,2.6345856398792772e-05
HPO__HP:0002983,9.309454692537284e-05,4.1204355144002416e-05,9.02543144083583e-05,4.0324530854500985e-05,9.699374651438455e-05,3.737260854571494e-05,3.113624365455032e-05,8.547139864924508e-05,2.5365632915669173e-05,3.3928333190037434e-05,0.00013661347253081404,3.3415787770687175e-05,0.0001334455020846747,6.4975183250439e-05,3.097741403817439e-05,2.5357383291471043e-05,0.0006826141890605822,2.899354446034351e-05,0.00015133753367876059,4.4243302044047e-05,4.786646242100109e-05
HPO__HP:0000348,9.08285851874949e-05,3.9139812110777185e-05,0.00011274050170540786,2.713375806872121e-05,2.5531649688678063e-05,0.0006705213180517828,3.624798011454371e-05,4.0317587513072914e-05,1.3121921186343667e-05,5.652254591882004e-05,0.00014040314342663222,2.832219056060201e-05,0.00013627995715668513,3.5612330864518655e-05,3.323182833155922e-05,4.6093093841250363e-05,0.0001617087426995098,4.770149872883754e-05,0.00010468880855774788,2.008222774478629e-05,4.117080747961968e-05
HPO__HP:0005257,9.01220400743546e-05,1.7624632498150073e-05,0.0001321806447047272,1.9050301768916844e-05,3.0340400813068117e-05,4.3710701962779875e-05,1.82718868495766e-05,9.790011391980822e-05,2.3463136327460418e-05,2.289785595868225e-05,7.972699270084126e-05,2.4743164018850988e-05,0.0001155720478659178,6.3417969524308e-05,3.45744600858328e-05,3.5062930517314525e-05,0.0008435797671026705,3.402798535178309e-05,6.898418201003527e-05,2.6354940475980607e-05,7.095668703038824e-05
HPO__HP:0100258,8.974449787429461e-05,4.1184089646874814e-05,6.429687524061892e-05,1.7369887415011808e-05,8.910231585328852e-06,4.2384139803091676e-05,3.4936970500166226e-05,0.00010952109046155412,1.933516804538174e-05,1.8289723837638906e-05,0.000151549255411335,3.220663322208441e-05,0.00038328152721203387,3.41791287098652e-05,9.389217328991584e-06,2.6037628933558277e-05,0.0005141634515308899,3.506163181862954e-05,0.00017696195485961691,1.702065389976619e-05,5.8810698023453994e-05
HPO__HP:0003311,8.965201515535717e-05,3.846451483924666e-05,4.490238499393967e-05,5.810480120030757e-05,1.4326713509505376e-05,6.446837048401365e-06,5.705800290924838e-05,7.483763221520474e-05,5.6584080115860824e-05,5.212163231956978e-05,5.621612231717116e-05,2.358871909050468e-05,4.384162391839537e-05,4.807716364311949e-05,6.208210343065101e-05,2.4783648577800695e-05,4.407051463110009e-05,9.162901084168435e-05,0.0008965201515535681,4.3967356291433485e-05,5.541728966043075e-05
HPO__HP:0011504,8.941462966022407e-05,3.8835361713616284e-05,3.344495314958169e-05,0.0005751810051560475,9.534614099895329e-07,0.0,1.2295698064117146e-05,4.934643507347276e-05,0.00010450244525309684,0.00017312647810041975,1.1995183015011079e-05,6.0093914081421465e-05,1.1134928858937163e-05,2.190243486663473e-05,0.0002233734237391197,5.44039257790795e-05,1.4254136694163764e-05,3.0213350179894735e-05,1.640335204489872e-05,0.00031883045839055965,3.8001647634418984e-05
HPO__HP:0000768,8.667407603825647e-05,5.481880934057483e-05,5.254693450804589e-05,4.1469382614585176e-05,4.01105347257591e-05,1.706377228702512e-05,7.661672784061082e-05,3.101805660570547e-05,5.617634910929775e-05,4.126930468198503e-05,5.613781842201122e-05,3.7636347487766856e-05,5.754148930226976e-05,5.888843484952593e-05,5.877055486554581e-05,3.0452594940129902e-05,2.758742107142785e-05,6.0272520150982346e-05,0.0008368375352378238,2.7586880350917497e-05,7.068005237313867e-05
HPO__HP:0000204,8.660605173946212e-05,2.1456062225074705e-05,5.427233991115586e-05,3.524309273797101e-05,2.615723870040404e-06,5.4873508045056804e-05,6.614259310490588e-05,0.00012946038777744817,3.1512888045905034e-05,4.965877990959706e-05,0.0007812478916886974,4.6135024679026277e-05,5.425105311458805e-05,6.979506233074632e-05,6.088644980175743e-05,3.009229153480455e-05,6.641203369089792e-05,4.3772750261784225e-05,4.0644608060378476e-05,3.5408571896598536e-05,5.823992210280846e-05
HPO__HP:0007000,8.592880478558279e-05,5.034602518957776e-05,1.90590021275264e-05,7.12244812418218e-05,5.449086144221086e-06,1.06880223459663e-06,3.205566637777172e-05,5.822107945930333e-05,0.0008592880478558508,9.71994304654603e-05,3.1996842882833405e-05,6.12448605084922e-05,1.6248233147987222e-05,3.222320118191892e-05,8.789516705643837e-05,4.7406349804904694e-05,1.5178500545833839e-05,7.713278811867146e-05,2.568543370381352e-05,8.925796901141895e-05,4.0395128653214006e-05
HPO__HP:0009099,8.319264748436604e-05,2.058677256755766e-05,3.113894773722619e-05,6.288824734477018e-05,2.424016867009079e-05,4.948824465478855e-06,0.0008319264748436547,7.604399709705097e-05,3.96917427340496e-05,5.389181965478639e-05,7.962237855215477e-05,3.911722858576995e-05,4.5793791610098876e-05,5.668717417202165e-05,7.066734358188764e-05,2.8373327064402506e-05,4.331325945312421e-05,2.7619265397650973e-05,2.4517786766648683e-05,5.161351206429577e-05,5.1170887324599024e-05
HPO__HP:0012213,8.308734403399065e-05,0.0008308734403399107,4.0575681475636715e-05,4.808470276897432e-05,6.268732229267041e-06,4.947322699250954e-06,2.0824207080900654e-05,3.795221025307639e-05,6.354916635550272e-05,6.454226492143878e-05,3.69762375455708e-05,9.22041381583525e-05,2.3783727480400636e-05,5.4568572639471936e-05,6.655408727090697e-05,4.701411179259724e-05,4.2864095876823165e-05,4.6376420415534354e-05,3.007013160277977e-05,5.2452662210719384e-05,5.126496756269912e-05
HPO__HP:0000938,8.2514945681963e-05,6.171114686927628e-06,0.0002735599764558703,6.169719498587561e-06,4.1981844255586034e-06,1.4027873137344938e-05,1.0438549685151152e-05,5.8902636172748256e-05,4.839106270221854e-06,9.783261249246746e-06,4.1964902226815326e-05,0.00012247327743785435,3.536245602291642e-05,5.1278872235328505e-05,2.146813814050789e-05,0.0008251494568196309,6.091546202834232e-05,2.212487356819674e-05,4.803272910465389e-05,1.4981551610274465e-05,1.8456772863082717e-05
HPO__HP:0002240,8.181122714091162e-05,2.975031723872696e-05,0.0002128284382953541,1.976921602180199e-05,3.445454854563445e-05,0.0003097006402893886,2.5324703629152566e-05,5.841402107006057e-05,1.3177199559322539e-05,0.00015251792020712216,6.45570351250464e-05,5.6046478611934846e-05,0.00015751558214699212,2.9797365192519413e-05,1.395647812199948e-05,0.0001154242339165549,0.0002012749444270493,1.8972775662230715e-05,4.4504975378124805e-05,2.2246585817122452e-05,5.599108356209404e-05
HPO__HP:0008802,8.060944714592413e-05,1.287006930543743e-05,0.00024751592323771633,4.781184881403817e-06,8.091283975530024e-06,1.521726025827371e-05,4.4567693478675745e-05,0.00011316256475291811,8.640274577633991e-06,1.2533047660132097e-05,7.485818766160455e-05,7.206369486080299e-05,3.520241896297692e-05,1.84397240855214e-05,2.659890233209853e-05,0.0008060944714592415,3.308017106598714e-05,1.483222744871707e-05,4.359685980911318e-05,7.538949558234877e-06,1.2504033546463454e-05
HPO__HP:0000973,7.980319645629574e-05,6.486562672035664e-05,3.3001530532948564e-05,2.104360979020904e-05,3.8776586427573124e-05,0.0007974355660720252,2.846375038537019e-05,4.6507422861006275e-05,2.5294684924452182e-05,2.362247849596149e-05,5.689587184317866e-05,2.7784108136863772e-05,9.979929937735388e-05,4.55251040472911e-05,3.0224067106832627e-05,2.153855570262319e-05,8.450271073879323e-05,2.5037885199732922e-05,5.008707505522341e-05,3.259886247134706e-05,4.305913323677192e-05
HPO__HP:0000568,7.958331833780977e-05,2.4895753168034902e-05,7.272587075586584e-05,4.2909400222008446e-05,2.0813816510290745e-06,0.0,0.00015690667040548048,3.6348502450641374e-05,3.134346485214285e-05,4.099000679287441e-05,0.0006057343747061828,5.2417008225790935e-05,0.00012085707606323035,7.450902380596882e-05,5.2182598140033905e-05,4.914616652446549e-05,3.373298834988117e-05,4.5802432134934776e-05,5.4850064942980543e-05,3.888144755110513e-05,5.535213601354516e-05
HPO__HP:0003259,7.907137721168211e-05,0.0005493771240176097,5.722457267153049e-05,8.929853719104935e-05,0.0,1.7464941434927114e-06,9.221709232106663e-06,4.3547490279555196e-05,2.608229470198681e-05,6.986534081031414e-05,3.2510279758767786e-05,8.887089596093567e-05,2.09929644999672e-05,6.798604294006853e-05,8.130470623862522e-05,0.00022706974042090692,1.2162310946905178e-05,4.1596914389255746e-05,2.3043672306754433e-05,5.422957443248287e-05,8.529687929132735e-05
HPO__HP:0003251,7.850768799095548e-05,4.39163810284448e-05,5.267807103530303e-05,3.0147712751412725e-05,7.366827568916032e-07,2.5798618797781683e-06,1.6735138074535768e-05,5.756459041719436e-05,1.7526878416268954e-05,3.481050872187876e-05,0.00010186440848829748,7.37268770588042e-05,6.613603680955647e-05,0.00020015716244286562,2.6087449611125335e-05,5.812280275899171e-05,6.467257626480826e-05,2.3736470218650015e-05,3.122181357321519e-05,2.986307634066729e-05,0.0006378692611704209
HPO__HP:0001159,7.805415615818807e-05,1.0126789262350813e-05,0.0006426355222580804,2.666542688687939e-05,6.741380545157557e-05,4.7644818214568995e-05,7.472471432312002e-06,6.555566919713837e-05,1.4948329151054506e-05,6.339203145079552e-05,6.267564592015611e-05,3.8982745703139144e-05,3.533912781967419e-05,5.632930513531125e-05,8.650417408668768e-05,5.6529638477143714e-05,9.150121882378708e-05,1.6572852502758412e-05,9.848698628091991e-05,5.206367332992525e-05,2.0242891779502355e-05
HPO__HP:0000520,7.772652105418444e-05,1.5329943710085417e-05,3.998099850856869e-05,2.98748368907165e-05,2.0936251342781627e-05,2.126287467199851e-05,0.0007488566262560907,9.594367496300538e-05,3.536862968781125e-05,4.112190282649129e-05,6.235834068178906e-05,2.351400428518241e-05,5.474841619152181e-05,7.747452058294025e-05,3.129655272156119e-05,2.4570350496324117e-05,2.8531444986322274e-05,6.370764766483555e-05,4.457931666587854e-05,4.072227554426057e-05,5.4351812405523064e-05
HPO__HP:0002515,7.685622489770773e-05,3.752364067676807e-05,4.050001621861049e-05,7.229654923157248e-05,4.368807690721766e-06,7.0666433736283595e-06,3.6367299844177e-05,5.414616703991583e-05,9.877569108075201e-05,4.643456676992161e-05,3.787193590651754e-05,2.048809752701111e-05,3.153771060622076e-05,2.2485572495151274e-05,7.998761808819658e-05,2.1212923335409483e-05,3.1397885762671636e-05,5.889995342414239e-05,0.0007685622489770805,4.739011717933458e-05,1.9811052726351436e-05
HPO__HP:0000219,7.62528441370042e-05,3.6122950253006474e-05,8.109148846194727e-05,2.74346397115341e-05,0.0004076246325471541,9.108997352074406e-05,0.00010893197914532849,5.9318629282974474e-05,2.8396690035553772e-05,1.9351784501540496e-05,3.480259523434897e-05,2.817859769530579e-05,0.00011654199633634454,6.161200154645306e-05,2.6802073478962666e-05,2.7831652302481935e-05,0.0002214027931634128,3.658831142002366e-05,5.5973770885417e-05,1.960034449077874e-05,3.635997872677104e-05
HPO__HP:0000003,7.557577192449959e-05,2.084005657821896e-05,7.764035321611328e-05,2.0632214239175386e-05,2.0627039309250714e-05,4.285993453585628e-06,2.811098041706722e-05,7.516062600783103e-05,2.7082530576142953e-05,2.5972246635449776e-05,0.000755757719244997,4.3364211128306976e-05,9.266252639942119e-05,5.0800675888793e-05,4.0083183488306244e-05,3.411151816219604e-05,4.146124956651944e-05,4.62732560604056e-05,4.930944393296153e-05,2.644675315993357e-05,3.08928610253165e-05
HPO__HP:0000191,7.429027046861079e-05,2.1190681725385157e-05,0.0001094883329490078,2.3865312575660236e-05,9.36256851066491e-06,2.3979491595369218e-05,1.5525817908115718e-05,8.41164226006766e-05,2.1599035409063188e-05,4.64813865808789e-05,7.789917425094468e-05,1.989338041142592e-05,0.0006581205922485677,6.531630040722948e-05,2.8166259582183915e-05,1.700323920148e-05,9.102085220810975e-05,1.2945482160717952e-05,7.520782909593753e-05,3.292894754388786e-05,5.169430240690816e-05
HPO__HP:0000426,7.365734178077381e-05,2.4395664666238314e-05,0.00011066753218546341,3.3917257959946644e-05,0.0006951424867740614,1.26983941840472e-05,8.309317007718215e-05,7.213178448318402e-05,3.928879479838941e-05,2.5858598228414064e-05,4.387854746528667e-05,1.8994760283943554e-05,4.9015052071988334e-05,2.600215456828078e-05,4.261228796553984e-05,2.6974699001791995e-05,4.108952985785459e-05,3.612133925642575e-05,2.9673032503554405e-05,2.639646274326847e-05,3.5195286540616305e-05
HPO__HP:0000400,7.289542038543257e-05,2.0673839369425717e-05,5.840701844744483e-05,4.449347752181476e-05,3.2136989112852237e-05,1.3750032612307288e-05,0.0006577449095728142,8.592233467581142e-05,2.502715810379335e-05,4.5904633657973145e-05,4.8255174681330156e-05,3.742745407797532e-05,4.806649650247043e-05,3.714015686367082e-05,5.8253769901280586e-05,4.342459061186162e-05,4.44194598510145e-05,4.441064221192604e-05,3.321286577162472e-05,4.566452467456125e-05,3.357287948669955e-05
HPO__HP:0001321,7.123158112208667e-05,2.6615522759307107e-05,8.928194927209988e-05,4.3310351106776494e-06,1.0666528565701898e-05,5.191773786432155e-06,5.744696522177304e-05,5.78869010728911e-05,2.6880180228254602e-05,8.870426148001913e-06,0.0005852757717684105,5.4682445779085624e-05,7.339685700855281e-05,7.578923395690577e-05,2.1631948120859086e-05,4.87746735991098e-05,4.011522281265957e-05,5.8372823649127766e-05,4.866555229366755e-05,1.9685469702735506e-05,0.00011107034158548087
INH_INCOMPLETE_PENETRANCE,7.038233557488681e-05,2.9145913203157123e-05,7.439212956196996e-05,4.5502077311853336e-05,3.2961482549619453e-06,5.541795151938908e-06,0.00037081295433823825,7.714009138561295e-05,0.00020921023289655288,5.090680680730188e-05,7.714093829619384e-05,4.220200969315123e-05,5.0455037519486484e-05,5.532471214144819e-05,4.495612080670079e-05,4.094093423270447e-05,4.6319266942652277e-05,2.430761873747248e-05,3.570352356772256e-05,4.52835997952759e-05,7.906480085333943e-05
HPO__HP:0006315,6.951123783505743e-05,4.529775946018615e-05,5.116832201554617e-05,5.319123636513523e-05,4.686465254661379e-06,3.891521876501578e-06,0.0006951123783505611,5.193393507389497e-05,5.247437344919645e-05,5.895667510990225e-05,3.158882019401423e-05,3.0154050121514228e-05,2.433992810601538e-05,3.653180727648424e-05,4.176005411540333e-05,2.0159713207466004e-05,2.207754446226484e-05,5.1213550331403535e-05,3.646974529671055e-05,4.12843723798652e-05,3.793250425442196e-05
HPO__HP:0000589,6.81404580727937e-05,2.678146386932579e-05,6.376056818369714e-05,3.935895391351015e-05,9.139021647724349e-06,1.0063079472339729e-06,2.6346080276019564e-05,0.0006814045807279342,2.0121096319210226e-05,3.849201975783212e-05,5.3895381620540146e-05,5.303073948399498e-05,6.33648671129819e-05,3.778770751907094e-05,3.6594918002230157e-05,4.9727328171229564e-05,3.16298802004261e-05,2.5378007214070988e-05,3.404294734366079e-05,4.0158675435598284e-05,3.0788616709581986e-05
HPO__HP:0002323,6.784309813425018e-05,2.888810875802876e-05,4.9743049624359954e-05,3.014719743160284e-05,1.6294972725807718e-06,2.674317024324932e-06,1.972199992056528e-05,0.00014770243596279236,1.6236274632005605e-05,2.941635729276845e-05,0.0006700923668737859,5.9636147317945985e-05,7.926914174853953e-05,4.596839238815703e-05,3.1467763351599964e-05,2.0802236793915668e-05,2.722127402369718e-05,2.8243232044887408e-05,8.870466172404655e-06,2.2068064938456135e-05,3.706363911258553e-05
HPO__HP:0000010,6.484415495489691e-05,0.0006484415495489684,3.136974193106697e-05,2.769755956991561e-05,0.0,3.4140782062705114e-06,1.9473428422894605e-05,4.697017723583632e-05,2.9894188274083846e-05,2.3166165626166626e-05,4.1265796823369316e-05,8.674687393657264e-05,3.424536324727336e-05,3.133954897246737e-05,3.867122218764949e-05,6.181933549905126e-05,2.5579773455131705e-05,3.232666529513578e-05,2.2961952780994237e-05,3.1287087891354405e-05,6.021259019373559e-05
HPO__HP:0005562,6.464635140031052e-05,0.0006464635140031033,2.8948936342894873e-05,4.093118210649551e-05,4.6579431793067555e-06,4.63580589091291e-06,1.4136210787195383e-05,2.9357100052782103e-05,3.859261319188219e-05,4.4608838884420395e-05,2.9537746440891585e-05,0.00010251760022628269,1.2729351655958931e-05,2.2507914994560164e-05,4.94161082240014e-05,5.39587429200608e-05,2.0391979532756876e-05,3.7158400842179896e-05,2.717026506769145e-05,3.958377993692657e-05,4.562299372590562e-05
HPO__HP:0007722,6.433390944024117e-05,3.6906396408934e-05,2.4897723235232037e-05,0.0003962071842701028,2.7179959136872346e-06,0.0,4.44209981675895e-06,1.2487700240131085e-05,4.590610844387233e-05,0.00023931925605725923,2.303653342699999e-06,4.198600510496927e-05,1.9627270405756518e-06,1.2851348395388244e-05,0.0002471319101322964,3.6791988649977146e-05,8.209402932083061e-06,1.6539715704290214e-05,4.970561069876029e-06,0.00013259434598675158,1.8452066059938195e-05
HPO__HP:0004209,6.358753961323504e-05,1.5114032860491529e-05,1.94929661221947e-05,8.004673626217347e-06,0.0006078345904988383,4.077078060966337e-05,9.728733522636908e-05,2.6968396746267628e-05,1.0158234704767072e-05,1.4473812339692582e-05,8.549175960682309e-05,3.952704106305589e-05,5.360366109583956e-05,2.8686789343044076e-05,2.2412171352718788e-06,1.9096070553120402e-05,0.0001238510924699985,1.968519656045498e-05,3.3991213252564086e-05,6.310645456846145e-06,1.9161282993179544e-05
HPO__HP:0001852,6.246105743077666e-05,1.989076002843773e-05,9.053275929079664e-05,2.2501819244501153e-05,4.398655695742493e-06,0.00019308117731748443,1.3212138454423143e-05,5.866991746691236e-05,2.1928765662161918e-05,3.259280284014789e-05,7.207553422146474e-05,4.5749490031803504e-05,0.00043052734491179465,2.2917442536485753e-05,1.9852042424633223e-05,2.3972151115461714e-05,5.5838842427974794e-05,2.5288427534579726e-05,4.438198501493039e-05,1.8205140545397802e-05,3.360395185039913e-05
HPO__HP:0010454,6.245157047529603e-05,2.7000126902688017e-05,2.9289190551171352e-05,2.3620826778974633e-05,1.048271605331828e-06,1.074186286964981e-05,1.5854749643957035e-05,6.0546931702915244e-05,1.8085229083160577e-05,3.2840610198770206e-05,7.609868494889166e-05,1.3537835374007993e-05,9.85481399283686e-05,4.5498946425177944e-05,1.9618312391838818e-05,1.341465700195802e-05,0.0006245157047529586,1.7242869414465783e-05,7.371428620850585e-05,1.370687047945264e-05,3.41073032436763e-05
HPO__HP:0001634,6.212605839976015e-05,0.0006212605839976151,1.3965540694772015e-05,5.923146601674138e-05,3.2602601404784895e-06,2.825501273418525e-06,1.0785838637395364e-05,2.9368333944757735e-05,2.544668882188537e-05,5.588010769925507e-05,1.955512003707953e-05,7.792364613376789e-05,1.993830300265642e-05,4.176942363849197e-05,8.12025813871525e-05,3.2255601787579663e-05,1.954211639772891e-05,2.6129479036990427e-05,1.7604208204226967e-05,3.860059824129266e-05,4.597576890191638e-05
HPO__HP:0000455,6.085463086215488e-05,2.7376819842979028e-05,4.687204760881518e-05,1.9198734447457148e-05,0.0005559567527304244,1.598019526349788e-05,5.406216881101891e-05,6.698832288306542e-05,1.5825972473410167e-05,2.682481484534691e-05,3.920119549422465e-05,3.725137123955805e-05,6.350857175919415e-05,3.7574566755304956e-05,2.2474720563560705e-05,3.3870686444842116e-05,4.373658300805354e-05,2.8333592496517873e-05,4.0581229478256286e-05,2.175806114301878e-05,1.9716209954551787e-05
HPO__HP:0004727,6.0547397177366376e-05,2.9705804243638514e-05,3.8797269246100365e-05,2.3933447476941737e-05,3.1575096237742446e-06,2.208408441689332e-05,9.87086455691414e-06,3.055809923505296e-05,1.0079455833389255e-05,3.468479063986706e-05,2.5582310425443295e-05,0.0001993473837369279,1.5259735281507654e-05,2.828436167313698e-05,3.0554500222795456e-05,0.0006034853510596233,2.6946548165427403e-05,2.029862161672257e-05,1.4487623806377739e-05,2.7256224386296234e-05,1.6573957900498107e-05
HPO__HP:0000939,6.045820525311679e-05,4.4510101578419056e-05,3.2712210766839645e-05,2.5963904016982575e-05,5.638616411767354e-06,0.000604582052531174,2.752887090252982e-05,4.986554779660526e-05,2.2536314001014947e-05,3.105699015074236e-05,3.850865860284581e-05,2.4617393287146487e-05,4.106745128038668e-05,3.489389039413692e-05,3.232950975281713e-05,3.595086838460878e-05,4.200732138996033e-05,2.2286656615560148e-05,3.9414864748119756e-05,2.926662534887142e-05,2.4426257101806902e-05
HPO__HP:0008872,6.015157617386963e-05,2.558360393474761e-05,6.29979010100745e-05,2.9307804892162024e-05,0.0005796886102037957,5.643780086498975e-06,3.076123360787268e-05,3.2586356257691366e-05,1.65662970367145e-05,3.833274310572915e-05,3.484752087506057e-05,3.418988051852487e-05,3.804045222704272e-05,3.6455904638820115e-05,3.976817880622231e-05,3.375283826942472e-05,4.7581136546816216e-05,2.671105782643795e-05,2.414357590334878e-05,3.154714103010283e-05,3.452550670030472e-05
HPO__HP:0007665,5.966262128759367e-05,3.0581170818606646e-05,4.9327122591367685e-05,2.6968865400201935e-05,0.0005966262128759311,1.4310307454304654e-05,2.3016171705581497e-05,4.227555790972326e-05,2.7844261723027964e-05,3.236730446643109e-05,4.342308887597836e-05,2.0317430657652967e-05,2.7045801252305176e-05,3.956209251395002e-05,2.914901169263976e-05,2.4531743955544744e-05,4.831320415158572e-05,2.7525735338023262e-05,3.151553332828892e-05,2.482898419563023e-05,3.372282484509951e-05
HPO__HP:0100337,5.9417913654709734e-05,5.636176809766394e-05,2.060930156880106e-05,2.6884858459229527e-05,1.0375119474619185e-05,4.803896267023701e-06,0.000594179136547193,3.1905408616898876e-05,4.1363656242426005e-05,2.769427958489594e-05,3.1784948912253304e-05,1.6125562071418917e-05,5.38835623182742e-05,3.7694500421458024e-05,3.6054476548525654e-05,1.6215254451286582e-05,2.4232983574899937e-05,5.502169653125245e-05,2.068684836095269e-05,2.8777654347510694e-05,5.370336069761123e-05
HPO__HP:0030825,5.750999392069004e-05,1.7263759538553306e-05,1.3722848712697642e-05,0.000500418593854369,0.0,0.0,5.182101238416678e-06,3.197991643818254e-05,5.954938393804849e-05,7.997323710228788e-05,1.1994101527868448e-05,2.7341733902996492e-05,8.10694436540327e-06,1.8642207753514457e-05,0.00015151416108662513,2.1643712230637243e-05,7.538682877618665e-06,2.336110374624687e-05,6.476503739463555e-06,0.00014328241276517152,2.2208473595699683e-05
HPO__HP:0004944,5.730919686317927e-05,0.0005730919686317757,1.4851106020512786e-05,3.302282705515908e-05,1.958163580850886e-06,5.960525057734591e-06,1.7325773696687722e-05,3.161667728543459e-05,5.049985881192749e-05,3.063510888827815e-05,3.815807397086437e-05,6.18435151822723e-05,2.4443342872726786e-05,3.466324301461661e-05,4.9912513031622324e-05,2.37823268620081e-05,1.9815035714944056e-05,3.311049198765952e-05,2.879504605824574e-05,2.580136621980829e-05,4.6896973320455726e-05
HPO__HP:0000054,5.713562930692501e-05,1.6679527785752867e-05,0.00012433964728672094,1.9932003139917012e-05,1.165064212780988e-05,4.10105481365942e-05,0.00010595368293422418,7.525447749568841e-05,8.711963615460653e-06,4.375278829296992e-05,2.8787059508714394e-05,1.447881182908773e-05,0.00018297058885073655,7.048197807005471e-05,3.0191360258824467e-05,1.4697135495893812e-05,0.0001333683682647713,1.4737573036001835e-05,9.901484500563466e-05,6.387694945839446e-05,4.282263554524849e-05
HPO__HP:0004383,5.6826421229837436e-05,6.368394782663243e-05,5.634139733471458e-05,3.268665759870889e-05,2.294768484333438e-06,0.0,1.315652442389726e-05,1.817310617450938e-05,2.4021324951230284e-05,4.521655752558249e-05,2.4111133151372425e-05,4.360743829261842e-05,4.5193567655783326e-05,5.438832256780173e-05,4.809773912775694e-05,2.6635302131700722e-05,2.5721711998834897e-05,2.6042323910300328e-05,3.187324877549984e-05,4.2668064803301e-05,0.0005126152878621698
HPO__HP:0002311,5.5773379288411276e-05,3.21784463374417e-05,9.004309956549528e-05,3.350841242789023e-05,1.7034327571406618e-05,4.122493369600864e-06,1.6919535532923425e-05,4.773365045503602e-05,5.820994589442418e-05,4.7643518590127544e-05,2.8455070489339044e-05,2.9091313822510018e-05,1.9627593287583856e-05,2.4491755812440398e-05,5.706729488707183e-05,3.5662305367807855e-05,2.9547477280721045e-05,0.0004676906933186558,1.185471065150235e-05,4.0022451612086666e-05,2.4563489494161562e-05
HPO__HP:0000238,5.572239410563371e-05,3.571993641973617e-05,0.00010498090414506654,2.558624199750159e-05,4.579548630297971e-05,5.519819440338248e-06,0.0002928119302423358,5.188365357836684e-05,2.8191262908860377e-05,1.4110648829632137e-05,0.00010059540994639157,6.578113307767943e-06,5.1807379899419066e-05,1.762098190492212e-05,3.0093496828758765e-05,5.3698224500153046e-05,0.00012955159647209185,4.9133781256041446e-05,3.064196947126206e-05,1.955929172076483e-05,2.056775294028494e-05
HPO__HP:0100336,5.56556959741889e-05,1.8134386897703866e-05,5.29890408382081e-05,3.3782751488755314e-05,2.1364773750621687e-05,1.8471122340426206e-06,0.0005565569597418841,0.00010343181630128761,1.356563687443998e-05,2.0597201485027697e-05,3.792556221478562e-05,2.3013367214264792e-05,3.18395995130994e-05,1.886643924052764e-05,3.1256378660525976e-05,1.622568578566777e-05,3.812951338257807e-05,3.0315107964821037e-05,1.803538689091042e-05,1.9563222168412294e-05,2.5673976836214303e-05
HPO__HP:0000233,5.562061076441925e-05,1.974769431431632e-05,2.2994579398993427e-05,2.8014981814689916e-05,0.00045248502760104247,4.027715253837173e-05,7.137217658507258e-05,0.00010416352846269405,2.7801181150537835e-05,2.157535491764984e-05,3.2067380151151345e-05,2.572898240175231e-05,4.122790386953504e-05,2.62263991576319e-05,3.382057146776372e-05,2.3123532219026197e-05,3.8655256439861427e-05,2.0260522050937347e-05,1.8752683546531513e-05,2.4868668876273955e-05,3.924863832455159e-05
HPO__HP:0003021,5.5216980546712566e-05,1.6298476278584377e-05,3.114184684854808e-05,2.9121112179603895e-05,5.46458109817519e-06,1.40443803851912e-05,1.2904895417192192e-05,3.687832913907317e-05,2.3519939960160433e-05,3.013725337368064e-05,2.8805340924319025e-05,2.591298001049971e-05,3.664011709189889e-05,3.598669996731133e-05,3.17510576121573e-05,2.582675424559334e-05,7.952043914696375e-05,2.6740814951797185e-05,0.0005521698054671199,3.472626772906876e-05,2.674851910731288e-05
HPO__HP:0001762,5.4733775617432015e-05,2.2957799213336225e-05,6.553529338678705e-05,2.0209172011459234e-05,1.4468126310073755e-05,1.9587815544932904e-06,3.6998272692578615e-05,3.881718794491462e-05,1.6344970491660167e-05,1.9902553956405192e-05,0.0005159264037020079,2.552899070988312e-05,0.00010233514453257325,2.603324659601967e-05,3.4823080976108924e-05,4.0192729892928274e-05,1.870338935371706e-05,2.2049446546764455e-05,2.9937907922570464e-05,2.594064940713922e-05,1.6012365147219463e-05
HPO__HP:0410030,5.4247555465910644e-05,9.605619074277422e-06,5.9787255305642176e-05,1.3519570690643612e-05,8.887803993017403e-06,1.3472888936541309e-05,3.881017691505079e-05,2.9717111878986863e-05,6.921719021543619e-06,2.325631048109664e-05,0.00010889071016811592,3.0891633690677636e-05,0.0004799079824843259,5.080963055265766e-05,3.15590879476437e-05,1.830055198875193e-05,4.680677092995119e-05,7.064447086869318e-06,4.8717147733750256e-05,1.5640055923629174e-05,4.238463451504072e-05
HPO__HP:0001123,5.3512135057721665e-05,5.051679715054106e-06,1.2989436055514905e-05,0.00022566541984071723,0.0,0.0,1.0769958031538976e-05,2.1839112441769914e-05,2.2988443784905492e-05,0.0001120777568799406,1.6618632084893672e-05,1.471742914944006e-05,5.6895968871324115e-06,1.3661668817929343e-05,0.0001236358688176479,2.5510773524900977e-05,1.6937827487373632e-06,1.9514692085087064e-05,1.3641191518374419e-05,0.00041153755347760165,1.26397052932475e-05
HPO__HP:0000572,5.3450035056210096e-05,8.20482110903413e-06,3.1356510450416707e-06,6.806542332344038e-05,0.0,0.0,1.3412159412342308e-05,3.972982900629631e-05,9.622644837670082e-05,0.00027841073462197207,1.758246242269858e-05,5.4809828777228117e-05,1.7491198970136407e-05,2.39422894063473e-05,0.0001387214164893744,4.315123493009585e-05,2.3217412461264883e-06,4.839723144807608e-05,8.119295145010123e-06,0.000188724933804836,1.8554001589444236e-05
HPO__HP:0001363,5.281602636685284e-05,2.344113778347807e-05,3.057319456413566e-05,2.1103893806754363e-05,1.2227768099294097e-05,0.0005234412285074172,3.215365636821436e-05,5.261853235759172e-05,1.7242413529606004e-05,2.6873112806603453e-05,3.8848476496622776e-05,2.818095481100275e-05,4.263737408569066e-05,3.3209559004299874e-05,2.5087440527738568e-05,3.2586190234863536e-05,1.2871129760746266e-05,2.406032480698514e-05,2.504121956952506e-05,2.4643311582518224e-05,2.9479608633969216e-05
HPO__HP:0002247,5.251577258859705e-05,3.763866896116548e-05,4.4541471928331415e-05,1.4346387978071907e-05,3.863396578616133e-06,2.2072560988813743e-05,9.882373563585279e-06,5.12463788635493e-05,2.6564924583689094e-06,1.4732699137631042e-05,4.567171625896184e-05,2.6482099839285566e-05,3.3852986775445196e-05,4.613935211027715e-05,1.6729242537133967e-05,1.4933919060558193e-05,6.206993827627542e-05,5.4014786072746556e-05,1.2904332826365444e-05,1.1378921670791022e-05,0.0005251577258859688
HPO__HP:0100864,5.2237412244839876e-05,2.2926782329340287e-05,4.9523768166207794e-05,2.6635341590680348e-05,1.8490031511425804e-05,1.0137648320281633e-05,1.43860703851622e-05,4.17826252328676e-05,9.581965830230012e-06,2.3905643635180013e-05,4.5618324509538716e-05,1.690853537731792e-05,6.099594740746115e-05,1.8466249523924498e-05,3.306258607248637e-05,2.6038269575302616e-05,2.3015621855936437e-05,3.451051649313876e-05,0.0005222910691637888,2.1987372494391717e-05,2.448387542213446e-05
HPO__HP:0007994,5.1907110439230246e-05,2.6516822343275216e-05,1.8520476029884082e-05,0.00040833956947003343,0.0,0.0,0.0,1.9863381382661552e-05,6.686250337120133e-05,0.0001605809953707852,2.86041676204214e-06,3.4771850709878155e-05,7.76248026493234e-06,1.5907313364590565e-06,0.00011582469995798274,3.386376102998421e-05,1.1991275750141387e-05,2.3958567689657842e-05,2.7773101055947637e-05,4.532206643046161e-05,3.173950982927714e-05
HPO__HP:0001256,5.179808075345955e-05,2.0335545645747502e-05,7.130204174671976e-05,3.677375177129543e-05,2.7565104489858844e-05,2.088417145758709e-06,1.1206857120222007e-06,2.8643572817128315e-05,2.1052614567349787e-05,4.440406054500502e-05,2.902654734374817e-05,2.792705965228534e-05,4.098163134766201e-05,1.6587423529768333e-05,5.345271144038258e-05,0.00047213877334244584,2.2486698953809782e-05,2.8253666733085983e-05,2.7852719183734477e-05,4.606548415111645e-05,1.790310495026567e-05
HPO__HP:0000529,5.1249772288975605e-05,2.1402330192986878e-05,2.8178113324776907e-05,0.00037304550139345645,0.0,0.0,6.854114114109751e-06,2.2484371598895664e-05,3.429565521513033e-05,0.00020437545071274303,2.2140006179754186e-05,3.229030858884126e-05,1.0651627725291809e-05,5.73871658406118e-06,6.556684437804015e-05,1.293385885411058e-05,3.495049285711391e-06,3.102344605386757e-05,2.2680231501873233e-05,0.00011304707557918307,1.4792744496678314e-05
HPO__HP:0001510,5.007417451956742e-05,3.490974864709628e-05,2.4423087599554512e-05,2.2696065002135376e-05,0.0,2.5681545773021596e-06,2.4396483978770443e-05,5.301317583567316e-05,1.797131063655421e-05,1.1107075340577305e-05,1.0956950923104677e-05,0.00042967566498937034,3.8158206151216306e-05,1.7570348507686593e-05,1.869699755484049e-05,0.0001253389815508852,5.340402069131288e-05,2.529520670456148e-05,4.4715934689572974e-05,1.160654918594082e-05,3.497952782519271e-05
HPO__HP:0002901,4.954803748529387e-05,2.1196787134267883e-05,2.9627147087559078e-05,1.1897000981010796e-05,3.5054175842658936e-05,0.0004954803748529384,1.82558627803949e-05,2.7712689640648707e-05,8.459224006746947e-06,1.4596948485851148e-05,3.383243709111478e-05,2.1385187255883626e-05,7.61339366890638e-05,2.124633693854645e-05,1.630101360966663e-05,1.7131142477756236e-05,7.535258024228863e-05,1.6857497430001938e-05,2.5960753911238263e-05,1.4093067897475162e-05,1.0386585350765177e-05
HPO__HP:0008786,4.929274205475955e-05,1.5352143721102217e-05,2.020409179194913e-05,1.9256518338361013e-05,1.0296768285110055e-05,9.222606527260524e-06,1.54145150171662e-05,4.42921947183545e-05,1.3974755904752958e-05,2.6731466131110594e-05,5.376860755321663e-05,2.363924216030639e-05,3.8592630579177584e-05,3.765991182907783e-05,1.776589787356175e-05,1.6288156225857667e-05,6.438247765214411e-05,2.729395282593994e-05,0.0004929274205475923,2.3422722978960333e-05,1.5368760434189114e-05
HPO__HP:0000540,4.914747950901215e-05,1.2049488327022632e-05,1.2813518725832488e-05,2.8592874826998295e-05,0.0,7.384931599019388e-05,3.104145298217331e-05,3.8997923713679554e-05,2.334166305712574e-05,0.00037408805863779987,9.655432399288297e-06,2.2546257245656902e-05,7.18237770980481e-06,7.790025935701346e-06,0.00015074808955638114,3.0139699311257597e-05,2.0075644987804018e-05,2.2083379036136342e-05,1.1323550488062337e-05,9.540771817894926e-05,1.1223119070374926e-05
HPO__HP:0000654,4.8999645262922795e-05,9.775734043234693e-06,7.419893990140182e-06,0.00012232514948236359,0.0,0.0,0.0,2.9223173823135625e-05,2.652281674979185e-05,0.00045389840401644866,4.694320692003915e-06,3.352423109495133e-05,6.867811862789384e-06,1.1722597487930314e-05,4.868512669757501e-05,3.6056312336333055e-05,9.337842455832682e-06,2.882667425929606e-05,1.2898751812745508e-05,0.00011467240591387832,2.354165854000635e-05
HPO__HP:0000674,4.818527990268984e-05,3.7306273596405234e-05,1.921721106728562e-05,2.6451331115215634e-05,8.038272281803117e-06,0.0004818527990268986,4.353139349665893e-05,2.7195377854098806e-05,2.0682845542387076e-05,2.6965554136124783e-05,2.177620356203358e-05,2.3822094770912028e-05,2.468958674896717e-05,2.695585397420842e-05,2.7502110254602647e-05,2.720368961708553e-05,2.863443620217773e-05,2.0641596413606162e-05,2.320683534107658e-05,2.3160455103559725e-05,2.4871677948689594e-05
HPO__HP:0011800,4.7983886119932894e-05,1.4224683639076784e-05,2.4978927513297832e-05,8.462713935197928e-06,0.0,0.0001409400926734711,0.0003032757898375575,6.11491474387182e-05,6.9548737021876904e-06,1.4942935326204693e-05,6.630697559141828e-05,1.8603406101307097e-05,0.00011191942725563602,3.89702316343084e-05,2.8508027920764298e-05,1.6259365321545816e-05,2.3176720851198783e-05,2.5776718518507376e-05,1.954438994895627e-05,1.3526906721510414e-05,2.2156388467792747e-05
HPO__HP:0000389,4.779967878230743e-05,2.4086194025191624e-05,1.920509770376072e-05,7.870805175800812e-06,0.0,4.777326077172037e-06,7.40416451873448e-06,5.7556681813341716e-05,3.698035930044535e-05,9.018898011524253e-06,3.691758751734207e-05,4.437306549179499e-05,4.701528081007381e-05,0.0002439122084667031,2.077674950916513e-05,4.4314078166513446e-05,2.2887299035229e-05,3.456699267767599e-05,1.6219390195811607e-05,3.5687828172552515e-05,0.0002424235689773157
HPO__HP:0008499,4.7367144158009385e-05,1.4415947136829979e-05,1.789642465960602e-05,8.163793312851653e-05,0.0,0.0,4.853986978595879e-06,6.219976926874696e-05,2.0449738696271856e-05,0.0004001943582963857,1.622950719668427e-05,3.8612740595929244e-05,1.2593453731793219e-05,3.295530635456688e-05,3.533298287953904e-05,3.200274122448759e-05,8.122540773932821e-06,6.402503229414049e-05,1.243106465036226e-05,7.416315623265493e-05,1.922619906114354e-05
HPO__HP:0010230,4.690639398625004e-05,1.5398582096158137e-05,3.572451511385725e-05,1.8902400339733535e-05,5.228025914554694e-06,1.869927732878173e-05,2.366634938041566e-05,4.554453698054806e-05,2.2816238523630903e-05,1.883215674153636e-05,5.220330360150996e-05,4.5347404141570996e-05,2.2595859636738684e-05,3.686739978107601e-05,1.7058279592423153e-05,2.5015689790436772e-05,5.614586455177655e-05,1.8172127444138472e-05,0.0004163510637408772,1.9123302490540635e-05,2.4435502534695808e-05
HPO__HP:0000324,4.69001098461706e-05,3.811167233987626e-05,5.853118768489017e-05,1.0639241392386829e-05,8.516042986191424e-06,1.1676107508892423e-05,6.016609817058813e-05,4.4727222399696716e-05,9.292151067554454e-06,1.6796006073225832e-05,6.43098070059287e-05,3.426793352169534e-05,0.0003732962809890836,3.6652716779756345e-05,1.9211670015704098e-05,2.581344563669041e-05,3.493342213162773e-05,2.2259936141378898e-05,2.587940331026115e-05,1.547976849334503e-05,2.7442083274638408e-05
HPO__HP:0001141,4.665452235079041e-05,2.1252912484809984e-05,1.2665307763769725e-05,2.6151654452797095e-05,2.90381833556618e-06,8.024415791112332e-06,6.193528681536317e-06,2.3225890056740176e-05,1.538573713908997e-05,3.9337074711333995e-05,8.104981527023508e-06,0.00022002385086125585,4.948856925915807e-06,1.256979264546635e-05,6.800494190172522e-06,0.0004553928933667755,7.269234608789965e-06,8.865542157355198e-06,4.400771639124704e-06,3.389073622198587e-05,1.568295345518744e-05
HPO__HP:0006563,4.619897160876756e-05,1.4543114212497425e-05,7.394965573313269e-05,9.015497945825438e-06,1.78347656416132e-06,6.925278956959357e-06,2.1187540209599356e-05,5.873222871669682e-05,5.950223102877831e-06,3.109729532103349e-05,0.0004228567223778637,3.912652811426217e-05,7.158128608523256e-05,4.1277949623574245e-05,9.137722811095322e-06,1.809611207258561e-05,3.775273172349944e-05,1.2244146636284785e-05,1.3219834903986489e-05,1.3699209820906134e-05,2.1802877243277144e-05
HPO__HP:0200073,4.565458634150806e-05,8.907032177941346e-06,8.345407096361674e-06,1.603836657658082e-05,7.11354810999272e-07,0.0,3.326508487678077e-06,4.119493621638752e-05,2.375464879518193e-05,1.1708855164199435e-05,2.4905338565885613e-05,3.7640103128460746e-05,1.621148523660037e-05,0.0004565458634150816,1.4433625596688496e-05,1.4590186365525484e-05,2.152427352721414e-05,7.027353850738834e-06,1.594545745914278e-05,3.576643647626722e-05,0.0001545144938832257
HPO__HP:0009880,4.5624857843161634e-05,1.678168157760294e-05,2.163334721656611e-05,2.0131683227870524e-05,1.771703258364234e-05,0.00045624857843161497,3.3525730425954463e-05,2.3774493407059886e-05,1.5428129083660253e-05,2.5899649621994348e-05,2.592131078571701e-05,2.0613563751304523e-05,3.5529081543372225e-05,2.041768807680026e-05,2.307387025506113e-05,2.261052696250434e-05,4.7510200006953095e-05,2.034685561653084e-05,2.4554763200929252e-05,2.0012505482720423e-05,2.076646560537423e-05
HPO__HP:0000512,4.551124838142598e-05,2.596843823443283e-05,2.1263003728529238e-05,6.460754144148201e-05,0.0,0.0,2.8116693988713372e-05,1.857120329369265e-05,4.285364740192117e-05,0.00014159680719865911,2.1446749842116334e-05,2.4520733365756725e-05,8.672605496539825e-06,5.0230282840748996e-05,8.862382416565279e-05,5.2064698585430824e-05,5.135582265128201e-06,3.2480790844948936e-05,3.160671328798338e-05,0.00020263669140945057,4.982896023733281e-05
HPO__HP:0001305,4.4797618141888775e-05,2.0055649592889167e-05,7.494033911648779e-05,8.5112752804271e-06,0.0,1.8955614697802164e-05,3.949994301630939e-05,3.6616956545290055e-05,1.8150127370128192e-05,1.946082982815923e-05,0.0003795316381540526,1.3886529877236908e-05,6.271579084971694e-05,2.7391677106633118e-05,2.6993031817831736e-05,1.7518862017136346e-05,4.3337233607357005e-05,1.663353175086423e-05,2.982617658012672e-05,3.0030162737341627e-05,1.1896992891984579e-05
HPO__HP:0020132,4.472965343447059e-05,1.796375499260103e-05,8.048672324290674e-05,1.410464547541485e-05,7.508077678164381e-06,6.8903847163270294e-06,6.846601276584463e-06,4.147242318523902e-05,9.316880178139322e-06,2.306670756766843e-05,1.857008430294095e-05,7.702941535003873e-05,1.7373265837488535e-05,1.8414397203926864e-05,2.1421368877484267e-05,0.0004472965343447034,2.2023980350171813e-05,1.5364050424056617e-05,1.598626387427206e-05,1.5108117577046843e-05,1.8349392234236454e-05
HPO__HP:0007641,4.405561476570132e-05,2.7418040847155025e-05,8.851655295067604e-06,0.00044055614765681477,1.9935378614438695e-06,2.0384621772084594e-06,1.100920256106337e-05,2.3734904251275424e-05,2.56766470488333e-05,6.906508431834464e-05,1.347115810831014e-05,2.907476999293157e-05,7.5706839709867225e-06,1.1486554121784686e-05,8.174939425598018e-05,2.7733205885142218e-05,8.796626222247069e-06,2.369617249446145e-05,1.1654117020679861e-05,4.58279506455505e-05,9.707980578745466e-06
HPO__HP:0002075,4.3725220948719673e-05,2.8573813708325786e-05,1.2216603212816966e-05,5.909675953781511e-05,1.1873090550807116e-06,0.0,1.1342412454340493e-05,3.6866064569806955e-05,2.16746624766878e-05,3.740830062507548e-05,1.2535892867786474e-05,2.5806661927000086e-05,1.9255094284334725e-05,1.3518310913326665e-05,3.0193296485103382e-05,3.093439571072468e-05,1.0614857279921058e-05,0.00043725220948719425,1.629094412918822e-05,3.376722537739947e-05,3.596960487246459e-05
HPO__HP:0033379,4.360033222759142e-05,6.364901788541579e-05,1.8166241251940193e-05,3.0548378301937654e-05,9.879934468696476e-06,3.4559799480120784e-06,3.254465077517785e-05,2.017018696553005e-05,5.136065528532045e-05,2.0768677088685302e-05,1.9647925861649524e-05,1.3505137255079398e-05,1.0050979288700035e-05,2.190922452545233e-05,2.5516908479432e-05,1.0908613926890168e-05,2.661632820542505e-05,2.81503249801213e-05,1.708494027056269e-05,1.2069217511884518e-05,0.0004360033222759158
HPO__HP:0005576,4.3229336274790676e-05,5.841850220726248e-05,4.858395155530474e-05,2.244886314586632e-05,2.211641237358186e-06,0.0,3.7000599606521438e-06,3.416614646425586e-05,2.4231599252227415e-05,5.304858675165429e-05,2.6013129994236295e-05,0.00011985963241885278,5.489206482866711e-06,1.2399799878026391e-05,3.80354821186146e-05,0.0003128745937756347,8.296770995316064e-06,1.6666144405837558e-05,8.219731624741878e-06,4.2021593849874463e-05,2.7901289377230785e-05
HPO__HP:0011579,4.318811652781147e-05,1.5301211848237667e-05,2.09224181814201e-05,1.837721494423842e-05,4.14981437020105e-06,5.643596183529088e-06,9.297070065691316e-06,2.3436543059493818e-05,1.575269746549841e-05,3.119814882989913e-05,1.1451159098575485e-05,5.008503322437686e-05,2.309568893789074e-05,6.457281355084466e-05,1.8663499580066217e-05,2.3859274246725413e-05,2.9240842074252956e-05,1.2413234623071896e-05,2.8093652346204636e-05,2.6327252647897138e-05,0.0004318811652781139
HPO__HP:0010055,4.2949323788582275e-05,8.081329888724982e-06,1.702399941747076e-05,3.457858364527357e-06,2.2258036380438642e-06,2.600193054266337e-06,1.0395889137146159e-05,9.34568902159171e-05,1.4374563377673275e-06,1.4481618082882531e-05,0.00010495315570502453,1.4650394746243013e-05,0.00042949323788582093,4.669987014277437e-05,6.540795699151424e-06,1.7769397892159835e-05,4.401312143060833e-05,8.356847776740188e-06,1.339942546444529e-05,5.8187230813421065e-06,1.4130467810588805e-05
HPO__HP:0000533,4.2629823627213775e-05,1.515829101452728e-05,4.0705863345832736e-05,0.00012450976836706675,1.0654182668054466e-06,0.0,1.0528148790151796e-05,1.5132263972394079e-05,7.76899596595723e-05,0.0002439748510911587,0.0,1.5153654906360288e-05,5.327091334027233e-07,4.728830741706705e-06,0.0001398671353485944,4.851282780658375e-05,1.1297825182470434e-06,3.017790295192456e-05,5.7998683719281074e-06,6.484833809056585e-05,1.3080858167452853e-05
HPO__HP:0000028,4.215696799333432e-05,1.3642034912859088e-05,2.867102636293476e-05,1.3899841220439328e-05,0.00024986152516564197,6.879687048228608e-05,4.178175631203474e-05,6.885378788634829e-05,8.149554472301707e-06,1.128976364182235e-05,5.5527377556358037e-05,1.5806943468474462e-05,3.953750609584085e-05,4.8303330074763435e-05,9.502683430811889e-06,1.4680099544804765e-05,3.996391240952152e-05,3.029617278823392e-05,2.4905632139831e-05,3.492495762682808e-05,2.474458427454989e-05
INH_UNKNOWN,4.214466258533125e-05,1.3657621450520946e-05,2.3421653447451474e-05,1.678773888021604e-05,1.0771321489994117e-05,3.1712670890143665e-06,2.869305225748457e-05,4.269229536798264e-05,0.00026135589786269647,5.872879652603073e-05,2.032181883257968e-05,1.4906641678453009e-05,1.4732229702069935e-05,4.4004774346868535e-05,3.788159450841798e-05,1.1198411199735366e-05,1.2041559109906858e-05,2.486260548719686e-05,4.403084708784556e-05,0.00013542008637038594,2.421303901177345e-05
HPO__HP:0000641,4.207954115264185e-05,5.539249951583274e-05,1.8668552679471163e-05,2.6030978190026704e-05,1.4147325949103477e-06,1.2837850166116208e-06,8.385712122594544e-06,3.545041013901147e-05,2.1540583395770322e-05,4.659162200582587e-05,2.668229260585741e-05,1.893028855993169e-05,1.2167618523260535e-05,1.735674018482864e-05,3.9547711667477315e-05,2.4065432241485992e-05,9.850154801331122e-06,0.0004207954115264241,1.649744814160523e-05,2.622382979414463e-05,1.4715019346435328e-05
HPO__HP:0001631,4.188264289212053e-05,3.869594777771802e-05,2.325548013619747e-05,9.005053986257221e-06,4.56062390070316e-05,2.7131196389071267e-05,5.5216282719495656e-05,0.00010721419731252696,7.400814667149692e-06,1.1990276076000569e-05,4.759124222222532e-05,2.4065107975936224e-05,0.00010882692368562859,1.7723829785133423e-05,1.3040553650191598e-05,1.0012703871490329e-05,6.666278903238639e-05,1.620575675513078e-05,0.00015463357097057003,1.4180536929201497e-05,3.919435489306807e-05
HPO__HP:0000148,4.105432825775785e-05,3.8997148249550725e-06,0.0003140093529722071,1.9026237144054323e-05,1.2739560260217924e-06,4.801019255318684e-06,2.2468143153651057e-06,3.103670470103729e-05,1.1834272806676652e-05,5.016140942153446e-05,5.063286943366391e-05,2.1282973290462724e-05,5.3617891067401274e-05,2.0797308253358993e-05,3.878618963725401e-05,3.630185590342686e-05,4.872118355451614e-05,1.6066420008092726e-05,2.3525134109950886e-05,4.30280590458858e-05,3.003719938397273e-05
HPO__HP:0002132,4.073820513066452e-05,7.988755330573677e-06,4.6503687025015666e-05,2.278047612387417e-05,2.2883155092087872e-05,1.8030808451675588e-06,1.6072866934234325e-05,2.48054164525159e-05,1.137350026154387e-05,2.4417296982646303e-05,2.1172401826275687e-05,1.188652704776006e-05,0.00032153982836039116,2.3745335602212765e-05,2.4561935808186253e-05,9.608728584773444e-06,5.49804056847917e-05,1.4385536020994486e-05,8.584222294624897e-05,4.893101971331479e-05,1.9481925970682145e-05
HPO__HP:0000494,4.0485781442819934e-05,8.805811008212541e-06,3.101748056505453e-05,1.6994290715438576e-05,9.825235867249444e-05,3.9192205613811716e-05,4.4907772063421e-05,5.214454004658467e-05,1.5045418320457844e-05,2.13602410318373e-05,6.249381594154362e-05,1.2879330871000037e-06,0.0002293391216621531,2.981561091107396e-05,1.880298541385654e-05,3.095666676461027e-06,1.712175649907082e-05,2.337718808237231e-05,4.867569537608464e-05,3.370879409142623e-05,1.4276943077943826e-05
HPO__HP:0001831,4.038195471087319e-05,1.1148207515795223e-05,2.498811383678785e-05,1.9023927439386716e-05,6.518318828442348e-06,0.00035826827724568536,1.586017634751062e-05,4.446390916264817e-05,1.271191740940734e-05,2.1254877340421318e-05,2.392461967457752e-05,1.743934496091598e-05,3.066173894450144e-05,3.528666622330151e-05,2.2085785620944353e-05,1.0393418136488994e-05,4.2892188709931276e-05,1.9327354833838723e-05,4.5611025087885986e-05,1.576808598243362e-05,3.0011140916559144e-05
HPO__HP:0002078,4.0112413628541586e-05,1.2133886874200104e-05,9.790866148740136e-06,6.067598241063191e-05,0.0,2.683860881391215e-06,7.098744584289546e-06,1.9052886193490657e-05,0.00012331496652017397,0.00010712340177643987,9.991398608476562e-06,1.724549831601633e-05,9.558807721923382e-06,6.108622233890269e-06,6.560261139957981e-05,2.492802526215261e-05,6.746740492946467e-06,0.00013348933399582634,1.1533973049728569e-05,0.00016374246364036216,1.1426202460572167e-05
HPO__HP:0011933,3.977159517237651e-05,1.4335680361132203e-05,1.4834170497192876e-05,8.051863125990308e-06,1.7022702282980827e-05,0.0,1.7355845291776823e-05,0.0003977159517237766,2.0393344877614442e-05,1.7423025358470527e-05,4.304285732267996e-05,4.746837595233266e-05,4.0316910955209945e-05,8.973993054209216e-06,1.8905631398035495e-05,4.157310471565007e-05,2.2964569371807713e-05,2.0811941522824943e-05,2.156425582556541e-05,1.5459208162115372e-05,7.218471648165372e-06
HPO__HP:0001511,3.925805185372848e-05,1.7110796227105757e-06,1.4066343134580087e-05,1.8359821297670243e-06,0.00010412307485040686,1.952316127365074e-05,7.06198655654087e-05,5.239033074811353e-05,4.224636672268145e-06,4.208336686599956e-06,0.00011865461980748843,0.0,0.0001221289877173014,1.993857660047761e-05,1.270771996841495e-05,1.807001178188576e-05,5.501879165533346e-05,3.5592167614215565e-05,5.338796850774797e-05,7.041061120446898e-07,7.625527662615438e-05
HPO__HP:0011565,3.912258434829008e-05,1.7792847479430964e-05,1.2958568729555152e-05,3.516180766675808e-05,7.279512777893777e-07,1.1611712799890851e-06,8.477540190080266e-06,1.8728185139871286e-05,3.923857116716313e-05,3.160098469667971e-05,1.766799447937898e-05,1.4378789351445944e-05,3.1194968007762475e-05,4.5476153326750374e-05,3.380405389331831e-05,1.5085615268115434e-05,1.3663039843524567e-05,1.6623008110873352e-05,7.853604955357936e-06,2.9630988619054824e-05,0.0003912258434829028
HPO__HP:0000411,3.899834444194985e-05,1.4786926437741262e-05,2.0597645803046317e-05,1.3478317172364683e-05,1.329282446842821e-05,0.00038998344441949827,4.472037273017937e-05,2.0920884315107635e-05,1.2741785046272393e-05,1.7613287305932814e-05,1.7181057368428388e-05,9.068504067340035e-06,2.7982346108626406e-05,2.3970373913125383e-05,2.2330293201786897e-05,1.0250618495750414e-05,4.609283366329427e-05,1.5126433022743251e-05,1.3638218541096707e-05,2.702764476765932e-05,1.9163077990574583e-05
HPO__HP:0001837,3.8773671044609165e-05,1.633492474422299e-05,1.7719053280712695e-05,2.1809822233526742e-05,6.943632985246176e-06,0.0003877367104461225,1.216458128753372e-05,2.7012951134835688e-05,6.5080575634658545e-06,1.8422816252464424e-05,1.660659579447548e-05,1.929211973102215e-05,2.5296231068414534e-05,1.5470329265515216e-05,2.137381568771678e-05,2.3922221457264347e-05,7.798645074650667e-05,1.0477178834431679e-05,1.2833967525825872e-05,1.758434223850475e-05,1.9977618614374893e-05
HPO__HP:0031590,3.857581864747316e-05,7.5764587677968185e-06,3.3119566190466574e-05,8.612188525140418e-06,5.570570579416869e-07,7.881212595236755e-06,6.192218593225472e-06,6.084710465782419e-05,1.9166529168524502e-06,1.3555623911115954e-05,4.6804511458635644e-05,1.5203668845063156e-05,2.806327179889346e-05,6.382585498405647e-05,1.0707655250711303e-05,2.362849812634809e-05,3.206193049594845e-05,5.495833156696952e-06,1.0104520908325516e-05,9.604358234452387e-06,0.00038575818647473213
HPO__HP:0000496,3.8104721969998e-05,1.1785915801355357e-05,3.4480600744499626e-05,3.759934098105176e-05,1.1603223647490244e-05,5.049584255267174e-06,2.3001173650401444e-05,2.7639003745920994e-05,0.00034316467073793397,3.3408606704078364e-05,3.0822829373083954e-05,1.816703391142222e-05,1.3359550303450632e-05,1.7068517135210054e-05,2.797681954093314e-05,1.6808949965233087e-05,2.0228880872649166e-05,2.5706132415116216e-05,1.7731691004346547e-05,3.54906550196092e-05,1.1001259590906468e-05
HPO__HP:0000618,3.7974458355381176e-05,8.220703478103253e-06,2.410339966201274e-05,9.161093167933925e-05,0.0,0.0,1.1267534672899802e-05,2.7993448291584766e-05,4.969696662545409e-05,0.00017520141735654547,3.225094272568439e-05,3.26579981998076e-05,5.688987004156059e-06,1.8393910744638903e-05,0.00011278981406535332,1.492801763294665e-05,9.138019921047943e-06,2.5208522330226912e-05,2.2304695838763374e-05,7.941217416336845e-05,1.8621682715690388e-05
HPO__HP:0000193,3.7492485435352945e-05,1.4217901600437668e-05,4.038430466533765e-05,7.637915728524486e-06,1.8093803299785202e-05,2.2100337654224522e-05,1.8854839763742193e-05,4.406828828104765e-05,8.159593509743221e-06,8.769557936493601e-06,0.00025744738643198526,5.624233101848071e-06,0.0001106036751816115,4.199678955741962e-05,1.2850750294863137e-05,6.528275618156141e-06,4.8462244214218744e-05,2.4308187130596434e-05,2.1145422278981387e-05,2.1095915595023078e-05,1.75002868630196e-05
HPO__HP:0002217,3.745004039406508e-05,4.3225655886136195e-06,2.687030670278944e-05,9.288801300776988e-06,9.415910849152974e-06,0.0003745004039406505,1.0513115397374693e-05,2.3588686109661027e-05,4.077156003211178e-06,9.303689482380974e-06,2.6266856715032777e-05,1.3573292799798208e-05,4.059761764742648e-05,7.53797139956896e-05,1.1387999102077129e-05,1.805186133329453e-05,5.0082921947632006e-05,8.482277393652615e-06,1.5313698440716616e-05,9.070741467663114e-06,8.913191663706893e-06
HPO__HP:0001561,3.723984355741624e-05,7.9927367667042e-06,0.00011946244755748569,0.0,1.649921354509949e-06,4.414808491483396e-05,1.9273175748196412e-05,3.556388237900552e-05,2.3382871840722233e-06,5.845717960180558e-07,3.9768071717960756e-05,1.3922410122010868e-06,3.902055569942067e-05,1.5917564280876674e-05,1.927198488941333e-05,1.2372665036632686e-05,0.00028358227956346965,2.3539569738047816e-05,3.9786771364900354e-05,1.23687619265346e-05,2.676329821804158e-05
HPO__HP:0000588,3.717257135704766e-05,1.0696018337596533e-05,8.53206977313656e-06,1.212973732475799e-05,0.0,1.4025388229317518e-06,3.777398566309456e-05,2.0949296944304522e-05,5.401194066071141e-06,1.3911893828003355e-05,8.121356017323596e-05,1.4596529302123024e-05,0.0003603586612896531,4.688720783394826e-05,1.3233996957583835e-05,7.489129393126319e-06,3.0869427087960374e-05,2.269637055079657e-05,1.3038923954389528e-05,1.7648543410042476e-05,2.4622342428197447e-05
HPO__HP:0003038,3.669809525075571e-05,1.737680313604711e-05,2.5169060119555e-05,2.0069889455338498e-05,7.192292140157271e-06,0.00024888608051204443,1.7940075807338177e-05,2.7079977135568523e-05,1.7424029630719754e-05,1.7509935899084225e-05,4.19833040832392e-05,1.7737890687235016e-05,2.83482434931962e-05,1.7459531729387456e-05,2.6362885757993254e-05,1.5714800218092438e-05,0.00011809487199550712,1.9914157699647983e-05,1.6256425203323284e-05,1.9801977567349012e-05,1.3639672744290129e-05
HPO__HP:0002663,3.668918615137121e-05,1.0224576711784498e-05,1.370449706933781e-05,6.212938196979225e-06,1.6780308218878269e-06,7.687311351946393e-06,1.7121691285904375e-05,3.233812313765788e-05,8.46002076107282e-06,1.422870594104988e-05,4.121764607989896e-05,3.369219067210206e-06,2.9632658015549604e-05,3.433044638942834e-05,1.564963755667787e-05,0.0,7.012317375885886e-05,1.422286863900787e-05,0.0003668918615137134,1.9624757013100186e-05,2.70655597163575e-05
HPO__HP:0001257,3.6204179125916785e-05,1.3472017704424085e-05,2.0667267003272787e-05,4.294262174341669e-05,2.548154972860249e-06,0.0,3.415301753673788e-05,1.832919162846097e-05,9.695600077430203e-06,1.5155976058345293e-05,2.3266755995460427e-05,2.0097074514334408e-05,1.5065974368161002e-05,3.130313810585806e-05,2.2825371667571305e-05,5.239350679100126e-06,9.077596667961017e-06,0.0003358112824078437,1.850420259408939e-05,5.287144348433652e-05,3.305754530867142e-05
HPO__HP:0045025,3.567681635064118e-05,4.391817142438698e-06,5.3908000444037506e-05,1.2499069608513832e-06,5.8510297190147234e-06,0.00014724190950667583,1.2003757789289138e-05,4.695042228586253e-05,7.586106398965228e-07,3.497231298974663e-06,0.00020952625399973563,1.2398833387267234e-05,7.204513727220487e-05,5.978004243094122e-06,8.5331567167244e-06,1.752976154044205e-05,5.585883401855011e-05,1.1954023639805809e-05,3.195520942619125e-05,3.844662280292058e-06,8.0597647014748e-06
HPO__HP:0001647,3.546975814964496e-05,4.840817502105622e-06,8.663363467353249e-06,7.72091628546781e-06,9.98486195578655e-05,0.0002513987397109211,5.1244460885759135e-05,2.5628064108341285e-05,9.82963174704726e-06,1.1558317160845291e-05,2.900272339568804e-05,1.1635610200164709e-05,2.6031413852579046e-05,3.390123543407346e-05,8.530780688738283e-06,9.131834479992838e-06,4.559444616125777e-05,1.1875404202972036e-05,1.4135622118491477e-05,2.919547358920303e-05,1.9627688444031353e-05
HPO__HP:0002079,3.5418522318693416e-05,0.0,2.6786877687328632e-05,1.7008985711081864e-05,0.0,1.5100058067498143e-05,8.796816928558434e-05,0.00013882984204094615,1.29283404143031e-05,4.27748928625501e-05,8.543299737644741e-05,4.299109355081974e-06,6.830812769626816e-05,3.422148644051486e-05,1.1596173979376177e-05,1.531602458000761e-05,5.13097658084832e-05,2.5404826954113272e-05,3.4984539042926014e-05,1.5267577151059073e-05,2.083265192029818e-05
HPO__HP:0001643,3.519154472423428e-05,1.0456272109469295e-05,3.2332221123792584e-05,5.984590448937305e-06,7.764838933264266e-05,5.716475471539953e-05,4.204256040329206e-05,4.798058275183577e-05,1.1200785477690175e-05,1.4144070318683353e-05,4.4317957069510784e-05,3.7554522307323565e-05,4.8156611562998354e-05,2.211600441929183e-05,8.14702315217352e-06,2.5045899555590077e-05,4.823252423511624e-05,1.3236164215948226e-05,2.247468078893833e-05,8.216844010023294e-06,0.00012737843648602887
HPO__HP:0000047,3.504482254428113e-05,1.022923562254025e-05,1.9431483034654624e-05,2.979562061638161e-06,6.758280830626765e-05,5.3029305923849346e-05,3.09999010150942e-05,6.290688027131855e-05,4.067212936149062e-06,2.218224567122056e-06,0.00018024814238670815,1.0418048997686416e-05,6.117610751144228e-05,2.5654498028901653e-05,6.529416947813518e-06,5.639999328983941e-06,9.139102616029796e-05,1.5022963868606914e-05,1.64582527073901e-05,4.846272133177797e-06,3.0067109075979774e-05
HPO__HP:0000341,3.49269586165824e-05,2.2841159560168714e-06,4.01857725761482e-05,8.868463145424902e-06,0.0002810844560212352,6.825481413250425e-05,2.1846792276725674e-05,4.4490772412239695e-05,6.2301262763446525e-06,1.4198767769581346e-05,2.4806851028440812e-05,1.4302386697832137e-06,4.590819479606434e-05,1.7174204053856777e-05,9.971474019900273e-06,4.7509803511629356e-06,3.628959827042613e-05,1.952845333185321e-05,2.6459050736473967e-05,8.255462076590876e-06,1.6520584430874024e-05
HPO__HP:0000488,3.3384108265986634e-05,1.701085244992432e-06,4.767886617980406e-05,1.0447319640501996e-05,0.0,0.0,1.68515338998713e-05,0.00020906806677652536,2.367559995447314e-05,2.1534812555702327e-05,0.00012576712707668318,6.945990795157607e-06,3.127309814111115e-05,2.488739562285353e-05,1.769029691993686e-05,2.230059234419897e-05,1.7376928230609385e-05,1.959205208993722e-05,2.534573325846163e-05,1.2958456690005083e-05,3.258720989890734e-05
HPO__HP:0002059,3.3210057046646645e-05,7.606376203477843e-06,2.2626004942978745e-05,1.5315391208273349e-06,1.0513639262459209e-05,8.227058859369618e-06,3.231191479912661e-05,3.322303701364533e-05,1.3610147341057966e-06,5.84447071574985e-06,4.810059654470431e-05,9.363651499276794e-06,0.00027161193837310583,1.9373408086952294e-05,1.2774489863184857e-05,8.746020793623663e-06,6.908202300711184e-05,1.0130273877300526e-05,3.4160258561604146e-05,4.120225137163806e-06,5.349319953716477e-05
HPO__HP:0001956,3.2420412472348606e-05,2.610999673072195e-05,0.0001159575896740048,1.1139000344855029e-05,0.00020824653504947926,1.0072988680301725e-05,2.9903157788959004e-05,3.2836051796830844e-05,7.749480681486078e-06,2.0711562049326695e-05,1.1740773436780685e-05,9.1765230201291e-06,3.4402905453759185e-05,1.6665433138840035e-05,2.3918952320725703e-05,1.2410349468610713e-05,1.997084525100499e-05,1.278169245231594e-05,1.3306137971675969e-05,1.5685023835262936e-05,1.56232503019013e-05
HPO__HP:0000789,3.206594316065096e-05,2.1651675945084542e-05,1.250840231152278e-05,4.908541876150925e-06,2.0925305093174734e-06,3.8654695194430395e-06,1.1410131399651397e-05,1.4272101120304936e-05,1.2743213693350578e-05,6.138356085238695e-06,6.540552044627902e-05,2.2744338934151667e-05,1.1615505931303806e-05,0.0003206594316065054,1.5057206798131298e-05,1.0479175961591717e-05,1.3222119738997033e-05,8.610309399794253e-06,1.8344980254648726e-05,1.041196746638729e-05,5.517788421516448e-05
HPO__HP:0003521,3.1821207037993357e-05,5.070294571866539e-06,3.700800559047161e-05,1.354765246155516e-05,3.049817407601307e-06,2.3274509026007955e-06,1.9263464198450385e-05,3.714443384295268e-05,5.065430328221349e-06,8.801984674889455e-06,3.494551265302672e-05,6.022407943098377e-06,3.5363931619696785e-05,1.2987083673322377e-05,1.4793639457076648e-05,8.90241921814803e-06,3.875561687605631e-05,1.5063774737603284e-05,0.00031821207037992434,6.943160199097526e-06,1.3155990024207588e-05
HPO__HP:0003429,3.168602605790059e-05,7.97176031451695e-06,1.5282614736268515e-05,8.092379365682319e-06,3.8993154821327e-06,4.680346526204911e-06,1.276808862782678e-05,4.553137142951213e-05,5.387614256966162e-06,1.3336249386374235e-05,4.3740434714770947e-05,1.3014332998772077e-05,0.0003168602605790064,2.2276926570755267e-05,1.5793522193007e-05,1.6027356223760004e-05,2.7923326091529183e-05,1.207784702178064e-05,1.654144823476166e-05,1.3298533163393398e-05,1.9216793240990373e-05
HPO__HP:0000089,3.144624877666843e-05,1.4766365128381966e-05,2.741341106867887e-05,4.43547434613784e-06,7.228479853479863e-06,4.912496029683553e-06,3.1550700626901054e-05,1.5741625736964872e-05,2.6612846076827026e-06,2.6612846076827026e-06,9.957798077999772e-05,1.0510231506697086e-05,6.0573035423898994e-05,4.4482507743610684e-05,1.1643006924063363e-05,2.450558123579754e-05,5.2048712461045984e-05,3.96464866216708e-05,5.737984744931293e-05,2.910333458409798e-06,0.00011427612992327045
HPO__HP:0000126,3.140187488971423e-05,4.786873390769987e-06,0.00010116602900075648,2.7143375625596116e-05,0.0,4.132700027569156e-06,1.342381837894788e-05,4.684487172358439e-05,4.5881406924526984e-06,1.764144555831294e-05,6.877101981293436e-05,9.90620253113374e-06,0.00016602971890475736,5.277919808129789e-06,3.250821693758265e-05,1.7834465489099613e-05,3.978298552767229e-05,2.781007332056372e-06,4.5218667047761746e-05,1.641510106627647e-05,3.784938938890647e-06
HPO__HP:0003025,3.1204202537227415e-05,6.19860982155934e-06,3.977450725776187e-05,9.510846062672814e-06,0.0,3.1273183290417585e-07,6.568580857454773e-06,2.0894724699018277e-05,9.204326304701807e-06,2.123307460710221e-05,2.04077699456678e-05,2.3223882436056248e-05,3.1744140544592314e-05,1.073589328226887e-05,2.1070558480865178e-05,1.5863702449119766e-05,3.55592639822775e-05,1.108020169228692e-05,0.0003120420253722694,9.807315762874455e-06,1.8851895353094535e-05
HPO__HP:0005567,3.1171459290039096e-05,8.66849947674825e-06,4.491058369896959e-05,1.0260793806146619e-05,1.3426947619530223e-05,0.00031171459290039517,3.0400443757007672e-05,2.0234641944470633e-05,9.201299266340943e-06,1.4025756347664338e-05,1.874560565223774e-05,8.388115419406205e-06,1.558168751033297e-05,1.5162085027912459e-05,1.486736284851252e-05,1.4611545409045726e-05,2.738607085965959e-05,8.194533956292875e-06,1.6261891731265437e-05,1.036304978337113e-05,1.1023678785471876e-05
HPO__HP:0007772,3.058524074506927e-05,2.368007192659938e-05,7.233615223684509e-06,2.615265892842183e-05,3.6485097401797858e-06,1.5024171003632408e-06,1.3845188128448984e-05,2.98666910067774e-05,4.177691300023479e-05,1.096071906809706e-05,1.0621163671613127e-05,1.8816170556199745e-05,4.6683221479891784e-06,8.178319377873002e-06,3.113186084130982e-05,9.47677358498341e-06,4.623104077512548e-06,0.0002974957583819,1.5173113308585827e-05,2.714214782415081e-05,2.5711297006461094e-05
HPO__HP:0007787,3.045573898446878e-05,1.1976459281186869e-05,1.0523064437548497e-05,5.774757888416534e-05,0.0,0.0,2.2170150732737564e-06,1.265877569297992e-05,1.437912904960763e-05,3.9471322563120645e-05,9.304459926829117e-06,1.1769968049921081e-05,5.127322891984131e-06,4.960444865801443e-07,0.00029295816449912446,2.0325229232996388e-05,4.937575187763031e-06,1.710148932207364e-05,1.4780100488491712e-06,8.862579281877177e-05,8.017378242600521e-06
HPO__HP:0000582,3.039914137896573e-05,6.773396986960043e-06,2.0373200030906826e-05,7.130187899427386e-06,0.0,0.0,3.0602100400600244e-05,4.97534181617101e-05,4.0963510378218375e-06,9.776676523212968e-06,5.247423390679648e-05,1.5701713317623282e-05,0.00027348858786724984,3.573676988407038e-05,7.589686592265588e-06,1.2476478016753998e-05,3.2940348545088746e-05,1.2835973727011121e-05,1.3271001373528441e-05,7.405280637158461e-06,1.5557422671128915e-05
HPO__HP:0000716,2.9181000815805598e-05,3.457165005207221e-05,8.000387732697018e-06,4.032765996106939e-05,5.680494475084461e-06,0.0,4.721781808569131e-05,1.4924338528657013e-05,3.5553551683625964e-05,5.699847717452843e-06,1.5511228973844177e-06,3.0006874835464785e-06,1.2527301166902354e-05,9.878068965140066e-06,2.4780624171093866e-05,2.2845097110869395e-06,6.931297229925933e-06,0.00013007905397277055,3.0505456413153562e-05,0.0001617309541853075,8.375191883449944e-06
HPO__HP:0001538,2.8754262990861692e-05,1.2584393500871763e-05,1.8610147676308478e-05,1.2594187737947616e-05,1.3300190846665216e-05,0.0002661902436267547,2.175697393396919e-05,2.8320492199619983e-05,1.0055776931621681e-05,1.5364433429338543e-05,1.360006565501563e-05,1.812463265087477e-05,1.4980370675985277e-05,1.429834836821151e-05,2.228439322023415e-05,1.9004075350243778e-05,2.4385323944373162e-05,7.438339742679999e-06,1.6141536705994274e-05,1.3597283460880159e-05,1.2454050159644177e-05
HPO__HP:0002194,2.8606593627946157e-05,9.758615892282089e-06,7.995437844930668e-06,2.8001103309035604e-05,3.2796424081856997e-06,1.381828554023604e-06,3.520379370480169e-06,7.01952262518811e-06,3.539162773815846e-05,3.4136238209835165e-05,1.586887280377028e-05,1.490859933208543e-05,1.1297398702426018e-05,2.3957362541395076e-05,2.7171183704188578e-05,7.985689993080183e-06,7.239506697937605e-06,2.5228025387946014e-05,1.4661316478031358e-05,0.00027997077842055023,1.335874254539255e-05
HPO__HP:0006532,2.8559881950490495e-05,2.419036654345882e-05,1.2976709700840924e-05,1.4279194886541468e-05,0.0,7.396850471264518e-06,6.662735700861145e-06,2.4901987816061568e-05,6.122550165275202e-06,1.7257542876439838e-05,1.781222296586623e-05,1.3742873445402927e-05,8.442442933938869e-06,0.00021530187285346842,1.985919260629319e-05,1.1944435483894796e-05,1.4916569523594203e-05,9.297786186996324e-06,7.044176301947802e-05,1.6705370256875276e-05,5.894517157325802e-05
HPO__HP:0005792,2.8469881050354277e-05,8.512378418592502e-06,1.6407634610771225e-05,1.3754682610506078e-05,7.005864216006201e-06,0.00026629350859620196,3.161600479453658e-05,4.868789073262624e-05,9.709250953394734e-06,1.3412084330440856e-05,1.5189036666816215e-05,1.0103453944638194e-05,1.4222006881288466e-05,1.1764483655387791e-05,1.918633628250295e-05,1.5097700173303398e-05,2.1192526774481802e-05,6.905888907031364e-06,1.8452012062131684e-05,1.3203587098412799e-05,8.681289298014796e-06
HPO__HP:0001583,2.7967273364237796e-05,1.0795557419428075e-05,4.068150208755757e-05,1.3398705959254951e-05,0.0,2.2846732998226665e-06,4.031582168646431e-06,1.7949567618883276e-05,3.8239431480799635e-06,1.4935688675953743e-05,1.0386877560626574e-05,3.602276830872679e-05,7.134933002625489e-06,9.224291728919378e-06,3.5777381360011746e-05,0.00027967273364238075,9.758717781377452e-06,1.2454971070443403e-05,9.44489439652189e-06,2.8967515759741155e-05,1.2599162295754958e-05
HPO__HP:0001744,2.7950960916742605e-05,6.788208429164393e-06,4.513205137995023e-05,0.0,8.66594906671587e-06,4.998967709837089e-05,3.1765534736689476e-05,6.178314618883461e-05,0.0,0.0,3.7829845441767673e-05,5.2018577422653495e-06,5.006658416441792e-05,3.729504426609563e-05,8.610772970315759e-07,4.372722921982369e-06,6.723169362085871e-05,8.782200870247014e-06,0.00013151805160823178,1.3730630062742306e-06,1.0362510495954222e-05
HPO__HP:0000739,2.788112293206408e-05,3.854940626778398e-06,1.9612966115508972e-05,8.722605051255992e-06,0.0002308007148634113,1.3265558994510285e-06,3.135327492820342e-05,4.043971873453262e-05,4.667827585812818e-06,5.073287178658357e-06,1.675847467489684e-05,6.050755987967229e-06,3.576935072228097e-05,5.415469401328437e-05,8.743799263135298e-06,8.875391150745442e-06,1.0640876219696234e-05,9.331853638207389e-06,6.302030538140816e-06,4.211290891386407e-05,1.3030432535449805e-05
HPO__HP:0003071,2.7304293373992686e-05,7.997635012660153e-06,1.380456134714189e-05,8.934476989519508e-06,3.1159371717426954e-06,0.00027304293373991853,1.0066686841791866e-05,2.3955281066533007e-05,4.448175767949049e-06,8.299393953100842e-06,2.056491459988333e-05,1.1209284534865435e-05,4.829958565576512e-05,7.493646153283864e-06,1.2516948945246146e-05,2.6595100155240437e-05,3.193789686501919e-05,6.716821472891653e-06,1.0314641724638296e-05,8.34323895606516e-06,8.42870652659764e-06
HPO__HP:0004719,2.7203251265922748e-05,5.8989391999866677e-05,2.0841260369596684e-05,1.9125357216397807e-06,0.0,0.0,5.7370788347471345e-06,2.9187710110210278e-05,0.0,8.164533767022686e-06,2.5730750567674296e-05,0.00023578798223687235,8.6351634080902e-06,1.8574321211060658e-05,1.2574551355654499e-05,7.981023754240516e-05,1.1326117723645419e-05,0.0,3.3402952168364192e-06,6.308238367215815e-06,1.7144856885916735e-05
HPO__HP:0001265,2.6995210104721898e-05,4.522130620773892e-06,4.445895549059923e-06,1.6523195964473524e-05,7.500565587096514e-07,5.274852055571782e-07,1.3361814969746625e-05,4.2972271863442275e-05,1.4492404493931145e-05,4.803458485461881e-05,1.2656481166554224e-05,1.0626534285043014e-05,4.516233336381423e-06,8.388988672698628e-06,1.816392940479141e-05,6.055964836672578e-06,1.13576808883333e-05,0.00026788290741390464,6.883100589832263e-06,2.8101483104483864e-05,1.9641058315429377e-05
HPO__HP:0000199,2.6882868111965073e-05,4.737963215850235e-06,2.2188100287109856e-05,6.710495269568304e-06,4.322862463011519e-06,1.052415154748276e-05,1.2413251875293193e-05,2.8380166173340238e-05,4.338882079827153e-06,1.2215332373880965e-05,2.3866191303266842e-05,7.079570468108105e-06,0.0002688286811196496,1.3292223328986073e-05,1.3550753582814625e-05,9.895755618687238e-06,4.2518087140025056e-05,8.70198329442171e-06,2.4015499150841458e-05,1.3493545702627975e-05,6.583866244508269e-06
HPO__HP:0010306,2.624921032563161e-05,2.9517355578631313e-05,2.1246179041595754e-05,4.124951007649419e-06,2.727599423423771e-05,0.0002614575899667683,9.744425423499095e-06,2.4830403876614157e-05,2.0539327643553555e-06,3.6307953489905954e-06,3.1503031960180474e-05,7.666707761085793e-06,2.0505943715456313e-05,2.309571782209033e-05,4.077495619094326e-06,1.079837981961102e-05,7.1188858654449816e-06,8.395488999568938e-06,1.452090794914068e-05,5.89138310023028e-06,7.528636658387515e-06
HPO__HP:0011968,2.604943439197778e-05,2.318933444371175e-06,4.4559054902614415e-05,3.843678878729034e-06,0.0,9.843008977303974e-06,2.2243119424070897e-05,5.49051851970676e-05,0.0,5.378674088484708e-06,4.245781883370669e-05,1.8976614743351736e-05,5.127955686830574e-05,1.1451879881420124e-05,7.008891845527805e-06,7.998877067479821e-06,4.027124034098104e-05,8.491084020941259e-06,0.0001700080871937054,4.004216347364771e-06,1.5948765784129153e-05
HPO__HP:0000358,2.5934188080821563e-05,8.795297980012594e-06,2.1474324354666716e-05,9.179010138819165e-06,8.222353487955443e-06,0.0,3.7467178079500675e-05,4.974061922602886e-05,6.1472687385503905e-06,1.4635410992199617e-05,5.61360022091792e-05,1.764809251526181e-05,3.779034176156561e-05,1.2276112286418908e-05,1.57839598358961e-05,2.0634215592422986e-05,1.951894004020489e-05,9.418576600773653e-06,0.00015331711865238513,1.2285078964502526e-05,8.213860160086833e-06
HPO__HP:0011003,2.578948982816887e-05,1.0952770580223416e-05,0.0,0.0002232516641489415,0.0,0.0,0.0,6.616838137022882e-06,6.5431033800862365e-06,0.00010756057552920535,0.0,1.5417602316924853e-05,0.0,6.550965743344399e-06,3.5969843384108855e-05,2.148855934622708e-05,0.0,2.353976860999793e-06,7.532118715068938e-06,6.704173825298485e-05,4.510040168238798e-06
HPO__HP:0011555,2.5653365306834577e-05,1.0248547883221399e-05,2.3177731541706926e-05,7.954855085670728e-06,2.7225971385923547e-06,2.4447650825202227e-06,6.0992154469886275e-06,1.626046569940058e-05,9.744975328665206e-06,1.0314611123184353e-05,2.34297867486323e-05,1.9845274492140427e-05,1.7493893437291743e-05,2.159910544171693e-05,1.0802883287017268e-05,1.4460210522591176e-05,2.040737206405597e-05,1.9573379122780266e-05,9.855428823085041e-06,1.0098554799081517e-05,0.0002565336530683485
HPO__HP:0001336,2.5604032393464953e-05,1.7439028872915232e-05,7.69848033102345e-06,2.240894894002358e-05,5.000954096648692e-06,3.944499980544975e-06,9.747797478539095e-06,1.0658820093371559e-05,0.0001764882435201155,2.7424790412043824e-05,9.978439355265351e-06,1.64307585238153e-05,1.0670670438812903e-05,2.043767985065366e-05,1.9684313556808203e-05,1.0284435307196675e-05,3.541138733246502e-06,7.986357923424701e-05,1.7740645351805584e-05,2.063961032763331e-05,2.1997813464588546e-05
HPO__HP:0001636,2.487956651359432e-05,1.886744244471841e-06,3.321654588169557e-05,7.906476721904813e-06,5.084886518710031e-06,3.0447881180259784e-06,1.9336384885344217e-05,2.9832344683988435e-05,7.1622341970321145e-06,5.875996646463002e-06,2.6267491691378382e-05,7.303609317822295e-06,0.00024769165723727694,1.531866308727643e-05,1.0028154491288756e-05,8.844941729276663e-06,2.4437377509549774e-05,1.126459329944395e-05,1.588438230479241e-05,6.368450330765866e-06,1.0835607375379045e-05
HPO__HP:0001591,2.4875886182059908e-05,3.1269250873081405e-05,5.915582201848416e-05,0.0,0.0,9.926763204189147e-06,8.981704919052486e-06,3.7298346675988414e-05,0.0,1.686196654147293e-06,2.6287707068981497e-05,1.645750045951661e-06,3.109475794216984e-05,4.021860967956022e-06,3.71468366991956e-06,1.880026871969932e-05,0.0001519986647758037,3.178762640882381e-06,9.851077565494524e-05,3.178762640882381e-06,6.767645169064113e-06
HPO__HP:0100543,2.4695322985590824e-05,4.4075936523147085e-05,0.00014434463946101262,0.0,2.515858753059308e-05,6.289428822204851e-06,9.870425187255062e-06,3.6766498776900824e-05,0.0,0.0,6.0815116024197985e-06,3.0345153405579484e-05,1.7201350764675454e-05,5.187493104676011e-06,1.209900787227407e-05,3.9177503193472575e-05,2.649521546177533e-05,7.745596957178368e-05,9.697166713152429e-06,0.0,3.6605717208941827e-06
HPO__HP:0001344,2.4589032269903036e-05,6.745837791858735e-06,3.6107225318878686e-05,1.0697206843456229e-06,2.4603931214797964e-06,3.455949564089501e-06,2.7797498915440416e-05,0.00014463000378956152,2.9110163011620623e-06,5.0621995965421445e-06,4.451798343574379e-05,8.417993239122545e-06,0.00010137622282022332,1.376490349007685e-06,9.703734937893146e-06,6.310520017932779e-06,1.8207288335770675e-05,1.2680090889475466e-05,5.0381366639429135e-05,0.0,8.56910965010366e-06
HPO__HP:0011505,2.43945833602913e-05,3.47847666239205e-06,6.243597933246636e-06,1.9007909551757776e-05,0.0,0.0,4.910164407867619e-06,7.767498471896298e-06,1.3152928111885387e-06,0.00010205191013825323,4.7647190020742945e-06,1.0576606537785548e-05,1.9393408905980062e-06,1.55256964961037e-05,0.00023272652551079037,1.2352758002781786e-05,6.878669804032518e-07,6.878669804032518e-07,1.4390081330332675e-06,5.269399628694243e-05,9.722432408308168e-06
HPO__HP:0000105,2.411123768222418e-05,3.0305112192489052e-05,3.601827640225723e-05,7.471495110461285e-06,7.560909809852681e-06,8.217006994839264e-06,3.467990554295378e-05,2.596973029942981e-05,5.333425670483375e-07,4.421489718075358e-06,0.00014155624406047364,5.5077568624018756e-05,3.201920033859343e-05,1.5089014260160124e-05,1.4955153617531417e-06,2.2283071032961045e-05,1.6129665121399588e-05,3.197092552962923e-06,8.884785858828849e-06,5.88511491854806e-06,2.543021287737719e-05
HPO__HP:0010296,2.3705266329931288e-05,4.553525517741604e-06,1.991018042744115e-05,8.641433545053494e-06,8.822450831016318e-07,2.2477554717150278e-06,2.348470899302762e-05,2.8808573319956792e-05,8.698274976605095e-06,8.448542816539848e-06,4.002008537009042e-05,9.227964626197985e-06,0.00023705266329931184,1.1931780708530411e-05,9.048366235806273e-06,6.583257679136222e-06,1.036751456446886e-05,5.2919763544981484e-06,8.409089377320732e-06,9.151386463108163e-06,2.1346001768974116e-05
HPO__HP:0003196,2.355455684868293e-05,5.894128815080756e-06,1.7049120610400118e-05,8.971701775774196e-07,3.0320505616382778e-05,2.8612045527459373e-06,5.495728691823681e-05,3.10774240508561e-05,1.782860517528825e-05,0.0,7.180069249059003e-05,1.8375768725988637e-06,6.168190217091661e-05,1.4216234470753564e-06,6.122604664304899e-06,0.0,7.080187706508862e-05,5.775973354497333e-06,8.340007851700181e-05,0.0,7.363362475016792e-06
HPO__HP:0012256,2.3458464783122892e-05,1.0593905452429446e-05,3.335647330699298e-06,7.724096929317269e-06,0.0,2.3469742587214024e-06,0.0,1.1046399620548291e-05,5.145756100295243e-06,1.383212753812466e-05,1.6814927481963276e-05,2.6545406543441317e-05,7.181541009557388e-06,0.0002345846478312326,1.7534964879114678e-05,8.813208041716231e-06,8.548555998768193e-06,1.2132716264195225e-05,6.993350331633486e-06,1.5764158928273093e-05,6.023091112242688e-05
HPO__HP:0001399,2.3455369766162918e-05,1.3203950456247578e-05,2.2533750685909e-05,7.817143410434806e-06,0.0,0.0002345536976616298,3.184265828079094e-05,1.72014290150451e-05,4.070135878359754e-06,3.6515368661887907e-06,1.5337002556527092e-05,1.3773024681137923e-05,1.8327424790149646e-05,6.971423508237222e-06,5.273270366366755e-06,9.891490165350234e-06,3.9766287762772044e-05,5.752231374706414e-06,7.888922995151002e-06,5.243881338021054e-06,6.008133530233378e-06
HPO__HP:0000718,2.2211962446461833e-05,7.615626926273865e-06,1.2077687345495914e-05,1.556655708929255e-05,3.229981297122382e-05,9.089419072401729e-06,4.7094656783330837e-07,1.612235970942805e-05,0.00012541965239256324,1.1324232848576804e-05,2.796947801555301e-05,1.0829133524408558e-05,2.1343317212642142e-05,1.883563522124437e-05,1.6041039086669683e-05,7.712649637873423e-06,1.9478446161836394e-05,4.89426648597669e-05,9.38755314298404e-06,1.3145571870224332e-05,2.056746527294436e-05
HPO__HP:0000340,2.219437329492385e-05,1.0142754849791817e-06,5.153221455115918e-05,0.0,0.0,0.0,0.0001894532963918309,4.040003692968308e-05,0.0,0.0,3.249043655740742e-05,0.0,3.231038098269124e-05,1.1832401553866135e-05,3.0048347777402973e-06,5.7341831270935865e-06,3.222638489671279e-05,1.7366030088355753e-05,2.0454390285080957e-05,0.0,6.06860027187649e-06
HPO__HP:0000319,2.209704759018127e-05,6.55232199841066e-06,2.293260422535559e-05,1.3893939893999096e-05,9.66245842099462e-05,0.0001150661683496075,5.786914313994566e-06,1.8195961924360814e-05,7.373279562580982e-06,1.136527734329372e-05,1.1393609674669542e-05,1.53525830960077e-05,3.226411480108636e-05,6.058456423846184e-06,9.127304975826264e-06,9.287092897777574e-06,1.6823862045265054e-05,1.1562205559765812e-05,9.964360058749512e-06,9.625246604393605e-06,1.2691063844688809e-05
HPO__HP:0001789,2.178252655172708e-05,2.209774693628529e-06,7.375944459073788e-06,0.0,0.0,7.130640983431416e-05,2.2044362535962707e-06,1.93163414531524e-05,0.0,0.0,3.34507583073658e-05,0.0,7.077584881609369e-05,1.0605877418342778e-05,9.414405608607585e-07,1.4462912526340193e-05,0.00014660925668410105,1.3584566492152349e-05,1.6548005154754924e-05,3.7967419032225724e-06,2.2462216477542333e-05
HPO__HP:0011220,2.1748018702978937e-05,1.1300273820041569e-05,4.042918941006152e-05,4.62019107087056e-06,0.0,1.1864348695557992e-06,5.28389266196846e-05,0.00010068153956685836,4.630477492943526e-06,1.5265592247129164e-05,2.9535536639785785e-05,7.089039752399973e-06,4.522409141976876e-05,7.2841434347681895e-06,1.0707990164494296e-05,0.0,2.3311768405772077e-05,0.0,4.894495023604149e-05,2.4691041173421305e-05,7.219187735981714e-06
HPO__HP:0005583,2.1644790639062475e-05,3.50903410756495e-05,2.09910882374567e-06,1.1567053679907263e-05,0.0,6.389169191647095e-06,2.2241119988306917e-06,1.2123691738634386e-05,3.6504531552055004e-06,1.1208828756793045e-05,4.276336426177379e-06,0.00021644790639062492,6.024291969535046e-06,1.1975508770303368e-05,1.220592722659128e-05,5.830361832449571e-05,1.2109462247323237e-05,2.534278100877587e-06,3.5656490302477127e-06,9.349919022946768e-06,1.1750156851713142e-05
HPO__HP:0009466,2.1600927311935857e-05,1.9741151799626918e-05,3.2035426208061974e-05,0.0,2.9055509691870173e-05,0.00011497912792229659,8.964892490147708e-05,4.040231461845932e-05,0.0,0.0,2.769246969946336e-05,9.060915486747022e-06,4.745395226119671e-05,0.0,1.8693885177687783e-06,0.0,5.046605799474246e-06,0.0,1.5032759332276204e-05,0.0,0.0
HPO__HP:0007256,2.1170623171613805e-05,1.252151339824487e-05,8.45162779935391e-06,1.929283622166517e-05,1.497017519619486e-06,0.0,9.965308211997398e-06,1.264098474075733e-05,3.48744448052447e-05,2.309037483148718e-05,5.830467143253587e-06,1.1639910085041462e-05,3.0999888898374913e-07,7.755057727346088e-06,2.1732370045047337e-05,9.206747213305803e-06,2.790065311854038e-06,0.00021170623171613747,5.232229924640028e-06,7.062825357577035e-06,1.781245249071936e-05
HPO__HP:0003027,2.1111322774439973e-05,4.1087109861502145e-06,1.4044588310789493e-05,3.2896269246055143e-06,4.49945767857098e-06,0.0001259579456133155,1.218749194201096e-05,3.832119520962842e-05,8.538516225444289e-06,6.137168913500466e-06,2.583827120396408e-05,6.013184516902453e-06,3.749782498140515e-05,8.026033264050874e-06,1.1705256326388033e-05,5.691917463706048e-06,8.51552821310839e-05,0.0,1.700736165250295e-05,4.143514804356705e-06,4.063107340423599e-06
HPO__HP:0000954,2.103798989033949e-05,1.5976761705655865e-06,3.9358887876918626e-05,0.0,0.0,6.77696929449963e-05,1.1514759204875217e-06,1.5310833171435822e-05,0.0,0.0,6.272592586407198e-05,4.661416324384287e-07,8.099286068485757e-05,9.961751427709769e-06,2.089003094490683e-06,3.949684283213028e-06,5.553089585417015e-05,5.204596581447661e-06,7.145501995885552e-05,7.988380852827932e-07,2.396514255848382e-06
HPO__HP:0001642,2.1020702135216375e-05,5.930710308214091e-06,9.416082917168754e-06,8.01213014638824e-06,0.00020195748952292331,2.586638873030066e-05,8.327482939502686e-06,2.3483613946011477e-05,4.790102476080295e-06,1.0697642498428532e-05,1.188187061556515e-05,1.2891230706977591e-05,1.3322069073946507e-05,1.2774236570965171e-05,1.2265968793722803e-05,1.235153747223589e-05,1.1369345670901819e-05,9.129262567923999e-06,5.403252362121548e-06,8.681640411928471e-06,1.1861984973020642e-05
HPO__HP:0002876,2.098200906399319e-05,8.274514868175908e-07,6.0863049851907385e-06,1.2357639695015819e-05,0.0,5.135611238824332e-06,9.416185671377186e-07,0.000209820090639932,1.7931735426288938e-06,1.6725022800380195e-05,1.0778078431198823e-05,3.1043338099008704e-05,1.2902290047573708e-05,8.80142577087008e-06,6.529109353737606e-06,5.3941830893320284e-05,1.6690845168640427e-05,2.8995039173695957e-06,2.5503450142700036e-06,3.7624385070050638e-06,1.6054063120942232e-05
HPO__HP:0030629,2.0630178051287754e-05,5.093676383909237e-06,1.063412311467212e-05,0.0001792408983413905,1.4012006362922518e-06,8.474981020130765e-07,4.965242348457186e-06,1.3290990528010888e-05,1.2250594058933354e-05,4.1710802966143966e-05,6.078994486055517e-06,9.091324144919136e-06,5.294051305829718e-06,4.507496968571314e-06,2.8392238105513552e-05,2.195590958228902e-05,5.987343054787752e-06,6.202176185689498e-06,3.540406345962756e-06,4.455878026231445e-05,7.5598141039998835e-06
HPO__HP:0002335,2.0605726932573232e-05,0.0,4.644358392999647e-05,8.302096596571885e-06,2.612408410081746e-06,1.6928259585343688e-06,1.0218153478787133e-05,0.0001548968672378978,5.532743012356144e-06,6.781008339900607e-06,5.139348088676921e-05,7.707877632650916e-06,3.079818750692633e-05,1.157593262032976e-05,8.519464629032195e-06,3.958204140852844e-06,1.807872743032202e-05,3.4711584916406256e-06,2.5950317145849666e-05,1.0232064293172441e-05,3.9494369097925245e-06
HPO__HP:0000200,2.0138428491264063e-05,4.293942012666524e-06,1.9272302936581793e-05,5.358847795567308e-06,3.127480307710558e-06,1.7432564985248668e-05,6.215485641018375e-06,1.2917796077843056e-05,4.678110831358161e-06,7.0396713720042754e-06,1.3834670177301571e-05,2.597278191491525e-06,3.2363867794330686e-05,1.0702989290203953e-05,1.0298384143823929e-05,1.0196916147734922e-05,0.0002013842849126417,5.455803187155497e-06,2.0367938689792085e-05,5.388744495776176e-06,9.841490835030605e-06
HPO__HP:0012043,1.972405250982569e-05,8.601519056081226e-06,6.156363797998291e-06,3.607563695239836e-05,1.3474521116399851e-06,1.589580061298395e-06,6.4361161278335954e-06,9.018510575815118e-06,1.007579836413158e-05,0.00019724052509826,5.719660193041272e-06,5.805727612773133e-06,5.3542592059792445e-06,8.477660589531752e-06,3.5407324632680656e-05,6.908580971039114e-06,3.83754357904707e-06,1.530021865875795e-05,5.668976252833595e-06,1.4557812976884192e-05,1.0901783378489537e-05
HPO__HP:0000076,1.9669752174959956e-05,1.1301294336659733e-05,1.4193706844248192e-05,6.038291012386548e-06,0.00019669752174959973,3.956315199466979e-06,3.885891514754722e-06,2.215929801986935e-05,0.0,4.930664125178282e-06,1.5788060472923722e-05,1.277805430588856e-05,1.5691295382848145e-05,1.4109542150979829e-05,7.546612736311504e-06,1.35625328432361e-05,1.8484457865388593e-05,7.139371458824874e-06,1.0591042999074595e-05,6.611100772194874e-06,7.929989709364422e-06
HPO__HP:0009882,1.9175389501203374e-05,1.2476282854833597e-05,1.1077169796272304e-05,4.306508847076568e-06,4.954975845027984e-06,5.605467709182354e-05,1.2516633961276833e-05,8.483298207516921e-06,4.6454534271552175e-06,8.924358784601393e-06,2.316122013709013e-05,6.476654510316769e-06,7.521876715541578e-05,4.1866415348075556e-05,9.06181492824359e-06,8.004414068422717e-06,6.048045076479515e-05,7.977987477234227e-06,7.066907382188929e-06,5.582226523827199e-06,1.5171572912873017e-05
HPO__HP:0031348,1.916090956362805e-05,2.7581794465213095e-05,6.778274237386528e-06,7.2568865013059695e-06,4.120324687464685e-06,0.0,4.521176665164904e-06,6.270440972771064e-06,1.9208074879589504e-05,6.0125285511590605e-06,1.836365002497467e-05,1.3743456340337643e-05,1.2734364518391319e-05,2.1730253176749944e-05,1.230493457095432e-05,7.051540033862166e-06,2.718503422662078e-06,6.34812208451002e-06,5.959848230231341e-06,8.90492227350941e-06,0.00019160909563632308
HPO__HP:0008897,1.89216115097586e-05,0.0,1.9674911905245626e-05,0.0,0.00016357776512452036,4.0802363464481575e-05,2.5153568734581316e-05,2.109591354956811e-05,8.161922101694037e-07,0.0,1.0723198308173292e-05,8.161922101694037e-07,8.84349065332488e-06,1.7220362909274922e-05,2.0594101726737882e-06,0.0,9.204329076297701e-06,7.5611460949824126e-06,2.509523218557423e-05,1.550765199321867e-05,1.0280501602916363e-05
HPO__HP:0100582,1.8513816641337507e-05,1.0068908629654227e-06,1.582254550635925e-05,4.1984961161768186e-06,0.0,0.0,1.1619821220264625e-05,1.8859968505203855e-05,0.0,7.890006055402955e-06,2.2474363760093135e-05,6.953111473965262e-06,1.4477670647714392e-05,0.0001851381664133754,1.0652034998941398e-05,7.030223200309886e-06,8.396118766007097e-06,1.3210393081508528e-05,2.6752448963878585e-06,1.1597631151318703e-05,2.82736461707556e-05
HPO__HP:0002080,1.7936875526673864e-05,2.2667736942512187e-06,0.0,1.2915834092332699e-05,0.0,3.1284662596284174e-06,2.027122033107289e-05,2.1877553712427235e-05,1.19683524370129e-05,1.3271112556725713e-05,9.87437097199912e-06,3.814011033855496e-06,7.551810831189971e-06,8.480918103639456e-06,1.9264254458537368e-05,1.30110258000909e-06,6.765359922656599e-06,0.00017936875526673807,1.2453856123968782e-05,1.8378773478633965e-05,5.784984678798296e-06
HPO__HP:0001099,1.789147693215318e-05,2.5812397543012803e-06,1.4782841816098986e-05,3.1961016278623036e-05,1.1473276622772597e-06,5.054832246181689e-07,1.4882536110429621e-06,1.4724367992942035e-05,6.090037622179624e-06,0.00015488823593092375,9.40016930903869e-06,1.3067439319593091e-05,5.442746069078165e-06,6.707092092498962e-06,3.4089574108977885e-05,1.4299914257140233e-05,5.7647357014192956e-06,5.1864497694170405e-06,4.2441016189393836e-06,2.217046091055652e-05,9.28805159339735e-06
HPO__HP:0002023,1.7809366071649517e-05,3.7109939458757127e-06,2.206000342934336e-05,1.1896048325712017e-06,2.228427888249318e-05,4.2475426192628134e-05,6.575809681327906e-06,1.191776526151828e-05,2.7257513108479884e-06,2.077577199275495e-06,1.5424217080986992e-05,4.348516061924036e-06,4.197193346044044e-05,8.460350379100425e-06,3.0523290933265748e-06,5.614818186226811e-06,0.00013358803857299904,4.7822074791686725e-06,8.300904995858863e-06,5.154591282589066e-06,1.047220410448813e-05
HPO__HP:0032612,1.7739408605811113e-05,1.2251949341317687e-05,7.960085511686282e-06,6.13461676858493e-06,0.0,0.00017739408605811074,3.176857824785754e-06,4.731677381575612e-06,4.561427420514868e-06,4.949615316051663e-06,7.532446914635779e-06,9.302263131548446e-06,2.9466503640364628e-05,5.593268222561434e-06,1.0155876540468584e-05,6.304212196867176e-06,3.064808805468463e-05,7.391763593447547e-06,7.91862685196841e-06,5.494770508637982e-06,1.3820036838409976e-05
HPO__HP:0002980,1.763023393534048e-05,0.0,2.675080119092002e-05,9.124041594553586e-06,0.0,7.695541114797023e-06,2.0264177360174787e-06,6.636501203785934e-06,2.850089470280975e-06,1.08307301112723e-05,1.4683990546031852e-05,1.1833489506893246e-05,3.9527470942735834e-05,1.6064967094047985e-05,5.7441504868611294e-06,2.2306317986770315e-06,7.542621171183118e-05,3.855107251785384e-06,0.00010087612764156775,6.43631913583604e-06,1.0012090168914978e-05
HPO__HP:0000646,1.7522927660992005e-05,1.000835023708847e-05,1.6671933486768445e-05,1.1790394448129655e-05,3.660418715586683e-06,0.0,3.4006727839553807e-06,1.0627984601282877e-05,8.521134035643612e-06,1.1748893193242594e-05,8.062341106468123e-06,2.2842658338710165e-05,6.033449175498519e-06,7.773702083130634e-06,1.742425577682562e-05,0.000175229276609897,7.598159707624649e-06,6.710788075917082e-06,7.92606915651015e-06,7.748743695353021e-06,6.679327992207166e-06
HPO__HP:0004734,1.700406231768977e-05,1.6967443334080257e-05,2.4293437391140586e-06,1.3241055653071655e-05,0.0,0.0,1.2098622869689975e-06,1.1397263205484534e-05,1.4350548171866264e-05,1.4915205064343331e-05,1.649038498580425e-06,0.00017004062317689753,3.3875518167100623e-06,4.59968940360362e-06,1.097489651731901e-05,4.128179105454373e-05,6.092327947817688e-06,4.569160724102128e-06,2.9827936990860795e-06,1.1337301522992116e-05,8.655350537213994e-06
HPO__HP:0011069,1.675764872594207e-05,1.0846482560031072e-05,1.4520031177188476e-05,3.6412852611611527e-06,4.803893959614481e-07,3.445766334851093e-06,2.7168895635510184e-06,1.6975935685029738e-05,5.2651675230391965e-06,3.865354727395722e-06,1.5995345314550356e-05,4.672557753782421e-06,0.00016757648725942067,1.4391180719693618e-05,6.345408460409401e-06,2.9570014190597798e-06,2.4407744174328007e-05,7.3809499120086666e-06,1.2005293948368326e-05,4.152117373777755e-06,1.3511585955233529e-05
HPO__HP:0000648,1.6713622499812426e-05,1.5228074605801745e-05,5.40590157080568e-07,1.0720401108133838e-05,0.0,5.28950252027175e-06,2.162360628322272e-06,8.361410596137088e-05,9.137369500686725e-06,2.1947260073799446e-05,1.3169210994948027e-05,5.050497242809783e-06,2.751998240256395e-05,1.4541043349236727e-05,1.6113561107456634e-05,2.162360628322272e-06,1.252456381433291e-05,6.009842028322152e-05,8.54999951468222e-06,1.3404550557603556e-05,1.2498595545603482e-05
HPO__HP:0030844,1.6690710735494615e-05,1.0747238024412858e-05,1.8925436673962609e-06,0.00016690710735468714,0.0,0.0,2.0855832394788932e-06,1.3114231628907595e-05,1.2269364665083846e-05,2.4445968425702837e-05,5.149780300755445e-06,2.5933416601310345e-05,0.0,4.505801155570367e-06,2.8204532376351306e-05,8.989672998290688e-06,3.452460725618683e-06,6.281634565985623e-06,4.5610223265145834e-06,1.1403297299733659e-05,3.870559354092189e-06
HPO__HP:0003477,1.6269146258862104e-05,2.3464547211597897e-06,3.4983848939483258e-06,2.541568037637554e-05,9.481431077178643e-07,1.1839517451217428e-06,9.157462878208047e-06,4.764466044310759e-06,6.105836046541845e-06,1.770146303995228e-05,1.3564091772669893e-05,5.934942796466552e-06,1.479068714784317e-05,1.2663354964464343e-06,1.2966227144993967e-05,6.818867026178175e-06,1.772422039972558e-05,0.00016269146258862107,1.0981511703201162e-05,6.2569612857256e-06,1.2657749620343834e-06
HPO__HP:0004409,1.6197630596543063e-05,1.409111333223111e-06,0.00016197630596543122,2.1856391556318607e-05,0.0,4.476262649614984e-07,1.7000399889910104e-06,2.4509547323661096e-05,1.3759275966453643e-06,1.0106999887150912e-05,7.004710147970331e-06,1.3002176805469716e-05,1.674805721331192e-05,4.725270653377668e-06,5.532199890684346e-06,1.750370069592359e-05,2.1663247685160747e-06,5.690253004232912e-07,2.3933612942332858e-05,6.927422027916617e-06,2.458161568552261e-06
HPO__HP:0002084,1.6160838589318867e-05,3.0647566939783233e-06,1.052266644372684e-05,3.3373623545826643e-06,0.0,0.0,2.1151853637403702e-05,0.00011589644421876923,2.256328889329142e-06,5.6539631835164355e-06,3.486195013648799e-05,1.6922466669968612e-06,6.41590850497423e-05,2.992731347637196e-06,1.4659739106738098e-05,1.128164444664571e-06,2.1621054314017793e-05,0.0,1.0449651425252229e-05,7.645303123497572e-06,2.1234707500367647e-06
HPO__HP:0012384,1.6122384318835175e-05,1.0610160771355115e-05,5.3562047931370165e-06,9.699812627819048e-06,0.0,1.11468054761901e-06,2.912526079460746e-06,5.065009802950373e-06,3.083072260052961e-06,8.286502584563102e-06,7.806555839563034e-06,1.3216766439525651e-05,6.532770519913362e-06,0.0001612238431883526,9.0803520776533e-06,8.154641862449029e-06,6.534902062451838e-06,9.72289831996772e-06,3.6085782100903526e-06,8.462145407726427e-06,4.197626298205301e-05
HPO__HP:0002869,1.6108716804184916e-05,1.2275030897333005e-05,2.3403432766320388e-06,4.871621409367809e-06,5.046963993237991e-06,5.218366792468052e-07,1.276514793221096e-05,4.092356344330632e-06,5.038011097986306e-06,6.271277463714051e-06,1.802597053019778e-05,3.511002279768486e-06,1.2732231367170164e-05,2.58422689770707e-05,1.1437369354519658e-05,2.5470266303472663e-06,3.749925509635901e-06,8.293687614976556e-06,0.00016108716804184923,1.1635079525764816e-05,1.0090017158338018e-05
HPO__HP:0006487,1.5942875186140695e-05,5.046503111438629e-06,7.5895463571952295e-06,5.169119736225216e-06,5.073202744780253e-06,9.626271216213303e-06,1.1274774081128427e-05,5.191791808007559e-06,2.8722856759596907e-06,6.872646484996371e-06,0.00015483240683626128,4.982758430518406e-06,3.881148520741048e-05,1.0869115546133561e-05,4.36475752214406e-06,7.347400338458002e-06,1.813421649284888e-05,3.6967514087699257e-06,9.051112244467876e-06,4.590960789988149e-06,3.4603976898687245e-06
HPO__HP:0000239,1.5883174803525736e-05,2.6092381373392644e-05,4.336024976715748e-06,0.0,7.956922798078245e-07,2.634399335232673e-05,7.172467444274092e-06,8.728454643585171e-06,0.0,0.0,0.00015883174803525736,2.94318809036451e-05,2.0541458527448874e-06,1.1363936386089833e-05,0.0,4.574400695166836e-06,1.3862351102682755e-05,0.0,1.7038416864983567e-05,0.0,7.037602159842583e-06
HPO__HP:0007688,1.5850057080294995e-05,7.083327242589168e-06,8.609786502192585e-06,2.3739458724933867e-05,0.0,0.0,2.7370864211441644e-06,8.386204955589139e-06,1.503553453453694e-05,0.00010937482053333653,0.0,9.448104353302529e-06,1.706835788502159e-06,2.9998941859661565e-06,5.165650311121396e-05,9.418075856793234e-06,1.1378905256681057e-06,7.021924439518569e-06,0.0,5.612441928914757e-05,2.5212751414650827e-06
HPO__HP:0004970,1.5826779405960115e-05,1.1073646645340905e-05,0.0,7.875764878429802e-06,7.349853076947071e-07,1.1281578868086022e-06,3.7444255542029824e-06,7.20668099470012e-06,2.261587512134641e-06,8.247874203783356e-06,1.2201566315259773e-05,1.4973840445142547e-06,1.1041709422234023e-05,4.5702985695202805e-05,9.303944961839045e-06,7.735565338298073e-07,1.6368989207337957e-05,7.5572864398137e-06,7.259118826957811e-06,4.28812962951658e-06,0.0001582677940596014
HPO__HP:0002126,1.5743314279302488e-05,7.204302633281015e-06,0.0,8.186365992833199e-06,0.0,1.0215528319746056e-06,2.577548515831841e-05,4.177345654792607e-05,3.1914257580546257e-06,5.832491183418124e-06,2.086908023464123e-05,0.0,0.00012135351800858044,6.595615549269566e-06,3.2268512044150097e-06,0.0,2.3145035859298413e-05,1.4564312049612004e-05,9.699403886953936e-06,3.5738798416666355e-06,1.8853508845806583e-05
HPO__HP:0000668,1.574107784821028e-05,0.0,8.698866612828944e-05,0.0,0.0,5.0300190275315736e-05,4.1199869598994846e-05,2.9500603398260297e-05,0.0,3.643984876785341e-06,1.130394068156864e-05,8.932269101894766e-06,2.193872032198331e-05,0.0,1.2146616255951124e-06,1.9693178944925104e-05,2.8347314125101854e-05,4.574591676546202e-06,5.478478424493828e-06,0.0,1.70508778445097e-06
HPO__HP:0000278,1.5438242981858077e-05,3.226839464963882e-06,7.846699595373807e-06,0.0,8.419203483958004e-05,3.073506295640948e-05,3.1268872275895895e-05,1.8503754277920378e-05,5.146388500396927e-06,0.0,3.155525950943293e-05,1.1687721976626097e-06,3.5116707479776607e-05,2.3331180463142033e-05,0.0,0.0,1.86441771038496e-05,4.2367505209896325e-06,5.456436978162112e-06,0.0,8.335923473605674e-06
HPO__HP:0001737,1.533522338605066e-05,2.972979327904378e-05,0.0,1.8351441034726052e-06,0.0,8.360047363994169e-05,9.428105588594543e-07,2.6309849570993534e-06,1.2280032760499909e-05,6.785554032664336e-06,2.630367544366411e-05,1.16885132946098e-05,5.71158384835022e-05,1.3364965594830653e-05,7.039618573170206e-06,4.145948312049413e-06,2.6270753686592707e-05,0.0,1.703936359743304e-06,3.304287099340834e-06,1.796213754192874e-05
HPO__HP:0000308,1.516055259724295e-05,0.0,2.6737315644681875e-05,0.0,0.0,5.186839494701358e-06,8.823456838708527e-06,1.3947515956548504e-05,2.472705300847463e-06,4.294544604755231e-06,2.0442336810605873e-05,5.544437464028055e-06,0.00014614138063538212,4.381357337850418e-06,2.0773190945205157e-06,2.6577481117251806e-06,1.953693782234209e-05,2.472705300847463e-06,2.606279648196643e-05,4.945410601694926e-06,7.486244443653026e-06
HPO__HP:0100750,1.5087883772605616e-05,3.4000336068445585e-06,7.893547592940388e-06,4.583526312123532e-06,0.0,0.0,8.611986869068462e-06,1.020301559814312e-05,3.0716517854963427e-06,5.678453968865722e-06,1.6006567176877596e-05,4.000194505885805e-06,1.1061319661070498e-05,0.00015087883772605895,8.20012776786121e-06,1.3888124495479689e-05,1.1151693914374267e-05,4.660138898346505e-06,1.6641477854763064e-06,1.555507031312208e-05,2.1249237474077457e-05
HPO__HP:0031245,1.4988343395851882e-05,4.641001694449472e-06,4.577059724002327e-06,8.835607628238297e-06,0.0,3.31496964811339e-07,2.3488963989873456e-06,6.927300752761056e-06,0.0,4.772100739821469e-06,2.8152212534925917e-06,4.636772131668173e-06,1.5661490533806565e-05,0.0001498834339585141,1.0059819424617178e-05,7.077718226864619e-06,4.4347974700524597e-07,2.1536739380414812e-06,2.1801539713143277e-05,6.7128925648555484e-06,4.6087362521957604e-05
HPO__HP:0012622,1.486759767594454e-05,5.43433447473652e-05,6.935575011307617e-06,0.0,1.8560783906501664e-05,9.135308970889289e-05,9.549703147762303e-06,1.390040822804121e-05,3.1819213368014137e-06,6.363842673602823e-07,1.4214302347146332e-05,5.870244983747992e-06,2.061936906712854e-05,2.4432823681298975e-05,0.0,0.0,6.713526650901727e-06,0.0,6.620004560335239e-06,3.3567835659974594e-06,1.7063688308302342e-05
HPO__HP:0012259,1.4851774441261649e-05,0.0,1.0045459757297252e-05,8.04613185509004e-07,0.0,0.0,0.0,1.1303561284439201e-05,1.609226371018008e-06,5.948459602032744e-06,6.511692283533225e-06,9.256635915554594e-06,5.248793627971899e-06,0.0001485177444126185,3.127469136068393e-06,6.285964381612341e-06,1.2046775033115105e-05,1.9710159282884313e-06,2.3499542747600383e-06,1.4993729382913222e-05,5.7014394248501114e-05
HPO__HP:0009760,1.4710119120418939e-05,3.819675100773708e-06,7.633877855071712e-06,4.542051566558026e-06,6.488801852385704e-06,5.113645662716573e-07,1.087748385161762e-05,1.0385818481180441e-05,9.038001759518902e-06,4.259772554975378e-06,0.00014710119120418954,2.9389709783843417e-06,2.4777629290968568e-05,8.083794498548455e-06,4.916354977508951e-06,1.39577737851582e-06,1.0763874580909972e-05,5.823820887339458e-06,9.577266786533525e-06,1.1752180307018536e-05,9.514673930108346e-06
HPO__HP:0002871,1.4653961749211075e-05,1.8450026902178907e-06,3.3064409815455232e-06,2.5357064019002727e-06,0.0,1.1338475608708206e-06,8.650400055532023e-07,0.00014653961749210603,1.7820374314084626e-06,7.69906504775729e-06,1.0686255247404438e-05,4.832901231750129e-05,7.608113351829711e-06,3.885694154044293e-06,4.766519499361972e-06,3.5138387674406196e-05,6.2446063233907715e-06,1.634759101077583e-06,1.8174630517146759e-06,5.008408082134249e-06,2.2532585699967003e-06
HPO__HP:0007814,1.414438792172389e-05,0.0,0.0,0.00013713992487242869,0.0,0.0,8.002336257564913e-06,2.498314052104075e-06,1.0278830591219222e-05,1.3323282179682674e-05,0.0,1.2552492425945124e-05,0.0,6.245785130260187e-07,4.8659477723074975e-05,1.0475661615455768e-05,0.0,5.0820596262275434e-06,0.0,2.47218634966131e-05,9.5289370811356e-06
HPO__HP:0040049,1.4138719354367874e-05,6.956051097628507e-06,1.74820536639625e-06,4.33899669160595e-05,0.0,0.0,1.5584630675146017e-05,3.3760096576182974e-06,1.1993063444192811e-05,2.7443067370162608e-05,0.0,7.495354603212102e-07,0.0,2.2572136844677725e-06,0.00014138719354367816,1.2492257672020178e-06,2.498451534404035e-07,1.0068740856354748e-05,2.3202250906556814e-06,1.091764126017516e-05,3.083771743858399e-06
HPO__HP:0002198,1.3505111769161028e-05,0.0,6.535706501161195e-06,2.187440015827576e-06,0.0,9.782896343333717e-07,6.031721446861215e-06,3.579866372506737e-05,0.0,1.892514513091532e-06,9.80847619031037e-05,1.2207358670268047e-05,2.793435588469979e-05,1.2131916445705791e-05,1.7210848438360644e-06,1.2157472870249692e-05,1.225096030327297e-05,2.0842749567529466e-05,6.207999957856981e-06,2.6817839619038443e-06,1.0457455138452097e-05
HPO__HP:0001761,1.3432758408952152e-05,2.502662750224847e-06,1.043946813404814e-05,4.751572398821545e-06,0.0,0.0,5.5344544187242425e-06,2.6891011844952384e-05,2.326808693916709e-06,6.5315286495744045e-06,8.479213306183375e-06,7.757317757789965e-06,9.880786432907667e-06,7.913492065830277e-06,3.151283555296451e-06,8.15572391155306e-06,7.020040757175235e-06,0.00013432758408951355,9.835100021320968e-06,6.431673727306968e-06,6.7254456639029305e-06
HPO__HP:0007703,1.3405468935487602e-05,1.3143932348678052e-05,5.735496675472634e-06,2.1376948837066107e-05,0.0,0.0,2.9905551828481947e-06,6.487030769479517e-06,1.8949863695663906e-05,2.7533961265094625e-05,0.0,1.733266956519824e-05,1.9376951895547807e-06,2.142007555069722e-06,3.0918773907167366e-05,9.37871238824556e-06,0.0,1.2595018732106078e-05,1.9376951895547807e-06,9.564901740855262e-05,0.0
HPO__HP:0002120,1.3351124185139619e-05,1.1564951049044998e-06,2.588439261519595e-06,1.0890796221228046e-05,5.339815795114711e-05,0.0,2.0835729880966216e-05,3.078297015015861e-05,9.07042794052408e-06,1.3748355582604874e-05,8.28948720230782e-06,0.0,7.474358974358954e-06,2.591991341991343e-06,1.8787877254226806e-05,0.0,3.235549076899494e-07,4.413503864359871e-05,9.706647230698477e-07,3.894766343865043e-05,3.0304751238457426e-06
HPO__HP:0100702,1.3240396457668515e-05,4.283699546119915e-05,1.0024848982361696e-05,3.2765066754776974e-06,0.0,6.064931390999292e-06,3.628517871040962e-05,9.46697810444932e-06,1.0601120853217098e-05,2.1196805980955025e-06,1.0109709936468678e-05,1.6329532505274277e-05,3.814535896913163e-05,1.0394335755049991e-05,1.0789152890575118e-05,9.32995087149317e-06,1.3532869271161532e-05,1.1688876030053876e-05,1.5963435940641404e-05,4.338889158163679e-06,3.5095770491473514e-06
HPO__HP:0000482,1.3231885797001325e-05,9.666410615074333e-06,1.3767454556053477e-06,9.076491168612632e-06,0.00013231885797001136,6.686783182748055e-06,5.605362888952865e-06,1.2192405076690469e-05,3.694048048952778e-06,7.845665280739554e-06,7.907529840944555e-06,8.260612057166633e-06,5.3470794716323946e-06,9.846816266902503e-06,8.701183003304981e-06,5.0822639031228076e-06,4.923220081208446e-06,9.075708143079447e-06,5.452197459665184e-06,4.925138844457864e-06,6.653197181154275e-06
HPO__HP:0000640,1.315542280346952e-05,6.797231405279058e-06,3.3354195747680983e-06,1.0377399241506536e-05,0.0,0.0,0.0,3.3323933388922264e-05,2.4836171984250616e-05,1.1113203667856538e-05,3.625604226435986e-06,9.183724324461068e-06,2.9208065109180268e-06,2.9709779444185725e-07,4.694985463847919e-06,3.0739745722301814e-06,4.180467735035128e-06,0.00013155422803469454,3.954532742998282e-06,5.232796871926385e-06,4.6068785298179715e-06
HPO__HP:0002162,1.3028184072150239e-05,9.382336385343832e-07,3.9815191031603385e-06,4.45038712718126e-06,0.0001234009962826473,2.670056087780477e-05,2.9677989347250182e-05,2.4757629083938273e-06,4.2173737375867045e-06,3.162418221478198e-06,2.7591943013129035e-06,0.0,3.2086171356728636e-06,1.0029307694811001e-05,5.534694931021317e-06,0.0,8.79267063760494e-06,3.8111949532387776e-06,1.7765134397670995e-05,4.938516852428947e-06,4.7191092952059465e-06
HPO__HP:0000763,1.2729315768957233e-05,2.041392099977971e-06,3.8162323369421585e-06,1.0257839447652e-05,3.4324097682470298e-06,0.0,1.4512190723208632e-05,7.359349394988761e-06,1.6315088611093817e-05,1.156701577604782e-05,5.060274114226786e-06,3.5428882599388226e-07,7.457659102048734e-06,2.20978503576211e-06,8.912614154590575e-06,0.0,4.9674565332704365e-06,0.00012729315768957277,6.148950255789961e-06,1.1794806123610682e-05,1.1085805386120433e-05
HPO__HP:0011577,1.2672735856643036e-05,0.0,1.5649565705577328e-05,3.6894859254125877e-06,0.0,5.73778363052052e-07,6.8864226705751685e-06,2.330110154911922e-05,3.406280620525044e-06,9.412815058626271e-06,2.5164609064876514e-05,7.790421535788418e-07,3.1632124266481407e-06,5.670389248806902e-06,1.1325744373954163e-05,2.8118032839992533e-06,9.36345600411666e-06,4.294781490418844e-06,7.3787912078808935e-06,7.295709443939841e-06,0.00011328772854175301
HPO__HP:0001276,1.2667849556218174e-05,1.7374434329716015e-06,1.0772258039796637e-05,5.791478109905332e-07,5.420773054430946e-05,0.0,4.670342982537522e-05,8.766533830520728e-06,0.0,2.895739054952665e-06,6.160739563477672e-05,7.354340174913158e-06,9.781295872092732e-06,1.476146732282177e-05,5.672645888492691e-06,0.0,3.70962801498466e-06,6.037542863273231e-06,8.414448423699992e-06,1.7374434329716015e-06,8.618500957419925e-06
HPO__HP:0002365,1.264683149434657e-05,0.0,6.102791598194854e-06,1.018818678352664e-06,0.0,3.1138498534213752e-06,0.0,0.00010266217122405163,5.904546977263421e-07,2.072032220997311e-06,1.2751416969480042e-05,1.7312461535940715e-05,1.725414555409833e-05,9.40111093083638e-06,3.4189921707035252e-06,3.102855094891817e-05,2.3883816271012756e-05,6.043079652269168e-06,4.403104983035295e-06,9.514053969834079e-06,2.365778628058887e-06
HPO__HP:0000164,1.2404239358332136e-05,2.32328502306556e-06,0.00012404239358333854,7.773248909556923e-06,1.7135962450846544e-06,0.0,6.69305033571218e-07,1.2519959332465602e-05,8.567981225423272e-07,5.6316221358367296e-06,1.1019637520791253e-05,5.8082125576639e-07,8.536393977774745e-06,3.34441277078811e-06,1.1891999413813443e-05,2.3765316120201932e-05,1.347965123937655e-05,2.687745667646322e-06,1.1976652866684973e-06,1.058999408383108e-05,5.4609414445227545e-06
HPO__HP:0100732,1.2344172941695369e-05,2.602110101763963e-06,8.912375025393266e-06,1.9205388250666943e-06,1.7656257614522424e-06,1.1699728023691534e-05,8.008759705761269e-07,1.0374953443687182e-05,9.951553361421918e-07,2.5697314107017803e-06,1.03648183033719e-05,1.851088610569418e-06,1.287868796462366e-05,1.550014417563048e-05,2.3188199854374185e-06,7.319857428755566e-06,0.0001234417294169676,0.0,1.867079054969906e-05,8.217164022748295e-07,1.2074712098102491e-05
HPO__HP:0032948,1.2330751877465445e-05,7.95275803011932e-05,2.0879567575482157e-06,1.526620320359087e-05,0.0,0.0,3.0312996503826466e-06,4.9038193314540566e-06,1.663722124741144e-05,1.251548013275729e-05,3.3148422971118664e-06,4.3779938473461014e-05,2.777800976517491e-06,0.0,2.2266874339736883e-05,1.3736128473669925e-05,5.147880807935981e-06,8.552973974424992e-06,1.4121495380729e-06,8.060713642875275e-06,3.5961744011648997e-06
HPO__HP:0000528,1.2302125578534469e-05,5.985166105843897e-06,1.3792903055931816e-05,6.567838906853628e-06,1.0557949444159904e-06,0.0,5.560604428355363e-05,9.103652741695816e-06,4.739410451558984e-06,6.50046169334132e-06,6.590427189234887e-05,5.861343667350833e-06,8.704541407167159e-06,3.7865504151321385e-06,2.484778122786493e-06,4.417799738475137e-06,7.834466909564629e-06,0.0,1.7421262852184464e-05,1.6523068343472512e-06,2.4623917548137276e-05
HPO__HP:0000360,1.2180708174161277e-05,2.9683758181834953e-06,0.0,1.8334583143549847e-05,0.0,0.0,7.090744046212178e-06,8.93788648821763e-06,1.1634959465451598e-05,1.921101901411756e-05,8.23667454122294e-06,0.0,3.824389780766018e-06,9.232655246175067e-06,1.190928232512533e-05,3.1587739691557868e-06,2.482286208091223e-06,2.8301116461581954e-05,8.125260642228535e-06,9.547489821643561e-05,4.691258116711058e-06
HPO__HP:0001371,1.2109159519856377e-05,1.4560854659147367e-06,2.118145066324376e-05,0.0,0.0,3.1129008552819685e-06,7.504417379273526e-07,1.7665990383899675e-05,1.8206821010532089e-06,9.707236439431612e-07,8.320536145367024e-05,7.151546804762373e-06,1.747801345149796e-05,2.6880935454928942e-05,9.38616641196569e-06,3.882894575772645e-06,2.234519774240985e-05,2.947487734384054e-06,3.211088930029414e-06,4.114883086350073e-06,1.462133990009243e-05
HPO__HP:0010757,1.2030048497045677e-05,6.818773895585004e-06,4.74903055363751e-06,8.723124726360992e-06,1.9248186679238633e-07,2.0951042712043658e-06,0.00012030048497047794,1.4613681200887101e-05,3.26173442420292e-06,4.209999165718964e-06,2.076658827970738e-05,5.502661680785605e-06,4.062122816865334e-06,1.1422805127339718e-05,2.7348997494314855e-06,3.823962972694598e-06,5.1382922514006215e-06,7.551034389438956e-06,3.905724024820479e-06,2.759174193805703e-06,7.96928937975636e-06
HPO__HP:0031565,1.2018200188374291e-05,3.0596819070578204e-06,4.148458450045701e-06,3.824787685766057e-06,1.1992704273913566e-06,0.0,8.581439734062256e-06,1.1969159725653776e-05,1.4483647767304722e-06,9.599940812217634e-06,1.0645375968774726e-05,1.7928125183780556e-05,9.252235997745045e-06,1.2492671950797459e-05,1.2559278045945147e-05,4.880576885646202e-06,2.117213253625479e-06,1.1709306948247706e-05,1.0066041154458426e-06,5.834899217859571e-06,0.00010810661268069311
HPO__HP:0010445,1.181177312139987e-05,5.307601275662328e-07,3.010945569791526e-06,0.0,0.0,0.0,3.961885626358901e-06,1.706205159627328e-05,0.0,1.149139158113006e-06,7.380413594502562e-06,4.632038568974053e-06,1.1717704376109966e-05,2.999970837443539e-05,1.6878984174577445e-06,8.106067495704589e-06,1.2299337760629936e-05,2.8726036658694593e-06,1.2242352631538006e-05,1.4648242506733662e-06,0.00011811773121399931
HPO__HP:0002789,1.1757932254779461e-05,0.0,2.4511956493757583e-05,0.0,3.212759928393214e-06,1.8505598516035606e-06,1.0435756896228897e-06,3.0933373480039555e-05,0.0,0.0,1.3402084501494948e-05,6.267912543142305e-07,1.2551609178227762e-05,4.1331479562806364e-05,2.659045790594705e-06,0.0,1.327203888604526e-05,0.0,8.700411538294701e-05,0.0,2.7592550957421654e-06
HPO__HP:0004691,1.1592477970453974e-05,0.0,3.6370986924050905e-05,0.0,6.482940438984691e-06,5.959247597816951e-05,0.0,2.6232914431142266e-05,7.656139323420019e-07,0.0,1.3453108582728034e-05,0.0,4.1641901701588e-05,5.185975749853331e-07,1.2855359495144398e-06,3.8566078485433176e-06,1.5441907973407652e-05,0.0,2.1881489209024584e-05,1.2138934146868099e-06,3.111585449912001e-06
HPO__HP:0001508,1.1393423238933974e-05,1.2514401499279892e-05,1.840201865506652e-05,0.0,8.227947552891232e-05,2.389136599096804e-05,4.255277853933519e-06,7.10478378076924e-06,0.0,0.0,6.813180669277364e-06,6.257200749639918e-06,1.4156044439428128e-05,0.0,8.710781666464342e-06,0.0,1.7692787915358422e-05,0.0,1.1420770790260661e-05,0.0,1.4370375239321316e-05
HPO__HP:0012623,1.1353583634537878e-05,1.0376284652464972e-05,5.493393831127611e-06,0.0,1.4412378570073734e-05,0.00011353583634537878,8.724881148885029e-06,7.835356221764916e-06,0.0,0.0,1.2493199922609547e-05,8.997643106488619e-06,5.234928689331021e-06,0.0,0.0,1.0555465377160017e-05,2.1086803785670256e-05,0.0,8.325501039802994e-06,0.0,0.0
HPO__HP:0031417,1.127880673907517e-05,2.289504921109387e-06,1.979112321280647e-06,1.8992067591287567e-06,0.0,0.0,1.4882966131138153e-06,8.188605994390117e-06,2.497533306398816e-06,5.338835255271421e-06,2.669336568294011e-06,1.1081914260138341e-05,1.9066005665467655e-06,0.00011278806739075177,1.1224341825519861e-05,9.307725222394403e-06,0.0,2.152810931642826e-06,5.246051269117625e-06,2.3482849213142874e-05,2.2035342363261952e-05
HPO__HP:0010066,1.1216129189998606e-05,9.26885965319518e-06,9.068040869206431e-06,0.0,4.532849056467773e-06,1.4093151042423632e-06,2.291965721313772e-06,3.503777271334108e-05,0.0,1.4089736488146666e-06,3.5831603876020996e-05,3.8052408271772797e-06,7.712351918664615e-05,1.321864089755416e-05,0.0,4.202280962726876e-06,9.045341596048903e-06,3.885423063163369e-06,1.266333642345239e-06,0.0,1.2926422981707792e-05
HPO__HP:0002164,1.121058326882121e-05,0.0,5.674186207177801e-06,4.3529238547748856e-07,0.0,3.829959906782709e-05,0.0,5.497067310811149e-06,1.2949729479720835e-06,2.8813993571488543e-06,6.198534590922414e-06,7.867324257516809e-06,7.688393245480631e-06,1.810872004913997e-06,2.679597770799331e-06,3.45326119459222e-06,0.00011210583268820571,0.0,1.6521951165442965e-05,4.35998136077085e-06,7.44339982136454e-06
HPO__HP:0001338,1.1089609943598784e-05,7.630347821799911e-06,1.0253535690570302e-05,8.133187594946804e-06,3.031044373871419e-06,0.0,9.90468975551453e-05,6.557058799634187e-06,5.78193991184722e-06,6.862514506918799e-06,4.181533815401375e-06,2.2791401650533294e-06,1.2534461263645329e-05,4.3081248563876716e-06,8.513040237782842e-06,4.2115787424824366e-07,2.912799972169657e-06,9.141137380242161e-06,3.879929207261602e-06,1.0955386671888853e-05,1.5368961173160675e-05
HPO__HP:0000071,1.0960666992790631e-05,3.6762507381505394e-06,4.883013495903263e-06,0.0,0.0,3.9798916853629164e-07,1.1092566227343436e-06,1.7151622732182693e-05,0.0,0.0,6.053592597452897e-06,2.2161110863008278e-05,2.243444412395977e-05,5.624937899239314e-06,2.236252094128188e-07,8.957399162183501e-06,1.0501866711746394e-05,4.472504188256376e-07,5.984310184570578e-06,0.0,0.00010960666992790632
HPO__HP:0010305,1.090547376391852e-05,0.0,1.7098368341823166e-05,0.0,0.0,0.0,2.879065490922397e-06,6.000860656694775e-06,0.0,1.4362521818247248e-06,8.026549245467669e-06,6.162122670413524e-06,4.966087548209583e-06,1.8598597559826325e-05,1.6101077193290714e-06,1.6674291585086746e-06,1.385142689456326e-05,6.907741588163003e-06,1.985012858343899e-05,0.0,0.00010905473763918521
HPO__HP:0002172,1.0870380049448546e-05,6.24697269620748e-06,0.0,0.0,0.0,1.9483779382573287e-06,1.6890021435706716e-06,3.3348128813971425e-05,7.535567168051398e-05,2.4569369398932105e-05,0.0,9.499020607827522e-06,0.0,0.0,2.839533043730668e-06,1.2664456598672574e-05,9.741889691286643e-07,4.8272879098158365e-05,0.0,0.0,0.0
HPO__HP:0006042,1.0776892942624717e-05,5.013779283899545e-06,0.00010776892942624726,0.0,0.0,0.0,4.922516939527341e-07,1.0623822501081529e-05,0.0,2.5237268175062215e-06,1.1669401664949778e-05,6.304357931712172e-06,7.701870398522098e-06,9.263664924686884e-06,1.4510553259168552e-05,1.7026351256940315e-05,9.707007953779744e-06,5.657919850460173e-07,3.0206198230892243e-06,5.1699368751710594e-06,4.175793056741217e-06
HPO__HP:0010626,1.02798791742973e-05,6.278711143070729e-06,5.6773671457397255e-06,5.195034747228041e-06,2.2670558411976387e-06,2.6915136785726623e-06,0.00010279879174297268,6.826391604374001e-06,5.021022085831017e-06,5.7868632519128985e-06,3.936843718118268e-06,5.78676951046691e-06,4.74959395874857e-06,7.767793712709076e-06,8.49787821838406e-06,6.743428265270965e-06,6.003768937083637e-06,6.633225161381763e-06,2.3989933710761402e-06,4.778494823924942e-06,5.758042567882153e-06
HPO__HP:0002071,1.0210993800628744e-05,1.1185362306061999e-05,5.8257052291485935e-06,7.290162606861086e-06,0.0,0.0,7.561360711376936e-06,9.099058370377683e-06,1.2760806298450715e-05,6.025970838126522e-06,4.874881058848345e-06,6.76690143049955e-07,6.398145227589649e-06,6.324466307755871e-06,4.713383375697369e-06,0.0,1.5237141725732608e-06,0.00010210993800628928,6.758454107020398e-06,6.18373266665904e-06,4.908044586688157e-06
HPO__HP:0034011,1.0170883440619076e-05,5.239652520449325e-06,6.031228254510541e-06,0.0,0.0,2.7379596731628946e-06,8.25376521384913e-06,7.304367958909142e-06,0.0,0.0,2.0615193610801397e-05,6.571107538349464e-06,9.233608600047186e-06,9.317536965521647e-06,6.915189701446202e-07,3.1241157239777948e-06,1.6872610403957665e-05,1.1272082645375494e-06,4.58896070797235e-06,0.0,0.00010170883440619073
HPO__HP:0000085,1.0130721498668239e-05,1.1002545360222662e-05,1.2968175877238338e-05,3.2754172384603845e-06,5.486655317366012e-06,2.1872418797821658e-05,5.443162143059682e-07,2.862755592254689e-05,2.4565629288452886e-06,2.7210648763581502e-06,1.762514389558513e-05,4.538821730334658e-06,5.2572445129815505e-05,8.264693236139048e-06,0.0,4.348933266976104e-06,1.0181089472112326e-05,0.0,1.1148387993225868e-05,1.6377086192301923e-06,3.342494096780653e-06
HPO__HP:0012208,1.00862011017162e-05,6.595963368275114e-07,0.0,6.739587132009327e-06,0.0,0.0,1.1562626286634017e-06,5.241429078332515e-06,1.68796434118478e-06,3.4286706560116282e-06,1.352951737293315e-05,6.056309668312125e-06,4.739764568701421e-06,0.00010086201101716297,4.6226659958244504e-06,1.7589235648733612e-06,8.168004168534855e-06,1.7613338313120094e-06,5.764272268565039e-06,1.1227454936019577e-05,2.4320254469055837e-05
HPO__HP:0000377,1.0010292154555899e-05,6.065821319350141e-06,5.878496440389486e-06,0.0,0.0,1.3185795399712896e-05,0.0,1.5176963617973654e-05,0.0,9.027260538971748e-07,8.543597758088785e-05,4.641013727917439e-06,3.189829762886978e-05,2.7773063865228867e-06,1.4465676183491985e-06,5.033706778374203e-06,1.48885703789619e-05,0.0,1.0956801046933598e-05,0.0,1.917799112977659e-06
INH_ANTICIPATION,9.950436867226234e-06,1.3224429474823601e-05,0.0,2.5193414844082723e-06,5.6587405935701e-07,0.0,7.426056976181338e-06,1.2243147113225974e-05,1.4524724152491298e-05,1.0566042820685708e-05,5.872347068404663e-06,8.09493135343847e-06,1.261184171911474e-06,0.0,6.807231025346776e-07,3.4708306584823174e-06,2.6894389968588605e-06,9.950436867226263e-05,3.898207684683303e-06,4.485692632788874e-06,7.981396921986192e-06
HPO__HP:0012207,9.949730094412597e-06,4.711526440932474e-05,1.7721037713586295e-06,0.0,0.0,0.0,1.0747967014659299e-05,0.0,0.0,1.544779701219113e-06,1.9367989534090315e-06,1.6826976484943802e-05,1.0747967014659334e-06,3.231628387331901e-05,0.0,1.544779701219113e-06,1.174026023425998e-05,1.0555498319388423e-05,2.0065752661482353e-05,0.0,4.175334006220267e-05
HPO__HP:0000322,9.935996775170865e-06,8.649817232415138e-07,1.234390950269516e-06,0.0,6.526429990394038e-05,0.0,2.862519927736058e-05,5.525286967465041e-05,0.0,8.649817232415138e-07,9.004218216916371e-06,4.324908616207565e-06,1.5567516505867175e-05,8.649817232415138e-07,0.0,5.433136297291583e-06,9.936273692812745e-06,0.0,6.17195475134758e-07,0.0,8.649817232415138e-07
HPO__HP:0012368,9.883343167263328e-06,0.0,8.929931658911745e-06,0.0,0.0,3.865940054574144e-06,1.5611698561445133e-05,2.5246174693267425e-05,6.5322236892480745e-06,1.3868547640798395e-06,3.32607727443666e-05,0.0,6.292174054427442e-05,6.934273820399197e-07,1.5688951706116522e-06,0.0,2.0757073745517733e-05,3.655465266814479e-06,6.841864678779359e-06,4.648684365360158e-06,1.7461160259758397e-06
HPO__HP:0002021,9.856356401085187e-06,4.5622377112816954e-06,5.50895393319462e-06,0.0,9.856356401085158e-05,1.4276983837226051e-06,2.2720367365698953e-05,5.937242018623901e-06,0.0,1.7150748858879783e-06,6.836767847012419e-06,1.535202740830731e-05,6.57066975352338e-06,6.122129317767768e-06,3.3506003150893e-06,6.241495160153526e-06,5.359630124595702e-06,1.8200500282343322e-06,2.9029585882693466e-07,0.0,4.748323898931574e-06
HPO__HP:0001300,9.807292361416822e-06,5.155895743152885e-06,4.885553251180218e-06,6.680558885576043e-06,0.0,4.893476636941272e-07,1.1225249688184488e-06,9.900196918328423e-06,6.64860398504313e-06,6.958977376631955e-06,3.846628954178491e-06,6.479372794468698e-06,4.230252323512027e-06,5.73198240680107e-06,6.728005085276461e-06,2.6970942721977305e-06,4.7298447017210845e-06,9.807292361416966e-05,3.5370073030655117e-06,1.0985531135253484e-05,7.265545845266915e-06
HPO__HP:0000453,9.802686377457323e-06,2.7173539526814955e-06,2.5615476962992412e-06,1.8771431797689365e-06,9.80268637745732e-05,4.657359447816817e-07,6.132791903528869e-06,7.069059943356833e-06,2.826419281259692e-06,2.754998615465013e-06,1.0048911705037962e-05,3.03841149467396e-06,8.493311973213012e-06,4.26874046995294e-06,4.704028468165376e-06,3.420757454420198e-06,1.9460639931135707e-05,3.892432146495188e-06,5.78317733883656e-06,2.6214384632747668e-06,5.8899638122258825e-06
HPO__HP:0002093,9.657306371353123e-06,6.538242086474555e-06,1.0999751874916566e-05,6.807900784435885e-06,0.0,9.389601139601106e-06,0.0,1.608802169318833e-05,3.507865981510883e-06,5.435657694407934e-06,1.0777226067339e-06,3.305480836335991e-05,1.0508252175193301e-06,1.2652955894096394e-05,1.0508252175193301e-06,8.354180466758667e-06,4.6028578566730685e-05,0.0,2.512576876569311e-05,0.0,5.983421074115794e-06
HPO__HP:0002857,9.616183189189577e-06,0.0,0.0,0.0,0.0,7.267871017871037e-06,0.0,3.1408072354610355e-05,0.0,0.0,6.088147310206154e-06,4.205759061846899e-05,0.0,0.0,0.0,3.7766957193055365e-05,6.773502528958007e-05,0.0,0.0,0.0,0.0
HPO__HP:0002705,9.442109826273415e-06,0.0,1.5095306128619812e-05,0.0,3.209354613983151e-05,7.932579213411445e-05,5.148947310405657e-06,5.148947310405657e-06,0.0,0.0,5.080015149459579e-06,0.0,1.7006919566864515e-05,0.0,0.0,0.0,2.7402715211037363e-05,0.0,2.5400075747297896e-06,0.0,0.0
HPO__HP:0000073,9.381541618619031e-06,1.5175366802863588e-05,0.0,0.0,0.0,0.0,4.894409196729926e-06,1.0239740303987945e-05,0.0,0.0,7.600459422230819e-06,0.0,6.625885271585981e-06,1.3640507578056417e-05,0.0,0.0,9.936419054299166e-06,1.643617010249266e-05,8.814438194372305e-06,4.520202595714574e-07,9.381541618619032e-05
HPO__HP:0002317,9.33736050665357e-06,5.213223237811958e-06,4.748521559996957e-06,8.735745685989986e-06,8.145345656869359e-07,0.0,9.214820046008717e-06,4.154596106046212e-06,4.550663983879932e-06,8.807401536943913e-06,4.528767150557537e-06,2.09424058870403e-06,3.979288362060471e-06,3.127934828716973e-06,1.2886241240431465e-05,2.139506435787039e-06,1.61932041269288e-06,9.337360506653572e-05,3.374384994955216e-06,6.068247241550629e-06,7.316167088714693e-06
HPO__HP:0001816,9.260296720729907e-06,2.3554005948587976e-06,5.644473641832578e-06,3.5984389366404072e-06,0.0,9.260296720729722e-05,7.156742265775205e-07,5.933505000421166e-06,3.980143866829296e-06,7.862702638582771e-06,2.462275748422974e-06,5.069424716432681e-06,3.5528162923664717e-06,3.5119788673141595e-06,6.848289985599451e-06,7.111920512755672e-06,1.404511113588509e-05,4.387607361502454e-06,4.086259310362172e-06,7.677531604332279e-06,3.7594127665850273e-06
HPO__HP:0002436,8.923060887434984e-06,2.186100769043774e-06,4.351765922587005e-06,2.3902677500627176e-06,0.0,1.24083243762011e-06,8.92306088743498e-05,1.817828119637734e-05,2.6717226894896967e-06,2.9752092399491577e-06,7.0403587231305335e-06,1.602947841377871e-06,1.4878227714099708e-05,3.314818924780113e-06,4.50850840215312e-06,3.1443474043427033e-06,2.7571220574704613e-06,3.685905193757816e-06,8.241585331705696e-06,3.977315003280456e-06,2.0852922731215768e-06
HPO__HP:0002091,8.808507198311063e-06,0.0,6.666565036193929e-06,0.0,0.0,2.702865025244554e-06,0.0,1.7538921463835208e-05,0.0,0.0,1.8940004410583188e-05,0.0,3.133391240072711e-06,2.8608109929357684e-06,1.1909113913252984e-06,0.0,1.5322019432702707e-05,8.457379579554947e-06,7.720782611676513e-05,0.0,2.2149449277007755e-05
HPO__HP:0000179,8.760473514922946e-06,0.0,0.0,0.0,0.0,0.0,3.720758976046566e-05,5.0397145388763907e-05,0.0,0.0,1.5496008549277594e-05,6.931238704539174e-06,1.1513194630846028e-05,9.35274977571345e-06,0.0,5.891036145218233e-07,1.3539740159633804e-05,2.4484225389003927e-05,8.937177058092974e-07,0.0,4.804756619884457e-06
HPO__HP:0002380,8.71113631114068e-06,6.616528535061245e-06,4.105158027319717e-06,1.190474527179086e-06,1.0149072382811203e-06,7.988424341413346e-07,1.3620415332583857e-05,5.787227706941492e-06,3.6387290300082205e-06,7.303065742080086e-06,6.445690145321522e-06,5.316046787866165e-07,1.4775027958049883e-06,9.665085424993808e-06,1.1432138565252934e-05,0.0,1.1480566773858184e-06,8.711136311140784e-05,3.517670696373023e-06,7.105596693648352e-06,1.712668860242453e-06
HPO__HP:0002804,8.697068256764192e-06,3.0487967753968834e-06,1.5555142918670882e-05,2.8246718545894096e-06,1.753639822416888e-06,0.0,1.4161294483068427e-06,1.243671237120365e-05,3.328482545049493e-06,4.39692065012722e-06,8.697068256764179e-05,3.3871563630793324e-06,9.812074584425233e-06,1.9652223003366544e-06,3.3647048885709206e-06,4.545873352525601e-06,4.883539241627521e-06,2.2842686290688476e-07,5.403395599829925e-06,4.1116835323239155e-06,4.508109456255026e-06
HPO__HP:0000812,8.571231074398395e-06,1.1346672368302708e-05,1.3893513320393759e-05,0.0,0.0,1.934414687714506e-06,3.1966970925984587e-06,8.457458159534873e-06,5.99746818532678e-07,0.0,8.571231074398361e-05,0.0,7.443944791521282e-06,2.60767780628706e-06,1.4196888738640294e-06,7.34557111581881e-06,1.7048799779185587e-05,2.839377747728059e-06,4.849468053173552e-06,5.99746818532678e-07,2.129533310796041e-06
HPO__HP:0000337,8.443202501436415e-06,0.0,3.585086936005097e-05,0.0,0.0,0.0,5.198150047717802e-05,7.622351579317503e-06,1.846640858486273e-06,1.6369072081216147e-06,2.8998354876573683e-05,0.0,8.597503387290692e-06,8.646194582362487e-06,0.0,0.0,1.1826814994009134e-05,9.233204292431365e-07,3.3361824453611173e-06,3.693281716972546e-06,3.90412811376123e-06
HPO__HP:0000272,8.342261304459287e-06,1.3919057120188125e-06,2.7880201621383496e-05,0.0,1.420930217125877e-05,2.344194824220083e-06,4.1062100960220545e-05,1.5098710677314332e-05,0.0,0.0,2.4123542821247816e-05,0.0,1.3599705083743442e-05,5.797672586353061e-06,2.957707311567312e-06,7.761304014629972e-06,7.255167718831002e-06,0.0,1.9718048743782095e-06,0.0,1.3919057120188125e-06
HPO__HP:0003270,8.307243219605636e-06,0.0,7.529412811363634e-07,0.0,0.0,1.3408215179369805e-05,3.4373520256487983e-06,5.423232701009714e-06,3.0117651245454535e-06,0.0,8.307243219605638e-05,0.0,7.975058519910339e-06,7.732859489239163e-07,0.0,0.0,2.8013892152467216e-05,1.4486020975320537e-06,1.750128570005035e-05,0.0,1.326801465462384e-06
HPO__HP:0006956,8.290626372647e-06,0.0,1.0808497665165347e-06,1.7925143165265657e-06,0.0,2.627510014027163e-06,0.0,4.247692536339502e-06,0.0,7.665468946467685e-06,3.0378604485781545e-06,8.822960176431417e-06,1.845242198911698e-05,4.0503555559980835e-06,7.391732750117521e-06,3.029976710896089e-06,8.290626372647175e-05,1.7788094955548363e-06,6.205451667010361e-06,4.205146849457786e-06,8.517512503429452e-06
INH_XLR,8.276626624238326e-06,0.0,2.7668941394946565e-05,2.637661415355114e-06,9.40359044643133e-06,0.0,0.0,6.452625683097773e-05,0.0,7.761864481162368e-07,0.0,0.0,1.2538120595241796e-05,4.6699406973994934e-06,5.464628426942713e-06,9.459650631825699e-06,1.9292030381010785e-06,0.0,1.888769431284351e-06,1.746825490590071e-05,7.1013282222437475e-06
HPO__HP:0000059,8.075489460409841e-06,1.480050492665356e-06,1.6398892072942037e-05,0.0,8.075489460410052e-05,1.7011678183880845e-06,3.4822643493046543e-06,2.2068940174264622e-05,0.0,0.0,4.701276811925507e-06,0.0,4.754868658146466e-06,0.0,1.6042526241143434e-06,1.891951428872573e-06,5.805352123392064e-06,1.0052647218207125e-05,8.778887320956371e-07,8.778887320956371e-07,5.057453367681971e-06
HPO__HP:0000194,8.055729467944122e-06,1.5678919108937184e-06,9.454911880734176e-06,0.0,0.0,0.0,2.616233570248045e-06,8.055729467944054e-05,0.0,0.0,2.1927491014653245e-05,7.839459554468592e-07,2.2150272104797946e-05,1.430037233681082e-06,7.839459554468592e-07,0.0,7.514318019368052e-06,1.1638556086004014e-06,4.655422434401606e-06,1.958709989966208e-06,4.550259001203745e-06
HPO__HP:0000480,8.046319471669075e-06,0.0,0.0,0.0,7.046006447371229e-06,2.4037354722063223e-05,0.0,3.037880310581081e-05,0.0,0.0,2.377676680320569e-05,0.0,4.688987358221018e-05,0.0,0.0,0.0,2.879758477272039e-05,0.0,0.0,0.0,0.0
HPO__HP:0001105,8.027709554183427e-06,0.0,2.3366239413764254e-06,1.387093087020889e-05,0.0,0.0,0.0,1.071817661667802e-06,2.5283709432807545e-06,2.6472618581700148e-05,0.0,0.0,0.0,0.0,7.795975008636705e-05,0.0,0.0,7.142167096388497e-06,0.0,2.659003846596487e-05,2.581873436714119e-06
HPO__HP:0000790,7.985643048318828e-06,2.3134559793138905e-05,0.0,1.957799087439874e-06,0.0,4.632992679917495e-06,1.2864008607291897e-06,4.9586698710438536e-06,4.6165477448199755e-06,1.1166278839976917e-05,5.406190125700259e-07,5.672187069004928e-05,1.621857037710075e-06,4.980128813401186e-06,9.532818810873237e-06,1.8859525445777007e-05,5.406190125700259e-07,4.760359897205624e-06,0.0,8.653416829783693e-06,1.7483965393701402e-06
HPO__HP:0011699,7.973340766519508e-06,2.099212592302845e-06,0.0,0.0,0.0,6.922941994692023e-07,1.8259466876664657e-06,7.930173322905792e-06,0.0,0.0,4.827027613127727e-06,0.0,7.119002131227407e-06,0.0,1.2685111304962202e-06,0.0,8.422440790233295e-06,4.301177693677152e-05,1.2685111304962202e-06,1.2685111304962202e-06,7.973340766519685e-05
HPO__HP:0009487,7.894099494302631e-06,0.0,2.036077354742483e-05,0.0,0.0,1.6123034439297024e-06,0.0,2.8229884869990862e-05,0.0,1.7804916225977774e-06,7.894099494302632e-05,0.0,1.2545071822301318e-05,2.639864411935643e-06,0.0,0.0,9.824311695164377e-06,1.9482935296817097e-06,0.0,0.0,0.0
HPO__HP:0001302,7.859215796671038e-06,2.5868754253933836e-06,1.4127594627594662e-06,6.293226175303402e-06,2.436993284493285e-05,0.0,2.4672010971437296e-06,5.280946565901817e-05,1.3230446463350676e-06,6.757993587310708e-06,3.4500947073395698e-06,5.313033031720769e-06,0.0,4.934402194287462e-07,8.032422826313566e-06,5.750364098303173e-06,2.5782692307692302e-05,5.580021087559072e-06,0.0,4.3950196763906085e-06,3.66729080476161e-07
HPO__HP:0031936,7.855140102838175e-06,0.0,2.885720709980965e-06,0.0,4.8674961171380255e-06,0.0,7.3012441757070086e-06,3.936008951180511e-05,0.0,4.55212477667396e-06,6.355752990592817e-06,0.0,1.7859082481457573e-05,0.0,3.186487343671772e-05,0.0,2.976513746909599e-06,0.0,0.0,3.907990410978084e-05,0.0
HPO__HP:0007830,7.82458240766345e-06,0.0,8.476055505520395e-06,9.688657828958763e-06,0.0,0.0,0.0,3.3707041598044294e-06,1.1337633217224434e-06,7.245638491074394e-05,0.0,5.213482234219401e-06,0.0,0.0,1.4211486600178276e-05,7.382161336510039e-06,0.0,2.490119171236215e-06,0.0,2.8696834399821905e-05,3.3719986845531934e-06
HPO__HP:0001680,7.818685660256857e-06,0.0,0.0,0.0,0.0,1.9899077498325943e-05,7.232873925767269e-06,2.2975205742345977e-05,0.0,0.0,1.4154521839990694e-05,3.175553376500541e-06,2.447394734664438e-05,0.0,0.0,0.0,2.8095235739316635e-05,0.0,0.0,0.0,3.636729773624569e-05
HPO__HP:0000726,7.784113908909268e-06,1.6892783189167666e-06,4.426686982201035e-07,3.048448780622884e-06,0.0,0.0,1.6082609290665585e-06,1.3464572636024633e-05,1.722887509594941e-05,3.339139195626623e-06,6.081483009434625e-06,3.118882361823168e-06,1.339689096774602e-06,3.3722216405839994e-06,3.752977616283533e-06,4.542802201742696e-06,3.825205050605959e-06,7.78411390890937e-05,2.487394414198285e-06,5.2472602250816495e-06,3.251979818136344e-06
HPO__HP:0002404,7.598872247769233e-06,0.0,4.805643851975332e-06,2.529685323965717e-06,0.0,0.0,0.0,7.598872247769234e-05,8.184168069997203e-07,2.794319074046029e-06,1.7186028025168504e-05,1.0252602555283083e-05,0.0,7.631028279961849e-07,1.227625210499578e-06,1.6696630827217324e-05,1.2941956039439948e-06,1.1328473289267274e-05,0.0,5.305925212311202e-06,9.860738690183867e-07
HPO__HP:0012165,7.441164745158152e-06,0.0,4.434936599449182e-06,1.260473952957654e-06,7.44116474515816e-05,0.0,7.856347673223238e-06,1.979495035021057e-05,1.3628491517630496e-06,2.452006126756385e-06,4.970057770180836e-06,6.034433185458619e-07,4.9543621968631774e-06,6.706203019053711e-07,3.0171767902128674e-06,2.3248199041283077e-06,7.046162975674897e-06,7.124318197939831e-06,1.5890663535751212e-06,4.2794354862897465e-06,6.706203019053711e-07
HPO__HP:0002190,7.432442915844444e-06,7.3378762217696215e-06,6.641736011395261e-06,1.8160488510912809e-06,0.0,0.0,0.0,2.5679446264243816e-06,0.0,3.2884105613700422e-06,5.075964287704015e-05,8.039512716807248e-06,1.244065571105669e-05,2.7552556943592675e-06,3.563203747524557e-06,7.999413389767664e-06,2.361325767838945e-05,3.7550719038845837e-06,8.689677872821937e-06,4.349297691393997e-06,1.0318527617926637e-06
HPO__HP:0011538,7.3469967415870625e-06,3.94346017698669e-06,7.3488699357376e-06,6.098748749578238e-06,0.0,1.168506567635019e-06,0.0,6.698864418569698e-07,0.0,4.573060254332991e-06,4.048616474427862e-06,3.854278105477031e-06,5.713328449511574e-06,1.4115624595557864e-05,7.311527756814424e-06,1.6715082019822306e-06,2.798135683623676e-06,4.391156662034225e-06,2.130076432597102e-06,3.633182927715271e-06,7.346996741587253e-05
HPO__HP:0007979,7.176166732491887e-06,1.753195274220114e-06,2.1879954434167997e-06,3.603354990191259e-06,0.0,0.0,5.9222596263251504e-06,8.005066020443553e-06,1.031467046658708e-05,2.5656505153485596e-06,3.848843462912968e-06,2.4380551127336307e-06,5.848733696312522e-06,7.4341192428702305e-06,3.3662201344327847e-06,3.0418582656749025e-06,2.600831378241578e-06,7.176166732491895e-05,1.6015485609094894e-06,4.924213038954258e-06,2.305052095343889e-06
HPO__HP:0001640,7.116107439865065e-06,0.0,0.0,0.0,1.1241400653662268e-05,2.922770345279646e-06,0.0,1.4067884307708665e-05,0.0,0.0,2.971410726697095e-06,0.0,4.098353770676284e-05,0.0,0.0,0.0,1.0215471312202548e-05,0.0,4.285336359343194e-05,0.0,1.706631015155649e-05
HPO__HP:0011467,6.989772137664387e-06,0.0,7.4058805941596964e-06,2.5725309040085536e-06,0.0,0.0,4.1342517103514005e-05,3.303564843393056e-05,0.0,0.0,2.860710915573454e-05,5.145061808017108e-07,2.7797348134210463e-06,2.3132235793207614e-06,1.0290123616034217e-06,7.919049667910326e-06,6.975610523942796e-07,2.904589817044704e-06,7.38986787172674e-06,1.2842112177173415e-06,0.0
HPO__HP:0004482,6.918714140761665e-06,0.0,9.2926079215295e-06,0.0,0.0,6.8570569400075835e-06,0.0,5.975213218706305e-06,1.2775100878334873e-06,1.7376142925543158e-06,9.75831886203966e-06,6.638348685407284e-06,5.089907646352155e-06,1.362613633046143e-06,1.6139664409206235e-06,5.861017358085205e-06,6.91871414076155e-05,6.135809476323079e-07,5.939549206564072e-06,4.0187722049023424e-06,3.151063962036784e-06
HPO__HP:0002465,6.908099361446661e-06,0.0,4.659814300008303e-06,7.446654325309676e-06,6.908099361446659e-05,2.5508512843842932e-06,4.536319349297568e-06,7.532661167230584e-06,1.3055245237723724e-06,7.573464387693671e-06,2.4843295980706117e-06,1.8300786548898987e-06,2.640016334412507e-06,1.2349579714639853e-06,6.1577602221789455e-06,7.742522834127119e-06,3.880763238346317e-06,0.0,1.2349579714639853e-06,4.493569316377104e-06,1.7767481354397463e-06
HPO__HP:0010650,6.883412313260186e-06,3.503087424895207e-06,2.1755625000637387e-06,2.885654223463926e-06,1.015930159962492e-06,0.0,6.883412313247715e-05,1.1605703468764231e-05,2.1634123174877394e-06,1.7661951807050857e-06,5.432903325142466e-06,2.4309768437265904e-06,6.646852537280636e-06,6.965711653535345e-06,4.2589649841264445e-06,2.561583957065294e-06,2.325331402740778e-06,3.220125822706679e-06,3.285067620910619e-06,1.9729948503911032e-06,4.618064859758141e-06
HPO__HP:0002460,6.881812010352066e-06,3.332330270373218e-06,0.0,5.88232069155895e-06,2.707670026080495e-06,0.0,7.3420589870966075e-06,5.205707768784921e-06,6.794033779544147e-06,5.7760474015173725e-06,1.083068010432197e-06,6.9537526513371645e-06,3.94473170378569e-06,1.816648243804006e-06,6.640249364445563e-06,2.8967019880952473e-06,2.595975365893425e-06,6.881812010352126e-05,1.083068010432197e-06,2.5666457126314143e-06,2.197110127707261e-06
HPO__HP:0008936,6.868180279314937e-06,0.0,1.1183645468338466e-05,0.0,2.6745772518080242e-05,0.0,0.0,1.0520453090662722e-05,0.0,0.0,5.807684316995062e-06,0.0,5.712151584652414e-06,5.221617121312061e-06,0.0,1.6860729588976743e-06,7.792875213247534e-06,0.0,6.206322818640509e-05,0.0,6.301051277076945e-07
HPO__HP:0011861,6.793055766113147e-06,0.0,0.0,0.0,0.0,0.0,0.0,8.813458367243222e-07,0.0,7.455403858481846e-07,3.2727646681805755e-06,8.312720508289007e-06,9.074977827742376e-06,8.019105378973194e-07,0.0,0.0,1.1045718505312833e-05,3.379557939113692e-05,0.0,0.0,6.793055766113146e-05
HPO__HP:0000577,6.699981184181631e-06,0.0,6.37697585073393e-07,2.180030025146029e-05,0.0,0.0,2.4122522591922103e-06,4.551065546759651e-06,6.37697585073393e-07,4.374195909831746e-05,0.0,0.0,1.3385351317696781e-06,7.699896175330771e-06,2.5907786642160954e-05,0.0,6.37697585073393e-07,3.5375271469841714e-06,1.6461192594112435e-06,1.632062993566679e-05,3.1304594813591583e-06
HPO__HP:0007018,6.686626370694836e-06,3.071856164857892e-06,1.361931288185601e-06,0.0,6.686626370694836e-05,0.0,2.1957832263603233e-06,3.995750983794703e-06,0.0,0.0,5.444910417902651e-06,6.6972528226640344e-06,3.2936748395404903e-06,1.87187232752217e-05,0.0,0.0,2.723862576371202e-06,0.0,2.052729926684919e-06,0.0,1.7309788185364848e-05
HPO__HP:0000325,6.544406395608843e-06,2.0710702337264314e-06,1.0236614647916641e-05,0.0,1.2244244594332863e-06,6.213210701179288e-06,7.539120374264606e-06,7.735428018399545e-06,2.309755913984876e-06,0.0,1.2794761697872046e-05,0.0,6.892376306364408e-06,4.142140467452863e-06,0.0,1.1392058924216647e-06,3.952115519517667e-06,6.929267741954629e-06,5.770863593768889e-05,0.0,0.0
HPO__HP:0007687,6.507031461650241e-06,3.006410434004107e-06,6.136579651194467e-06,0.0,0.0,5.524614459613097e-05,0.0,1.8409738953583402e-05,0.0,0.0,3.006410434004107e-06,0.0,9.824170020371401e-06,3.006410434004107e-06,0.0,0.0,1.3466302105687566e-05,0.0,0.0,0.0,1.8038462604024632e-05
HPO__HP:0006817,6.456348149312097e-06,0.0,5.518010671688488e-05,0.0,0.0,0.0,0.0,1.7125565309259452e-05,0.0,0.0,0.0,0.0,0.0,0.0,1.5504982090377702e-06,4.743791618386165e-05,7.832876567198471e-06,0.0,0.0,0.0,0.0
HPO__HP:0030948,6.43375793367973e-06,3.0092151988995292e-05,9.690975837242118e-06,1.384425119606016e-06,0.0,0.0,3.424542734781336e-05,2.421296842521071e-06,0.0,6.922125598030084e-06,4.725179672419889e-06,1.384425119606016e-06,0.0,0.0,7.2304995545486575e-06,0.0,0.0,1.6885329690283756e-05,2.768850239212032e-06,4.1532753588180495e-06,6.7711963044983576e-06
HPO__HP:0009381,6.426799305390495e-06,0.0,5.4123889133422724e-06,3.3460427961468904e-06,5.304709520362069e-07,0.0,1.938217324616223e-06,7.926744107508005e-06,6.874170725258767e-07,1.325940101042867e-06,5.320603371769708e-06,3.226748457978732e-06,4.98460900443327e-05,9.578588954549276e-06,7.363258474842421e-07,2.8889169999854457e-06,1.006948473965742e-05,3.5705610079833623e-06,1.489173822195326e-05,4.531457926366341e-06,2.7082492685311453e-06
HPO__HP:0500087,6.394965763905782e-06,0.0,0.0,2.2322471649818665e-05,0.0,0.0,0.0,0.0,0.0,7.63478559190985e-06,0.0,0.0,0.0,0.0,6.143438746374915e-05,3.060696321858882e-05,0.0,0.0,0.0,5.900707354049045e-06,0.0
HPO__HP:0011537,6.270889943821999e-06,0.0,0.0,0.0,0.0,0.0,9.55222836230695e-06,0.0,0.0,0.0,3.1808057089432e-05,0.0,1.1899076816996622e-05,0.0,0.0,0.0,9.44953716948434e-06,0.0,0.0,0.0,6.270889943821997e-05
HPO__HP:0030828,6.238245633023972e-06,9.541139609336697e-07,3.1100747899601783e-06,5.603343661118555e-06,0.0,2.1204044997995995e-06,5.782355277506316e-07,3.313998175559529e-06,4.11675319844169e-06,2.5878134570233193e-06,5.729918113658108e-06,3.99904211088402e-06,8.844867412899072e-06,6.238245633023968e-05,0.0,1.387142261014935e-06,3.5811532578497077e-06,4.256205279695114e-06,5.222818048157191e-06,3.1286507210015806e-06,3.8479218544928435e-06
HPO__HP:0030211,6.234955545393287e-06,3.403232397860866e-06,3.503317393559008e-06,1.7554441189298096e-05,0.0,0.0,0.0,1.1295197663698883e-06,2.4792627321418484e-06,6.234955545393279e-05,3.733399783845955e-06,2.3702090640419405e-06,8.089893216915805e-07,2.25408081698819e-06,1.1678956136076704e-05,3.205791025163183e-06,1.1768691994857885e-06,2.2793130695185762e-06,1.1642404032929029e-06,3.6975458546069616e-06,1.9103872999914996e-06
INH_XLD,6.231710062217406e-06,0.0,3.7471570707515056e-06,0.0,6.231710062217424e-05,0.0,7.480013582972218e-06,9.158858437903223e-06,0.0,0.0,1.0556843044764462e-06,0.0,1.1779031456736703e-05,0.0,0.0,5.8790982851100954e-06,9.150689859141382e-06,6.3857063168659524e-06,7.680861308216312e-06,0.0,0.0
HPO__HP:0005487,6.1556030811028735e-06,0.0,8.036171768114113e-06,0.0,0.0,0.0,2.9876850541455745e-06,6.9337761692703186e-06,0.0,0.0,2.5805197804014773e-05,0.0,5.661359537020657e-05,0.0,2.9876850541455745e-06,0.0,5.333256261616615e-06,0.0,1.3097987243796748e-05,0.0,1.3167068967471522e-06
HPO__HP:0000311,6.1486450423893315e-06,5.124051603612446e-07,1.2088099162911635e-05,2.8669579661506148e-06,0.0,9.585839030190804e-07,3.631938083075917e-06,3.179985155104942e-06,4.127652719887116e-06,4.527118588041011e-06,6.186724103662597e-06,0.0,3.3984749005336995e-06,5.39711369064801e-06,8.517194972252796e-06,0.0,7.642482675964219e-06,4.286726551409762e-06,4.942863047935158e-05,3.390160758305537e-06,2.832651977106906e-06
HPO__HP:0002837,6.037058343411146e-06,3.7528343230735566e-07,2.7640967934706166e-06,2.6844512554902108e-06,0.0,0.0,1.9365855098859855e-06,2.4889179036456096e-06,9.985261790481748e-07,2.797651094208676e-06,2.626338514096753e-06,5.066596248574321e-06,1.789211133179473e-06,6.037058343412571e-05,4.9391613592166755e-06,1.554765323490898e-06,1.068713398240704e-06,2.18163154313451e-06,1.1258502969220697e-06,2.5257137644358304e-06,2.3447089684749384e-05
HPO__HP:0001667,6.017523795693744e-06,4.142252820918973e-06,2.1028993000643277e-06,1.993513786561782e-06,7.891067455564466e-07,0.0,2.4072795988396173e-06,9.12342815404743e-06,2.442473018161003e-06,1.2212365090805014e-06,6.0175237956938996e-05,7.4461029658840485e-06,3.8038804829774797e-06,4.572321772772122e-06,3.6645038510496517e-06,2.144310854157581e-06,4.105543099348845e-06,8.149519965284828e-07,2.4760564487098973e-06,2.8359887362105227e-06,4.089387816067192e-06
HPO__HP:0030329,5.908306132285133e-06,0.0,5.162726273082908e-06,0.0,1.9183444226913342e-06,0.0,2.3059111124031507e-06,6.834849356072625e-06,8.029247179280281e-06,1.9340698715169508e-05,5.45378710492219e-06,2.7936882087930613e-06,2.609520184481226e-06,6.107351015981687e-06,3.565315012957283e-05,4.834776644996916e-07,4.322552172178417e-06,8.332314857530179e-07,3.7345320380190883e-06,7.953347031598812e-06,4.629708551202725e-06
HPO__HP:0002613,5.898739646559815e-06,0.0,1.6403937911276207e-05,0.0,0.0,2.5280312770970614e-05,4.961438786758637e-06,1.1157923267271395e-05,0.0,0.0,3.3707083694627476e-05,0.0,6.72961196588986e-06,0.0,0.0,0.0,1.2760782492357544e-05,1.3947404084089244e-06,5.578961633635698e-06,0.0,0.0
HPO__HP:0011599,5.89498962676637e-06,8.067860123137397e-07,3.320442620003475e-06,0.0,0.0,0.0,3.916566873254524e-06,1.129731195848914e-05,0.0,0.0,6.472466246018527e-06,5.807730831247375e-07,2.637929831776229e-06,6.644340189944665e-06,0.0,1.9967207358901467e-06,1.2450759282689972e-05,2.441618151840747e-06,5.161379450257557e-06,1.222801832060299e-06,5.89498962676638e-05
HPO__HP:0001332,5.882262787060191e-06,6.288434169095888e-06,0.0,2.4337041029082276e-06,0.0,0.0,2.973044442526299e-05,1.0367424053156566e-05,6.934416883873119e-06,3.244938803877639e-06,8.416897824943965e-06,1.2576868338191785e-06,7.654443334674503e-06,2.4209499953988765e-06,7.382781873454812e-06,0.0,0.0,2.909218344533914e-05,0.0,2.4209499953988765e-06,0.0
HPO__HP:0010864,5.8640588253374295e-06,0.0,1.9921571332045686e-06,0.0,0.0,0.0,1.1228058332249441e-05,4.4141665506919765e-05,0.0,0.0,4.75594129848746e-06,0.0,2.3725158368429106e-05,0.0,0.0,0.0,1.0254842404023859e-05,0.0,0.0,4.615205332103519e-06,1.656814813133092e-05
HPO__HP:0000960,5.838115683020577e-06,0.0,0.0,0.0,0.0,0.0,0.0,2.8954846989609387e-05,0.0,0.0,5.8381156830205766e-05,0.0,8.488294066100188e-06,0.0,0.0,0.0,1.1928756971486573e-05,0.0,9.009258803009522e-06,0.0,0.0
HPO__HP:0000612,5.809734547900432e-06,4.562329177336514e-06,1.0177913326537533e-06,1.2020460729767649e-06,0.0,0.0,5.809734547900429e-05,3.2710281360601932e-06,0.0,1.803069109465146e-06,6.010230364883824e-07,5.6364501486758715e-06,4.791625886812526e-06,1.190474673889322e-05,1.2020460729767649e-06,3.4653456267266655e-06,1.5266869989806308e-06,4.592771588716092e-06,2.5444783316343834e-06,5.956008430652071e-06,4.019898789955368e-06
HPO__HP:0000666,5.793096309010554e-06,6.684079892390091e-06,0.0,5.561340902534278e-06,0.0,0.0,2.2636295948769012e-06,2.928882878570165e-06,8.483620763052703e-06,3.6984455101086863e-06,3.96301450715434e-07,1.0634040171736685e-05,0.0,3.144944177140294e-07,2.793601348333546e-06,6.077234937643557e-06,1.8229308797427529e-06,1.1701115322106308e-05,1.2152872531618365e-06,4.76366809812182e-05,3.6502398763058374e-06
HPO__HP:0002168,5.734332519496251e-06,0.0,0.0,0.0,0.0,0.0,1.650623430079901e-05,4.07536031899983e-06,0.0,4.483969218142658e-06,1.180595317302222e-05,1.1209923045356645e-06,4.940886758392191e-06,5.721133597413897e-06,0.0,0.0,3.5051128151980445e-06,5.734332519496251e-05,0.0,0.0,5.183682708458936e-06
HPO__HP:0001750,5.731931582488231e-06,1.8375024960574112e-06,2.137558777132595e-06,0.0,0.0,1.320252814786939e-06,1.6501005728057605e-06,0.0,0.0,4.224806897049847e-06,0.0,0.0,6.415204093373738e-06,1.255592623986353e-05,1.8375024960574112e-06,0.0,7.64890547949748e-06,1.2300311702646916e-05,7.041344828416402e-06,0.0,5.566921525207647e-05
HPO__HP:0002936,5.702840348377856e-06,3.825423043237642e-06,5.731467907424617e-07,6.844237367829485e-06,0.0,0.0,1.0971702005375351e-06,2.0546037781415766e-06,7.707679924536675e-06,6.219923753301453e-06,1.9006519438571856e-06,4.439190937531121e-06,2.765237675951263e-07,9.334737907546063e-07,5.788437044698626e-06,1.966281691472029e-06,7.849087364191296e-07,5.702840348377685e-05,2.8538340514992087e-06,8.237761755154515e-06,1.5251549064720116e-06
HPO__HP:0012508,5.690906282837076e-06,2.2183993389362896e-06,0.0,5.6909062828370755e-05,0.0,0.0,0.0,2.1291323757994004e-06,1.5845709563830663e-06,2.6138216910343626e-05,0.0,2.7147672447653807e-06,0.0,0.0,1.4409100601744892e-05,2.162791987395575e-06,0.0,1.9009093795221843e-06,0.0,3.651174033480357e-06,0.0
HPO__HP:0010958,5.684189729137484e-06,0.0,1.3728776144662691e-05,0.0,1.6517881419483856e-06,1.8110493544241731e-06,1.4173777125151913e-06,6.843578579956395e-06,0.0,0.0,5.6841897291374544e-05,0.0,1.2064125689496475e-05,0.0,1.0208946320878511e-06,5.121837633898571e-06,5.311924722351805e-06,3.7246162029823087e-07,6.3170795327239005e-06,0.0,1.1810035270112892e-06
HPO__HP:0002617,5.642552448928037e-06,0.0,2.0202573170515154e-05,0.0,3.0314006684199007e-06,2.079679281722551e-05,1.5157003342099503e-06,3.5518470578566725e-06,0.0,0.0,1.2187702701130313e-06,0.0,2.8877953662874105e-05,0.0,0.0,7.77192980076528e-06,6.108440170940185e-06,0.0,1.977564102564111e-05,0.0,0.0
HPO__HP:0000388,5.565028165086328e-06,0.0,0.0,0.0,0.0,2.4847498474741133e-06,0.0,1.1845374520516743e-06,3.562875028936371e-07,0.0,2.4847498474741133e-06,2.012787401209714e-06,1.5073307810437073e-05,5.565028165086328e-05,0.0,0.0,2.4847498474741133e-06,2.253399960732585e-06,3.3129997966321504e-06,6.769462554979096e-06,1.7233249629505044e-05
HPO__HP:0003175,5.561513818171308e-06,0.0,0.0,2.1980781768816908e-06,3.7550658391806515e-06,0.0,6.891038326862276e-06,6.2533218640826895e-06,6.047777978174556e-06,2.051545879892685e-06,5.73578280815076e-06,0.0,6.537802022857155e-06,1.7774575820170052e-06,1.5020263356722599e-06,0.0,1.1487249793830723e-05,6.729145765330918e-06,4.75374717661208e-05,0.0,2.7265122243720914e-06
HPO__HP:0010477,5.559023793541257e-06,0.0,5.963421986991682e-06,0.0,0.0,0.0,8.99547989182501e-07,5.084009879787396e-06,0.0,0.0,5.559023793541287e-05,0.0,2.804074540129894e-06,5.832663407591756e-07,4.96077666787088e-07,1.4882330003612609e-06,3.507444954885277e-05,1.5027784638275636e-06,1.694378518733132e-06,0.0,0.0
HPO__HP:0010773,5.463004430058076e-06,3.7728985061161017e-06,4.3051825691982655e-06,0.0,4.095189067883972e-06,1.318788181641837e-06,0.0,3.3133146886643576e-06,0.0,4.261863226445709e-07,7.493793942481024e-06,1.1080844388758823e-05,3.223660023271281e-06,2.9609371197299196e-06,0.0,5.462137208642141e-06,6.347106775041363e-06,0.0,8.3000550650706e-07,0.0,5.463004430058072e-05
HPO__HP:0002790,5.129465002337376e-06,0.0,9.5981519122541e-06,0.0,0.0,1.4876206012911077e-06,1.5127891971089098e-06,5.129465002337397e-05,4.117458673521941e-06,0.0,1.198947784094898e-05,1.694769243659591e-06,2.314526111763677e-06,1.0613709020344392e-05,0.0,1.0308080389315932e-06,2.5351815353871397e-06,0.0,1.034705809656781e-06,8.413630096263332e-07,2.524089028878992e-06
HPO__HP:0002878,5.11621202195064e-06,0.0,0.0,0.0,1.2285795050544638e-05,0.0,4.471269893330593e-06,7.908967721735466e-06,0.0,0.0,2.3440432566182355e-06,3.187898829000788e-05,0.0,1.6408302796327633e-05,0.0,0.0,1.5306657147357037e-05,0.0,0.0,0.0,1.172021628309114e-05
HPO__HP:0005180,4.9141064781679184e-06,0.0,4.9141064781679176e-05,5.700459101318226e-06,0.0,0.0,0.0,0.0,0.0,9.992503888791807e-06,0.0,0.0,0.0,0.0,1.8782885863942237e-05,0.0,0.0,0.0,0.0,1.4665215927626901e-05,0.0
HPO__HP:0030786,4.851293538379535e-06,0.0,2.639075757597016e-06,8.487418687112656e-06,0.0,0.0,7.30237254115074e-07,1.3450615068026907e-06,2.812262108313528e-06,6.069900136279513e-06,2.270333256124067e-06,2.654263772918162e-06,0.0,5.954373495818639e-07,4.8512935383793945e-05,1.8523404688363204e-06,1.918233761876631e-06,1.7316225356773705e-06,1.2788225079177523e-06,1.2271452936493392e-05,1.8564733441506683e-06
HPO__HP:0001639,4.836624102559695e-06,0.0,8.454231510199163e-06,0.0,1.8888736646948965e-05,0.0,1.4378784365980732e-06,6.721101346194623e-06,0.0,0.0,8.74458216151534e-06,1.4378784365980732e-06,2.142815129765578e-06,8.331339825099332e-06,4.559437900516856e-07,0.0,4.6542365749024985e-06,0.0,1.4378784365980732e-06,2.9497646218202676e-05,4.528213538519893e-06
HPO__HP:0000104,4.73224700867639e-06,0.0,1.9047653137238293e-05,0.0,0.0,0.0,0.0,0.0,0.0,0.0,9.014142282652645e-06,0.0,1.3698047439658118e-05,8.1280000813726e-06,0.0,0.0,1.1070483903721405e-05,0.0,1.3547511483409925e-05,0.0,2.0139101845474757e-05
HPO__HP:0007675,4.680266040286291e-06,0.0,0.0,4.6802660402863055e-05,0.0,0.0,0.0,0.0,0.0,1.7235978487347473e-05,0.0,0.0,0.0,0.0,2.4477363686996188e-05,0.0,2.5446591142595615e-06,0.0,0.0,2.5446591142595615e-06,0.0
HPO__HP:0000980,4.656001689710703e-06,0.0,2.595867707338958e-06,2.7374882397908927e-06,0.0,0.0,0.0,4.73938036430664e-06,0.0,9.931902695211102e-06,0.0,7.119140363198707e-06,0.0,0.0,9.175040065418991e-06,2.8541594704123044e-05,2.04906328748628e-06,1.02453164374314e-06,0.0,2.3016034131763687e-05,2.1899905918327135e-06
HPO__HP:0033183,4.620842831431688e-06,4.0513703384654485e-06,6.3152674806633506e-06,0.0,0.0,6.323421158616002e-07,0.0,4.038277921648159e-06,0.0,0.0,4.620842831431688e-05,7.752391541897181e-06,3.211981722629274e-06,7.206763701214545e-06,4.152357037512108e-07,6.136343781483574e-06,2.092901140033387e-06,8.304714075024216e-07,8.304714075024216e-07,0.0,2.6946100516642434e-06
HPO__HP:0012258,4.592499454494369e-06,1.4301306142966379e-06,0.0,2.015472319127203e-06,0.0,1.7651548610376835e-06,9.776224748220385e-07,8.825774305188418e-07,0.0,6.178042013631892e-06,8.684690764495186e-07,2.2466461513884773e-06,0.0,4.592499454494375e-05,8.840008908797248e-06,0.0,1.860199905340878e-06,0.0,2.1070277497992523e-06,4.4643729576880305e-06,1.2289270082045868e-05
INH_DIGENIC,4.584763559707409e-06,0.0,0.0,0.0,0.0,0.0,0.0,1.3963837228184579e-05,0.0,0.0,1.3963837228184579e-05,0.0,1.7919961140704883e-05,0.0,0.0,0.0,4.5847635597074094e-05,0.0,0.0,0.0,0.0
HPO__HP:0000077,4.575053944967601e-06,0.0,4.285569976994739e-05,8.693290684676604e-06,0.0,0.0,0.0,1.353902319811702e-05,0.0,1.2108942376436072e-05,0.0,0.0,0.0,1.603000473987382e-06,5.516159023193766e-06,0.0,1.603000473987382e-06,1.7460043552309767e-06,0.0,3.835958543775446e-06,0.0
HPO__HP:0000684,4.543907908352445e-06,0.0,0.0,0.0,4.543907908352444e-05,2.0119171394181828e-05,0.0,0.0,2.8133230765936215e-06,1.4066615382968108e-06,0.0,0.0,0.0,0.0,0.0,0.0,0.0,1.8286599997858523e-05,0.0,2.8133230765936215e-06,0.0
HPO__HP:0002098,4.517461649570953e-06,0.0,6.647990788653602e-06,0.0,0.0,0.0,0.0,0.0,0.0,0.0,0.0,0.0,2.550417577178036e-06,8.296050001068527e-06,0.0,0.0,3.2844260178382906e-05,0.0,3.3222781690521734e-05,0.0,6.787732755614194e-06
HPO__HP:0000445,4.513501114998816e-06,3.499530318436562e-06,0.0,3.0251711596706387e-06,1.667217903259311e-06,1.3549303414701084e-06,1.977698071448428e-06,4.821421196507711e-06,3.037919456318741e-06,4.790549377075617e-06,4.580226093306703e-06,2.1249022043062127e-06,3.5823427181510177e-06,2.688842236839888e-06,2.98242100460369e-07,1.3280638776913826e-06,5.2900584053611615e-06,0.0,4.0931169485921274e-05,9.758748076226027e-07,4.295862546128568e-06
HPO__HP:0006159,4.489329370420818e-06,0.0,4.4893293704208176e-05,0.0,0.0,1.5778768993050023e-06,1.232804301834832e-06,1.0764625050490487e-06,0.0,1.0764625050490487e-06,3.300183373968558e-06,1.0764625050490487e-06,7.846396255195173e-06,2.1529250100980975e-06,5.746942242346039e-07,1.622933430010783e-05,2.654339404354058e-06,3.2293875151471496e-06,0.0,0.0,2.865964904815701e-06
HPO__HP:0030631,4.437686911117686e-06,0.0,4.4376869111177134e-05,0.0,0.0,1.6735314025956898e-06,0.0,5.212785880146068e-06,0.0,0.0,1.1984080851924974e-05,0.0,2.8778667005389585e-06,9.204604032227755e-06,0.0,0.0,7.548230934878902e-06,0.0,3.043187930340276e-06,7.081453446310015e-07,2.124436033893006e-06
HPO__HP:0000260,4.388173397845281e-06,0.0,2.826861797889141e-06,0.0,7.384785791458493e-06,1.3627403096265307e-05,1.3585682341343572e-06,4.16382282871583e-05,0.0,0.0,4.923190527638998e-06,0.0,6.165461152333441e-07,0.0,0.0,0.0,1.020456317792544e-05,0.0,5.183320929202092e-06,0.0,0.0
HPO__HP:0000824,4.256988165291132e-06,0.0,1.6596309228918506e-06,0.0,0.0,0.0,0.0,4.2569881652911354e-05,0.0,0.0,0.0,2.4206518962395964e-06,1.1502505618858196e-05,8.994345158668732e-07,0.0,1.9647464862759746e-06,1.7377153343777285e-05,0.0,3.5977380634674927e-06,0.0,3.14802080553406e-06
HPO__HP:0033149,4.2410898980708165e-06,0.0,5.942637950415421e-06,0.0,0.0,0.0,4.447788902331078e-07,5.946839742986777e-06,0.0,0.0,1.0828471293798086e-05,1.8203509008694056e-06,3.1976186853839024e-06,2.295024909501236e-06,8.440487111208361e-06,3.3975750374249437e-05,4.66562351529092e-06,0.0,4.205081950983567e-06,1.8689258956401344e-06,1.190206740856045e-06
HPO__HP:0001539,4.214994269142911e-06,0.0,9.322930257592976e-06,0.0,2.0171055925938502e-06,5.263918630869106e-06,0.0,1.2741551080037081e-05,0.0,0.0,0.0,0.0,4.538119263384704e-06,0.0,0.0,0.0,3.035369003743847e-05,0.0,8.266317866951377e-06,0.0,1.1796252653990613e-05
HPO__HP:0001671,4.1701063755808e-06,0.0,5.432024577432991e-06,0.0,0.0,0.0,0.0,4.850185237950835e-06,0.0,0.0,9.514066970040053e-07,0.0,5.864601504416141e-06,0.0,0.0,3.5570070882215676e-06,1.850593946572126e-05,0.0,7.043474290382022e-06,0.0,3.719748865048709e-05
HPO__HP:0001952,4.1408407705624524e-06,0.0,8.395930031953987e-06,0.0,0.0,0.0,0.0,4.1681276037614515e-06,0.0,0.0,0.0,1.4071036582303923e-05,2.6532044586303485e-06,0.0,0.0,1.2120109028974772e-05,4.140840770562451e-05,0.0,0.0,0.0,0.0
HPO__HP:0002751,4.126792260609173e-06,2.1262827770729003e-06,0.0,3.4292790027752204e-06,1.754383965847155e-06,0.0,7.29286486690125e-06,6.0709670887208005e-06,7.263180110650358e-06,4.842120073766925e-07,0.0,1.93684802950677e-06,0.0,0.0,3.87369605901354e-06,0.0,0.0,1.1157841215898814e-05,3.519695551737091e-05,0.0,1.949334571048995e-06
HPO__HP:0006349,4.126356462666231e-06,0.0,2.233742497992102e-05,0.0,0.0,1.3588879433122482e-05,0.0,3.3902589509200607e-06,0.0,0.0,0.0,0.0,9.87772746922671e-06,0.0,0.0,0.0,3.333283842013467e-05,0.0,0.0,0.0,0.0
HPO__HP:0003031,4.12354169548004e-06,0.0,5.515703790402806e-06,2.0027350657653624e-06,0.0,0.0,0.0,4.318370471052749e-06,6.675783552551203e-07,2.5693998575361246e-06,1.2842452679741109e-06,3.986107137956637e-06,5.65070358665619e-06,0.0,2.3365242433929233e-06,4.24293539497816e-06,4.123541695480095e-05,6.675783552551203e-07,2.6023013724932366e-06,3.924115294912287e-06,1.4671187611690878e-06
HPO__HP:0002359,4.117502939897037e-06,4.08779151918624e-06,1.7413345161736114e-07,1.7409511545050912e-06,0.0,0.0,1.938832660060239e-06,1.8110405083125684e-06,7.059737840814442e-06,4.899101337555378e-06,0.0,2.6892687243813476e-06,0.0,9.694163300301196e-07,1.2287964530368086e-06,2.564433248400516e-06,0.0,4.1175029398969964e-05,9.814097524490306e-07,9.202725288612893e-06,1.8273911300087243e-06
HPO__HP:0010831,4.0799096078410295e-06,1.6654156922472126e-07,0.0,2.4988452389018738e-06,0.0,0.0,4.2222162924594577e-07,6.4569337946992955e-06,1.9204747855650324e-06,2.7179733894573618e-06,2.764927437263159e-06,2.498123538370811e-06,1.283080018119314e-06,3.036517019369821e-06,4.5325218343017475e-06,2.185878313377592e-06,1.7451224602843877e-06,4.0799096078410886e-05,5.489937273367038e-07,2.9931685844784135e-06,5.027772738413544e-06
HPO__HP:0000685,3.995024899762334e-06,0.0,1.1567399932777457e-05,0.0,0.0,3.592055276224388e-05,0.0,4.029696235379836e-06,0.0,0.0,6.3619962840581995e-06,0.0,1.6501473183937005e-06,0.0,3.300294636787401e-06,0.0,1.1546025352650415e-05,1.9371190772810613e-06,3.5872663956747686e-06,0.0,0.0
HPO__HP:0012262,3.974118058496107e-06,1.276821031770573e-05,0.0,0.0,0.0,0.0,0.0,5.51740263056494e-06,5.541281504198491e-06,0.0,0.0,1.5112585920541379e-06,0.0,3.974118058496119e-05,0.0,0.0,1.671721435602195e-06,0.0,0.0,0.0,1.273130610483551e-05
HPO__HP:0002099,3.973345036503648e-06,0.0,3.973345036503648e-05,0.0,0.0,6.650020755044294e-06,3.3765231717344064e-06,9.677284204544138e-06,0.0,2.2166735850147618e-06,0.0,2.157214400080017e-06,3.4800427137687764e-06,0.0,0.0,9.215554618251682e-06,2.9601369165984617e-06,0.0,0.0,0.0,0.0
HPO__HP:0008323,3.921813913097283e-06,0.0,4.0487438852410306e-06,9.944489200781289e-06,0.0,0.0,7.475893180701148e-07,2.1572580875967586e-06,2.368078743962447e-06,7.28802300833608e-06,5.393145218991897e-07,2.4536185397038163e-06,2.6965726094959483e-07,2.6965726094959483e-07,3.1884424928859164e-05,5.069519090127703e-06,8.089717828487839e-07,3.69107078693745e-06,0.0,6.89586184568266e-06,0.0
HPO__HP:0002002,3.916665075566084e-06,0.0,0.0,4.2796717219576835e-06,1.8605642043142083e-05,0.0,2.0814485390644624e-05,7.2650826952422545e-06,0.0,5.016406839359191e-06,9.359959169500687e-07,6.547242658657439e-07,1.946102607746118e-06,0.0,1.496949539473421e-06,6.547242658657439e-07,0.0,1.2158089133421921e-06,1.198690375290674e-05,3.460803558825833e-06,0.0
HPO__HP:0000932,3.90035887126508e-06,0.0,5.618151319842599e-06,1.5303383479112455e-06,0.0,0.0,0.0,5.482380763749671e-06,0.0,3.5262981793469988e-06,3.900358871265083e-05,4.2120248704787094e-06,2.0364268640541196e-06,3.7162127885039896e-06,3.302271987420077e-06,3.4619837915915282e-06,2.228875859290385e-06,0.0,4.2257623713047915e-07,2.040451130548328e-06,1.4255965727826534e-06
HPO__HP:0000384,3.889202070708819e-06,0.0,0.0,0.0,1.1348924556581461e-05,0.0,2.402910144143208e-05,1.4862919265656114e-05,0.0,0.0,1.375882140196306e-06,1.375882140196306e-06,1.182845187613995e-05,0.0,0.0,0.0,1.9905465378727895e-06,0.0,5.825086268775065e-06,0.0,5.147247187326219e-06
HPO__HP:0000819,3.808998140543521e-06,3.703084490262597e-07,3.8089981405431776e-05,3.344843059826222e-06,0.0,5.060708104927903e-07,7.574287698672356e-07,5.674742585217469e-06,0.0,2.6263511385742176e-06,3.1889831238582987e-06,2.684111206653276e-06,3.164748745614619e-06,2.5386946435081305e-06,4.663655978437356e-06,1.9493912004205974e-06,1.189488814914531e-06,6.484718880590938e-07,1.4042138614399818e-06,1.949404822149143e-06,1.4290723073794371e-06
HPO__HP:0032341,3.7872354125340865e-06,1.9567580797041297e-06,3.4402541869813613e-06,0.0,0.0,3.0137427328830857e-06,3.2597439647717386e-06,3.5414175168069027e-06,0.0,0.0,4.996677439432574e-06,2.1594906959442233e-06,2.2597816813790526e-06,3.787235412534092e-05,7.532605604596847e-07,0.0,4.37915982178422e-06,1.180472505602305e-06,3.3467642960677037e-06,0.0,3.5848306435238376e-06
HPO__HP:0003016,3.732469778882899e-06,0.0,0.0,0.0,0.0,0.0,0.0,0.0,0.0,0.0,1.5008445428595888e-05,0.0,1.5008445428595888e-05,0.0,0.0,0.0,3.732469778882896e-05,0.0,7.307806931637032e-06,0.0,0.0
HPO__HP:0000800,3.7222852715973115e-06,0.0,3.7222852715973214e-05,0.0,0.0,2.5933084786316933e-06,0.0,2.2499088477440632e-06,0.0,6.88183974732934e-07,1.274757130140631e-05,0.0,5.868657581340139e-06,1.3660001029515173e-06,6.88183974732934e-07,2.0645519241988014e-06,6.203750631302972e-06,0.0,2.752735898931736e-06,0.0,0.0
HPO__HP:0025700,3.7142470446945254e-06,0.0,2.5862589079543925e-06,0.0,0.0,0.0,0.0,0.0,0.0,0.0,3.714247044694525e-05,0.0,1.2931294539772011e-05,0.0,0.0,0.0,1.635406234386197e-05,0.0,5.270854655356934e-06,0.0,0.0
HPO__HP:0002591,3.7011027288194364e-06,0.0,3.3237424478174206e-06,0.0,0.0,0.0,0.0,3.677720952901678e-05,0.0,0.0,0.0,0.0,3.013490442783926e-05,0.0,0.0,0.0,3.7861981717152377e-06,0.0,0.0,0.0,0.0
HPO__HP:0002251,3.6052407223952886e-06,1.012335759941968e-05,3.605240722395286e-05,3.9377245752681625e-06,0.0,0.0,0.0,1.4461939427742434e-06,0.0,2.5088642309848955e-06,0.0,0.0,0.0,0.0,1.080529716163467e-05,0.0,0.0,0.0,7.230969713871222e-06,0.0,0.0
HPO__HP:0000871,3.5875254560745685e-06,4.351895281136411e-06,2.7351743742368775e-06,0.0,1.9782944139194134e-05,0.0,3.587525456074567e-05,0.0,0.0,0.0,0.0,0.0,3.198870573870574e-06,0.0,0.0,0.0,0.0,5.806370192307704e-06,0.0,0.0,0.0
HPO__HP:0002141,3.5868867733337108e-06,0.0,3.586886773333711e-05,0.0,0.0,0.0,0.0,8.95883811928389e-06,0.0,7.180476597907758e-06,0.0,0.0,0.0,0.0,0.0,1.0770714896861558e-05,8.95883811928389e-06,0.0,0.0,0.0,0.0
HPO__HP:0003693,3.576448831244418e-06,0.0,0.0,2.496959505351399e-06,0.0,0.0,0.0,1.447594178929848e-05,2.387489239126914e-06,1.2484797526756996e-06,5.491027803142684e-06,5.618158887040647e-06,0.0,0.0,0.0,2.496959505351399e-06,1.5494718304563047e-06,3.5764488312444854e-05,0.0,0.0,0.0
HPO__HP:0003431,3.535359185856883e-06,1.1382705817998912e-06,1.3114309044220042e-06,0.0,0.0,3.6946747546016286e-07,3.0770596756589655e-06,6.495976383051684e-06,0.0,0.0,4.726974930458008e-06,2.4016644053946244e-07,2.8396785357491734e-06,3.817090860329937e-06,0.0,1.4100542345847963e-06,2.6706532181613594e-06,3.5353591858568664e-05,3.319218363931328e-06,5.691352908999456e-07,3.368414963522215e-06
HPO__HP:0030515,3.5271162617595045e-06,0.0,1.4495720850267596e-06,2.6323533030271782e-05,0.0,0.0,1.3178024490323454e-06,2.3497536725276588e-06,0.0,1.2779290418613007e-05,0.0,0.0,3.010688634351066e-07,1.0058827755099452e-06,7.752739976633943e-06,3.1034040690602936e-06,1.505344317175533e-07,2.422505152984373e-06,3.3724886372587127e-06,7.088582624496796e-06,1.1251670486218087e-06
HPO__HP:0001433,3.492118992118986e-06,0.0,0.0,0.0,2.3280793280793336e-05,0.0,0.0,1.1640396640396668e-05,0.0,0.0,2.0952713952713978e-05,0.0,0.0,0.0,0.0,0.0,1.396847596847599e-05,0.0,0.0,0.0,0.0
HPO__HP:0000882,3.4896676554409555e-06,0.0,5.2898095577262e-06,0.0,0.0,1.6147510635454415e-05,2.9611513244208654e-06,1.4805756622104327e-06,0.0,0.0,0.0,0.0,7.402878311052169e-06,0.0,0.0,0.0,3.4896676554409554e-05,0.0,0.0,1.6147510635454384e-06,0.0
HPO__HP:0000733,3.461217948717961e-06,0.0,0.0,0.0,2.4722985347985386e-05,2.8394491927825294e-05,0.0,9.889194139194132e-06,0.0,0.0,6.217687559354249e-06,0.0,0.0,0.0,0.0,0.0,0.0,0.0,0.0,0.0,0.0
HPO__HP:0000609,3.4370481843060992e-06,0.0,1.160292917638671e-05,0.0,1.4324936517405063e-06,3.385702176253928e-07,3.062721434714525e-05,3.7432674959157114e-06,0.0,0.0,4.18024838131608e-06,0.0,6.822967136645307e-06,0.0,0.0,2.8480725076373527e-06,4.0591282794423515e-06,0.0,2.390580846788403e-06,0.0,6.954916454790277e-07
HPO__HP:0012385,3.409158594348269e-06,0.0,0.0,0.0,0.0,0.0,6.115293405663021e-06,1.520270762890245e-05,0.0,0.0,2.8635076404670337e-05,0.0,1.8230094447729544e-05,0.0,0.0,0.0,0.0,0.0,0.0,0.0,0.0
HPO__HP:0010828,3.4065010540281144e-06,0.0,6.562820201688151e-06,0.0,0.0,0.0,0.0,3.406501054028124e-05,0.0,0.0,6.879920673175626e-06,1.857110088524114e-06,2.0593456840171093e-06,4.1276136470068704e-06,3.7142201770482277e-07,7.484344328310236e-06,2.047515404108316e-06,0.0,6.051538380977232e-07,0.0,2.069764657648209e-06
HPO__HP:0000158,3.376999915793016e-06,0.0,3.0438108658582755e-06,0.0,1.1130891012793275e-05,0.0,1.2957994441874877e-05,3.376999915793016e-05,0.0,0.0,6.637302837403773e-06,0.0,0.0,0.0,0.0,0.0,0.0,0.0,0.0,0.0,0.0
HPO__HP:0100951,3.280001837248988e-06,0.0,0.0,0.0,0.0,0.0,0.0,3.280001837248979e-05,0.0,0.0,5.3771249908032015e-06,8.603202620214166e-06,8.603202620214163e-07,1.7206405240428327e-06,0.0,4.301601310107083e-06,0.0,6.775207093172693e-06,0.0,0.0,5.161921572128493e-06
HPO__HP:0005766,3.2785360220357855e-06,0.0,5.719100595562405e-07,0.0,0.0,0.0,2.6603598645227837e-06,4.608301572918791e-06,2.287640238224962e-06,0.0,1.2411759722938187e-05,0.0,4.979626016900814e-06,6.631215994496913e-07,0.0,0.0,3.278536022035786e-05,1.1374048090577275e-06,2.513291888613346e-06,0.0,9.519444481752929e-07
HPO__HP:0012506,3.2450816641483405e-06,0.0,0.0,0.0,5.331460127475318e-06,1.283596068700431e-05,1.0712546870252843e-05,8.927122391877354e-07,0.0,0.0,3.570848956750941e-06,0.0,0.0,0.0,0.0,0.0,3.155810440229562e-05,0.0,0.0,0.0,0.0
HPO__HP:0000458,3.2300199951349287e-06,4.4464724703018935e-06,3.2300199951349287e-05,0.0,0.0,0.0,0.0,0.0,0.0,0.0,0.0,0.0,0.0,1.3339417410905735e-05,0.0,7.402389241506891e-06,2.6654483583328774e-06,0.0,0.0,0.0,4.4464724703018935e-06
INH_XL,3.2271354246426402e-06,0.0,5.72940561985466e-06,8.814899176351968e-06,0.0,0.0,0.0,0.0,0.0,1.404886925397832e-05,0.0,0.0,0.0,0.0,2.4366192717428848e-05,0.0,0.0,0.0,2.0319202740854665e-06,9.551421451153504e-06,0.0
HPO__HP:0000501,3.112046289465655e-06,6.922287248567993e-07,3.112046289465655e-05,6.922287248567993e-07,0.0,4.216616210845904e-06,9.095872897610764e-06,1.764287011728172e-06,0.0,1.3844574497135985e-06,2.5534152110573693e-06,0.0,3.2836052597864734e-06,0.0,0.0,1.3844574497135985e-06,3.193955992647759e-06,0.0,1.4748805121256043e-06,0.0,1.3844574497135985e-06
HPO__HP:0002167,3.1089237075123433e-06,0.0,3.1089237075123435e-05,0.0,1.677037996059635e-05,0.0,0.0,0.0,0.0,0.0,0.0,0.0,0.0,0.0,1.5909841238363368e-06,6.363936495345347e-06,0.0,0.0,6.363936495345347e-06,0.0,0.0
HPO__HP:0012393,3.0872922769068144e-06,1.1337037492285659e-05,3.0872922769068146e-05,0.0,0.0,9.20584219479302e-07,0.0,0.0,0.0,0.0,0.0,2.267407498457139e-06,1.7403070283889823e-06,0.0,0.0,0.0,9.34691404074407e-06,0.0,5.2606724897130755e-06,0.0,0.0
HPO__HP:0001284,3.0801660759353904e-06,0.0,0.0,0.0,0.0,0.0,0.0,1.0164044440485403e-05,5.880339900119799e-06,0.0,4.024711750567828e-06,0.0,4.024711750567828e-06,0.0,1.3415705835226097e-06,0.0,5.366282334090439e-06,3.08016607593539e-05,0.0,0.0,0.0
HPO__HP:0002090,3.0417510759919848e-06,0.0,0.0,0.0,0.0,0.0,0.0,0.0,0.0,0.0,0.0,0.0,0.0,3.0417510759919846e-05,0.0,0.0,0.0,0.0,0.0,0.0,3.041751075991985e-05
HPO__HP:0000020,3.0309736864196014e-06,1.6502313369509506e-06,0.0,0.0,0.0,0.0,0.0,2.47534700542643e-06,2.255804136029755e-06,0.0,0.0,1.2376735027132138e-05,0.0,1.6502313369509506e-06,0.0,9.90138802170572e-06,0.0,3.030973686419608e-05,0.0,0.0,0.0
HPO__HP:0012047,3.0125857224657833e-06,0.0,7.230820356530981e-07,1.9613899432075673e-05,0.0,0.0,3.445578596842493e-06,3.479544913127096e-06,8.958504351790491e-06,1.1305085798295292e-05,0.0,1.4461640713061963e-06,0.0,6.891157193684999e-07,6.891157193684999e-07,0.0,0.0,4.388698056540318e-06,0.0,5.5129257549479995e-06,0.0
HPO__HP:0007973,3.009945994064827e-06,9.165238186921715e-07,0.0,0.0,0.0,0.0,9.165238186921715e-07,3.0099459940648282e-05,9.165238186921715e-07,0.0,9.621390130236432e-06,0.0,9.163128220890342e-06,0.0,0.0,0.0,5.394112894071026e-06,4.5826190934608577e-07,2.2547334206818407e-06,0.0,4.5826190934608577e-07
HPO__HP:0002174,2.986371779355441e-06,6.000065334002767e-07,2.7770082572702586e-06,0.0,0.0,0.0,1.4986528336074586e-06,2.277393164393061e-06,1.1337148843518003e-05,0.0,2.6666671072737793e-06,0.0,1.7764298840404586e-06,0.0,1.7777780715158519e-06,1.5525938981335795e-06,0.0,2.986371779355445e-05,3.6000392004016615e-06,0.0,0.0
HPO__HP:0000457,2.9795100797449768e-06,0.0,0.0,0.0,0.0,0.0,9.313258297700806e-06,4.882757556134554e-06,0.0,0.0,2.979510079744976e-05,0.0,9.84894192131172e-06,0.0,0.0,0.0,4.788498279503325e-06,0.0,9.616447427992403e-07,0.0,0.0
HPO__HP:0001769,2.951726791648982e-06,0.0,2.9517267916489817e-05,0.0,0.0,0.0,6.342658929945408e-07,4.3580483989975635e-06,0.0,0.0,3.748018291654457e-06,0.0,7.759651898841183e-06,0.0,0.0,4.720890845802313e-06,5.8819740006414905e-06,0.0,1.8108139406686894e-06,0.0,6.036046468895639e-07
HPO__HP:0009803,2.9257705702603828e-06,0.0,0.0,0.0,0.0,2.9257705702603824e-05,0.0,0.0,0.0,0.0,0.0,0.0,0.0,0.0,0.0,0.0,1.905998561662613e-05,0.0,1.019772008597756e-05,0.0,0.0
HPO__HP:0003376,2.8956125626947177e-06,4.1227973282748e-06,3.0159821064980483e-06,0.0,0.0,0.0,0.0,4.612823136745259e-06,0.0,0.0,4.810251921268089e-06,0.0,1.5156297205001367e-06,4.9173544705779364e-06,1.6491189313099196e-06,0.0,1.291468017997589e-06,2.8956125626947096e-05,1.9839113608763177e-06,0.0,1.0367886328991143e-06
HPO__HP:0011540,2.8583148134726995e-06,1.952138945492031e-06,0.0,2.8168847975421615e-06,0.0,0.0,8.873358843145601e-07,3.0125350896972132e-06,3.371876360395335e-06,2.4362148334802816e-06,1.7272836241379106e-06,1.0602244397498804e-06,1.1515224160919396e-06,1.0375363488418231e-05,2.5583510769293094e-06,1.2508537069700661e-06,1.5008760201173477e-06,2.3374632429917967e-06,2.5195876968173087e-06,0.0,1.8207784646308617e-05
HPO__HP:0002495,2.8425676217399403e-06,0.0,0.0,3.852975317491392e-06,0.0,0.0,0.0,2.4646629646012674e-06,6.295609228934502e-07,5.2110771001634015e-06,0.0,3.780653108267223e-06,0.0,0.0,4.449724618938433e-06,2.4778989582113223e-06,0.0,2.842567621739678e-05,0.0,4.597682320445427e-06,9.61440906390094e-07
HPO__HP:0010576,2.8165326652223227e-06,0.0,1.1648356745213202e-05,0.0,0.0,0.0,0.0,2.8165326652223227e-05,0.0,0.0,0.0,0.0,4.7706182617947555e-06,0.0,0.0,0.0,1.0275334170315889e-05,0.0,1.4710174748993587e-06,0.0,0.0
HPO__HP:0000786,2.7820397660867623e-06,0.0,2.7820397660867622e-05,0.0,2.5955407548256784e-05,0.0,0.0,0.0,0.0,0.0,0.0,0.0,0.0,0.0,0.0,0.0,1.8649901126107697e-06,0.0,0.0,0.0,0.0
HPO__HP:0001080,2.774262571741082e-06,0.0,2.7742625717410793e-05,0.0,0.0,0.0,0.0,3.2453543670095317e-06,0.0,0.0,3.920160206393927e-06,0.0,0.0,0.0,0.0,0.0,0.0,1.852109685604556e-05,0.0,2.056014287961769e-06,0.0
HPO__HP:0001698,2.752821365144546e-06,0.0,0.0,0.0,0.0,0.0,2.408718694501475e-05,0.0,0.0,0.0,2.7528213651445465e-05,0.0,0.0,0.0,0.0,0.0,3.4410267064306826e-06,0.0,0.0,0.0,0.0
HPO__HP:0000013,2.748346525100838e-06,0.0,0.0,0.0,0.0,0.0,0.0,6.870866312752097e-06,0.0,0.0,2.748346525100838e-05,0.0,2.0612598938256218e-05,0.0,0.0,0.0,0.0,0.0,0.0,0.0,0.0
HPO__HP:0002783,2.7241202271075034e-06,0.0,0.0,8.811964541058308e-07,0.0,0.0,0.0,0.0,4.075587416694873e-06,3.0456252098724642e-06,0.0,0.0,0.0,2.7241202271075034e-05,6.580267748290707e-06,0.0,0.0,1.4758412073843575e-06,0.0,1.118268423472677e-05,0.0
HPO__HP:0006938,2.720966697656997e-06,0.0,0.0,3.288357952076342e-06,0.0,0.0,7.524743640554741e-06,7.848393638816802e-06,3.0888919627008533e-06,3.563240189356787e-06,0.0,1.0052295457252667e-06,0.0,0.0,8.908100473391967e-07,0.0,0.0,2.7209666976569972e-05,0.0,0.0,0.0
HPO__HP:0006254,2.664988327284386e-06,1.9987412454632914e-05,0.0,0.0,0.0,0.0,0.0,2.7475298008057245e-06,0.0,0.0,6.056622107246012e-06,2.9206668895522925e-06,0.0,9.155109662365194e-07,0.0,0.0,2.138045474203419e-06,6.662470818210967e-06,0.0,0.0,1.1871508034799923e-05
HPO__HP:0006855,2.6559177728486736e-06,1.5420377331518313e-06,2.550065279937287e-06,3.214487430610793e-06,0.0,0.0,0.0,1.3886414401003267e-06,2.413657738809695e-06,4.991976969645842e-06,0.0,0.0,0.0,0.0,3.93035253521749e-06,8.205974394419219e-07,2.7772828802006496e-07,2.6559177728486758e-05,8.331848640601956e-07,4.596448009491305e-06,0.0
HPO__HP:0001177,2.6414060758082587e-06,0.0,0.0,0.0,0.0,2.05644416573764e-05,0.0,2.942964511334076e-06,0.0,0.0,0.0,0.0,5.849619100706057e-06,0.0,0.0,0.0,2.347109624674836e-05,0.0,0.0,0.0,0.0
HPO__HP:0033158,2.6258867869051164e-06,0.0,4.844051200663323e-06,0.0,0.0,0.0,0.0,0.0,0.0,0.0,5.7052451299756834e-06,0.0,3.2293674671088816e-06,2.6258867869051386e-05,8.073418667772204e-07,0.0,2.4220256003316616e-06,8.073418667772204e-07,2.415137232230432e-06,0.0,6.0283575051865455e-06
HPO__HP:0000567,2.612476666155898e-06,0.0,1.5376019076178455e-05,0.0,0.0,0.0,8.351102498220938e-06,1.7773664163338073e-05,2.1429183337922407e-06,1.0714591668961203e-06,0.0,0.0,1.0714591668961203e-06,0.0,0.0,3.2485334171076544e-06,2.1429183337922407e-06,1.0714591668961203e-06,0.0,0.0,0.0
HPO__HP:0010803,2.6115710275544984e-06,0.0,1.8729152009387727e-06,0.0,0.0,6.502651934486812e-06,0.0,2.6115710275544987e-05,0.0,0.0,0.0,0.0,6.502651934486812e-06,0.0,0.0,0.0,9.364576004693848e-06,0.0,1.8729152009387727e-06,0.0,0.0
HPO__HP:0006872,2.5843125350674783e-06,0.0,0.0,0.0,4.516121723629523e-06,0.0,5.553745648860935e-06,0.0,0.0,0.0,2.5843125350674783e-05,0.0,8.77460795749059e-06,0.0,0.0,0.0,0.0,0.0,0.0,0.0,6.998650020693769e-06
HPO__HP:0000483,2.518047108347254e-06,0.0,2.3475494204866976e-05,0.0,0.0,0.0,0.0,1.0840250391856891e-05,0.0,0.0,0.0,0.0,0.0,0.0,2.1287947464180582e-06,1.1298286828003432e-05,2.6181159957996835e-06,0.0,0.0,0.0,0.0
HPO__HP:0000776,2.4962091867452924e-06,0.0,0.0,0.0,2.3816360725098345e-05,0.0,3.105119539485427e-06,3.1167126326527967e-06,0.0,0.0,8.65235145565914e-06,0.0,8.049073256239957e-06,0.0,0.0,0.0,2.640955067359661e-06,0.0,5.436110584105402e-07,0.0,0.0
HPO__HP:0008734,2.4928419221799114e-06,0.0,0.0,0.0,1.7845096013270294e-05,0.0,1.796656195443204e-05,7.083323208528791e-06,0.0,0.0,0.0,3.1692823806310644e-06,1.6559502723154003e-06,0.0,1.5846411903155322e-06,0.0,0.0,5.519834241051329e-07,0.0,0.0,0.0
HPO__HP:0006297,2.434175399639638e-06,0.0,9.548789416828865e-07,0.0,0.0,2.4341753996396375e-05,0.0,2.1888028117182215e-06,0.0,0.0,0.0,0.0,1.7096007991068855e-06,0.0,0.0,0.0,1.606926984567464e-05,0.0,3.419201598213771e-06,0.0,0.0
HPO__HP:0000670,2.3743358616290272e-06,0.0,0.0,0.0,1.363118696499699e-06,2.23802399197906e-05,0.0,0.0,0.0,0.0,0.0,0.0,0.0,0.0,0.0,0.0,4.96304925174184e-06,0.0,0.0,1.8780309364548566e-05,0.0
HPO__HP:0002435,2.3629166148901124e-06,0.0,0.0,0.0,0.0,0.0,0.0,4.725833229780247e-06,0.0,0.0,1.8903332919120987e-05,0.0,2.1941368566836802e-05,0.0,0.0,0.0,1.687797582064371e-06,0.0,0.0,0.0,0.0
HPO__HP:0001829,2.357531397082983e-06,0.0,2.3575313970829902e-05,2.2360144553461645e-06,0.0,0.0,0.0,1.6429540216436613e-06,0.0,9.941007725902067e-06,0.0,0.0,0.0,0.0,0.0,4.135686825599446e-06,0.0,1.4049127355846012e-06,1.8269378928852585e-06,2.3878003138685446e-06,0.0
HPO__HP:0000946,2.3414423279266897e-06,0.0,0.0,0.0,0.0,2.34144232792669e-05,0.0,0.0,0.0,0.0,0.0,0.0,0.0,0.0,0.0,0.0,2.3414423279266888e-05,0.0,0.0,0.0,0.0
HPO__HP:0001518,2.33306835380051e-06,0.0,2.9163354422506357e-06,0.0,0.0,0.0,1.749801265350383e-05,0.0,0.0,0.0,0.0,0.0,0.0,0.0,2.9163354422506357e-06,0.0,0.0,1.4581677211253192e-05,5.832670884501277e-06,2.9163354422506357e-06,0.0
HPO__HP:0000855,2.320797547453728e-06,6.076999779601779e-06,2.320797547453726e-05,0.0,0.0,0.0,0.0,0.0,0.0,0.0,0.0,1.689824272853111e-06,1.1693868636554478e-05,0.0,0.0,0.0,1.24909426184265e-06,0.0,2.4981885236853e-06,0.0,0.0
HPO__HP:0012743,2.2516690783486737e-06,0.0,2.251669078348673e-05,0.0,0.0,0.0,0.0,2.147348644558707e-05,0.0,0.0,0.0,0.0,1.043204337899659e-06,0.0,0.0,0.0,0.0,0.0,0.0,0.0,0.0
HPO__HP:0000093,2.210341599147285e-06,1.92031211820692e-06,6.110132376238726e-06,0.0,5.0245142468713e-06,6.719962080552926e-07,0.0,2.023521323485446e-06,0.0,8.462733579593884e-07,1.086136926215272e-06,3.032733694908341e-06,7.989941062072722e-06,7.306812367856577e-07,1.1467571388021293e-06,2.351986728193528e-06,1.0116045435627631e-05,3.5458325009978395e-07,2.2165836313402992e-07,0.0,5.795585162895327e-07
HPO__HP:0004743,2.153915830546264e-06,0.0,3.880079472184732e-06,0.0,1.7659078833277967e-05,0.0,0.0,0.0,0.0,0.0,0.0,0.0,0.0,0.0,0.0,0.0,2.1539158305462643e-05,0.0,0.0,0.0,0.0
HPO__HP:0000541,2.1495599075683935e-06,7.4469430663947495e-06,0.0,1.681271373925412e-05,0.0,0.0,1.0638490094849629e-06,0.0,4.1840634096812026e-06,1.0638490094849629e-06,0.0,0.0,0.0,1.0638490094849629e-06,4.6828853364296895e-06,0.0,0.0,6.673045571153256e-06,0.0,0.0,0.0
HPO__HP:0030010,2.0676148528632096e-06,0.0,0.0,0.0,4.238429728706322e-06,0.0,7.956630269841839e-06,4.242658801377664e-06,0.0,0.0,2.119214864353161e-06,0.0,2.119214864353161e-06,0.0,0.0,0.0,2.0676148528632095e-05,0.0,0.0,0.0,0.0
HPO__HP:0008081,2.067412444742957e-06,0.0,0.0,0.0,0.0,1.3816213992694654e-05,0.0,0.0,0.0,0.0,0.0,0.0,0.0,0.0,0.0,0.0,2.0674124447429567e-05,0.0,6.857910454734949e-06,0.0,0.0
HPO__HP:0002263,2.0577182418896207e-06,0.0,7.144142836767168e-06,0.0,0.0,4.371308299094944e-06,0.0,2.0577182418896208e-05,0.0,0.0,0.0,0.0,1.4229090665524868e-06,0.0,0.0,0.0,7.638822216481612e-06,0.0,0.0,0.0,0.0
HPO__HP:0001838,2.0535797025143396e-06,0.0,0.0,0.0,0.0,0.0,2.803011965636084e-06,4.910637862426903e-06,0.0,0.0,2.053579702514339e-05,0.0,3.2737585749512787e-06,0.0,0.0,0.0,5.343870673674985e-06,0.0,4.20451794845412e-06,0.0,0.0
HPO__HP:0002910,2.04134913853485e-06,0.0,4.239332082888571e-06,0.0,0.0,0.0,0.0,6.071791737873637e-07,0.0,4.0152171914458117e-07,0.0,0.0,3.2317601334386193e-06,6.071791737873637e-07,1.700712161521175e-05,5.273100301015671e-06,2.9810686473562375e-06,0.0,5.262808727694686e-06,0.0,1.215911196372164e-06
HPO__HP:0001712,2.035665682404804e-06,0.0,2.0356656824048038e-05,0.0,7.942034674784182e-06,0.0,1.8669944678081321e-06,0.0,0.0,0.0,0.0,0.0,1.0547627681455778e-05,0.0,0.0,0.0,0.0,0.0,0.0,0.0,0.0
HPO__HP:0006610,1.90183554677272e-06,0.0,0.0,0.0,0.0,0.0,2.373237424913388e-06,1.9018355467727203e-05,0.0,0.0,0.0,0.0,9.777371085064186e-06,1.186618712456694e-06,0.0,0.0,5.0390554548878245e-06,0.0,6.420727904051918e-07,0.0,0.0
HPO__HP:0003865,1.8680726436956833e-06,0.0,0.0,0.0,0.0,1.8680726436956833e-05,0.0,0.0,0.0,0.0,0.0,0.0,0.0,0.0,0.0,0.0,1.8680726436956837e-05,0.0,0.0,0.0,0.0
HPO__HP:0000490,1.8586489934929751e-06,0.0,1.4142658421202011e-05,0.0,7.48579874542523e-06,0.0,0.0,3.7179636950716356e-06,0.0,0.0,0.0,0.0,7.435927390143271e-06,0.0,0.0,0.0,4.390631618017315e-06,0.0,0.0,0.0,0.0
HPO__HP:0004370,1.8549666172422925e-06,0.0,0.0,0.0,7.798353304136722e-06,0.0,1.0751312868286132e-05,1.8549666172422918e-05,0.0,0.0,0.0,0.0,0.0,0.0,0.0,0.0,0.0,0.0,0.0,0.0,0.0
HPO__HP:0000678,1.8122572857613369e-06,0.0,1.812257285761337e-05,0.0,1.5239605329311191e-05,0.0,0.0,0.0,0.0,0.0,0.0,0.0,0.0,0.0,0.0,0.0,2.8829675283022172e-06,0.0,0.0,0.0,0.0
HPO__HP:0012045,1.7632157658205852e-06,0.0,0.0,8.393164735345391e-06,0.0,0.0,0.0,0.0,4.3872193770067275e-06,8.732723946852166e-06,0.0,0.0,0.0,0.0,6.3215384176661206e-06,0.0,0.0,1.3848052074036766e-06,0.0,4.466418661447415e-06,1.5784449706901966e-06
HPO__HP:0006660,1.757419398005723e-06,0.0,0.0,0.0,0.0,0.0,1.3681638184845343e-06,8.655160695057674e-07,0.0,0.0,2.415114048253807e-06,0.0,9.463335765790069e-06,0.0,0.0,0.0,1.757419398005722e-05,0.0,3.4620642780230694e-06,0.0,0.0
HPO__HP:0001409,1.7367496735517587e-06,0.0,0.0,0.0,0.0,0.0,0.0,0.0,0.0,0.0,1.736749673551759e-05,0.0,0.0,5.210249020655268e-06,0.0,0.0,0.0,0.0,0.0,0.0,1.2157247714862287e-05
HPO__HP:0001328,1.73198717948719e-06,0.0,1.7319871794871903e-05,0.0,1.73198717948719e-05,0.0,0.0,0.0,0.0,0.0,0.0,0.0,0.0,0.0,0.0,0.0,0.0,0.0,0.0,0.0,0.0
HPO__HP:0002536,1.6404332347405934e-06,0.0,0.0,0.0,0.0,0.0,8.352161377548168e-06,9.755365333834373e-07,0.0,0.0,9.067863085856643e-07,0.0,1.6404332347405934e-05,0.0,0.0,0.0,0.0,6.169848127888688e-06,0.0,0.0,0.0
HPO__HP:0000998,1.638951048951056e-06,0.0,0.0,0.0,1.1798426573426567e-05,0.0,4.591083916083942e-06,0.0,0.0,0.0,0.0,0.0,0.0,0.0,0.0,0.0,1.638951048951056e-05,0.0,0.0,0.0,0.0
HPO__HP:0000448,1.6255341880341937e-06,0.0,0.0,0.0,0.0,0.0,0.0,0.0,0.0,0.0,6.650641025641038e-06,9.604700854700874e-06,0.0,0.0,0.0,0.0,1.6255341880341934e-05,0.0,0.0,0.0,0.0
HPO__HP:0008003,1.6232219873398226e-06,0.0,0.0,2.318888553342605e-06,0.0,0.0,0.0,0.0,9.27555421337042e-06,0.0,0.0,0.0,0.0,0.0,0.0,4.63777710668521e-06,0.0,1.623221987339823e-05,0.0,0.0,0.0
HPO__HP:0031834,1.6126807932451431e-06,0.0,2.2974440492288156e-06,0.0,0.0,0.0,0.0,1.7373167586456105e-06,0.0,3.061572470195196e-06,0.0,0.0,3.061572470195196e-06,1.934141376312222e-06,0.0,0.0,1.7373167586456105e-06,0.0,2.2974440492288156e-06,0.0,1.6126807932451397e-05
HPO__HP:0010535,1.5597079483719172e-06,0.0,0.0,0.0,1.5597079483719174e-05,0.0,0.0,1.5597079483719174e-05,0.0,0.0,0.0,0.0,0.0,0.0,0.0,0.0,0.0,0.0,0.0,0.0,0.0
HPO__HP:0025502,1.5276267698640388e-06,0.0,8.125680975649113e-06,1.3723316600741048e-06,0.0,0.0,0.0,7.150586722991294e-06,4.116994980222312e-06,4.116994980222312e-06,2.9252827579734185e-06,0.0,0.0,0.0,0.0,2.7446633201482097e-06,0.0,0.0,0.0,0.0,0.0
HPO__HP:0008043,1.4438120033985062e-06,0.0,3.2420386393071965e-06,3.6537220609157555e-06,0.0,0.0,0.0,0.0,0.0,1.3534208697227278e-05,0.0,0.0,0.0,0.0,2.9656875791462536e-06,0.0,0.0,0.0,0.0,5.480583091373638e-06,0.0
HPO__HP:0001152,1.4373931301612135e-06,0.0,1.4373931301612135e-05,0.0,0.0,0.0,0.0,0.0,0.0,0.0,0.0,0.0,0.0,0.0,0.0,0.0,0.0,1.4373931301612135e-05,0.0,0.0,0.0
HPO__HP:0011090,1.3898309928637e-06,0.0,0.0,0.0,0.0,3.6235677713272046e-06,0.0,3.023187556218177e-06,0.0,0.0,7.25155460109166e-06,0.0,0.0,0.0,0.0,0.0,1.3898309928637003e-05,0.0,0.0,0.0,0.0
HPO__HP:0001655,1.3784364453167395e-06,0.0,0.0,0.0,1.3784364453167392e-05,0.0,0.0,0.0,0.0,0.0,0.0,0.0,8.620993589743613e-06,0.0,0.0,0.0,5.16337086342378e-06,0.0,0.0,0.0,0.0
HPO__HP:0000280,1.3648912256035373e-06,0.0,0.0,0.0,0.0,0.0,0.0,0.0,0.0,0.0,0.0,0.0,1.3648912256035373e-05,0.0,0.0,0.0,1.3648912256035373e-05,0.0,0.0,0.0,0.0
HPO__HP:0000243,1.3195763155575814e-06,0.0,0.0,0.0,0.0,0.0,0.0,0.0,0.0,0.0,7.917457893345493e-06,0.0,1.3195763155575812e-05,0.0,0.0,0.0,5.278305262230337e-06,0.0,0.0,0.0,0.0
HPO__HP:0002839,1.250850207175261e-06,4.568306256408826e-06,0.0,4.2446667890875667e-07,0.0,0.0,0.0,0.0,3.45279942576525e-06,3.806921880340692e-07,0.0,0.0,7.613843760681384e-07,0.0,1.5227687521362768e-06,0.0,0.0,1.2508502071752621e-05,7.613843760681384e-07,6.367000183631344e-07,0.0
HPO__HP:0000160,1.2502144560473763e-06,0.0,1.2502144560473765e-05,0.0,0.0,0.0,0.0,3.1255361401184417e-06,0.0,0.0,0.0,0.0,9.37660842035533e-06,0.0,0.0,0.0,0.0,0.0,0.0,0.0,0.0
HPO__HP:0000695,1.1985195656678204e-06,0.0,0.0,0.0,0.0,0.0,0.0,1.783481032195505e-06,0.0,0.0,4.370824141508865e-06,0.0,1.1985195656678206e-05,0.0,0.0,0.0,5.830890482973797e-06,0.0,0.0,0.0,0.0
HPO__HP:0001357,1.1865802141664197e-06,0.0,0.0,0.0,0.0,1.18658021416642e-05,0.0,1.18658021416642e-05,0.0,0.0,0.0,0.0,0.0,0.0,0.0,0.0,0.0,0.0,0.0,0.0,0.0
HPO__HP:0000269,1.1645925998604578e-06,0.0,0.0,0.0,0.0,0.0,0.0,1.1645925998604578e-05,0.0,0.0,0.0,0.0,0.0,0.0,0.0,0.0,1.1645925998604578e-05,0.0,0.0,0.0,0.0
HPO__HP:0000414,1.1073633560177356e-06,0.0,1.107363356017736e-05,0.0,9.978806743732182e-06,0.0,0.0,0.0,0.0,0.0,0.0,0.0,0.0,0.0,0.0,0.0,1.094826816445173e-06,0.0,0.0,0.0,0.0
HPO__HP:0000171,1.0577597669532526e-06,0.0,0.0,0.0,0.0,6.424029578285275e-06,0.0,0.0,0.0,0.0,0.0,0.0,0.0,0.0,0.0,0.0,1.0577597669532528e-05,0.0,4.153568091247237e-06,0.0,0.0
HPO__HP:0002508,1.0524911065714802e-06,0.0,3.5083036885715954e-06,0.0,0.0,0.0,0.0,1.0524911065714801e-05,0.0,0.0,7.016607377143191e-06,0.0,0.0,0.0,0.0,0.0,0.0,0.0,0.0,0.0,0.0
HPO__HP:0000099,1.0211855617753158e-06,0.0,0.0,0.0,0.0,1.021185561775316e-05,0.0,0.0,0.0,0.0,0.0,0.0,0.0,0.0,0.0,0.0,1.021185561775316e-05,0.0,0.0,0.0,0.0
HPO__HP:0002350,9.586922305398056e-07,0.0,0.0,0.0,0.0,0.0,0.0,1.9209463209956635e-06,0.0,0.0,0.0,0.0,7.665975984402375e-06,0.0,0.0,0.0,9.586922305398076e-06,0.0,0.0,0.0,0.0
HPO__HP:0005565,9.560426533343225e-07,0.0,0.0,0.0,0.0,0.0,0.0,9.560426533343225e-06,0.0,0.0,0.0,0.0,0.0,0.0,0.0,0.0,9.560426533343223e-06,0.0,0.0,0.0,0.0
HPO__HP:0001674,9.503268722018711e-07,2.0864282322615684e-06,1.0432141161307842e-06,0.0,0.0,0.0,0.0,0.0,0.0,0.0,0.0,0.0,0.0,6.373626373626354e-06,0.0,0.0,0.0,0.0,0.0,0.0,9.503268722018706e-06
HPO__HP:0002557,9.379605063713443e-07,0.0,7.033305529913898e-06,0.0,9.379605063713443e-06,0.0,0.0,0.0,0.0,0.0,0.0,0.0,0.0,2.3462995337995413e-06,0.0,0.0,0.0,0.0,0.0,0.0,0.0
HPO__HP:0000317,9.340881626085368e-07,0.0,0.0,0.0,0.0,0.0,9.340881626085367e-06,0.0,0.0,0.0,0.0,0.0,0.0,0.0,0.0,0.0,0.0,9.34088162608537e-06,0.0,0.0,0.0
HPO__HP:0001377,8.904181330651884e-07,0.0,4.452090665325942e-06,0.0,8.904181330651884e-06,0.0,0.0,0.0,0.0,0.0,0.0,0.0,0.0,0.0,0.0,0.0,4.452090665325942e-06,0.0,0.0,0.0,0.0
HPO__HP:0002996,8.504416593635492e-07,0.0,2.6861005620196797e-06,0.0,8.504416593635492e-06,0.0,5.81831603161582e-06,0.0,0.0,0.0,0.0,0.0,0.0,0.0,0.0,0.0,0.0,0.0,0.0,0.0,0.0
HPO__HP:0002067,8.503205128205123e-07,0.0,0.0,0.0,0.0,0.0,0.0,0.0,8.503205128205122e-06,0.0,0.0,0.0,0.0,0.0,0.0,0.0,0.0,8.503205128205132e-06,0.0,0.0,0.0
HPO__HP:0001116,8.094439455318435e-07,0.0,0.0,0.0,0.0,0.0,0.0,0.0,0.0,8.094439455318436e-06,0.0,0.0,0.0,0.0,8.094439455318436e-06,0.0,0.0,0.0,0.0,0.0,0.0
HPO__HP:0001742,7.819937585562589e-07,0.0,0.0,0.0,0.0,0.0,0.0,0.0,0.0,0.0,0.0,0.0,0.0,7.819937585562588e-06,0.0,0.0,0.0,0.0,0.0,0.0,7.819937585562595e-06
HPO__HP:0000437,7.714058075267126e-07,0.0,0.0,0.0,0.0,0.0,7.714058075267127e-06,0.0,0.0,0.0,0.0,0.0,0.0,0.0,0.0,0.0,0.0,7.714058075267125e-06,0.0,0.0,0.0
HPO__HP:0001288,7.334359442807944e-07,0.0,0.0,0.0,0.0,0.0,0.0,7.334359442807941e-06,0.0,0.0,0.0,0.0,0.0,0.0,0.0,0.0,0.0,7.334359442807944e-06,0.0,0.0,0.0
HPO__HP:0010750,7.1686703808565e-07,0.0,7.1686703808565165e-06,0.0,0.0,0.0,0.0,3.5843351904282502e-06,0.0,0.0,0.0,0.0,0.0,0.0,3.5843351904282502e-06,0.0,0.0,0.0,0.0,0.0,0.0
HPO__HP:0006937,7.059425426723406e-07,0.0,0.0,0.0,0.0,0.0,0.0,5.053480342227944e-06,2.0059450844954408e-06,0.0,0.0,0.0,0.0,0.0,0.0,0.0,0.0,7.059425426723405e-06,0.0,0.0,0.0
HPO__HP:0031609,6.929715756594065e-07,0.0,4.157829453956484e-06,0.0,0.0,0.0,0.0,0.0,0.0,2.771886302637655e-06,0.0,0.0,0.0,0.0,6.929715756594008e-06,0.0,0.0,0.0,0.0,0.0,0.0
HPO__HP:0000303,6.86081079902277e-07,0.0,0.0,0.0,0.0,0.0,0.0,6.860810799022768e-06,0.0,0.0,0.0,0.0,1.7152026997556934e-06,0.0,0.0,0.0,5.145608099267076e-06,0.0,0.0,0.0,0.0
HPO__HP:0031500,6.83313722957951e-07,0.0,6.833137229579505e-06,0.0,0.0,0.0,0.0,3.219423585673582e-06,0.0,0.0,0.0,0.0,0.0,0.0,0.0,2.5684142246642303e-06,1.0452994192417274e-06,0.0,0.0,0.0,0.0
HPO__HP:0002421,6.100427350427366e-07,0.0,0.0,0.0,0.0,0.0,0.0,6.100427350427367e-06,0.0,0.0,0.0,0.0,0.0,0.0,0.0,0.0,6.100427350427368e-06,0.0,0.0,0.0,0.0
HPO__HP:0012255,5.604750843813729e-07,0.0,0.0,0.0,0.0,0.0,0.0,1.8682502812712322e-06,0.0,0.0,0.0,0.0,0.0,5.604750843813741e-06,0.0,0.0,0.0,0.0,0.0,0.0,3.7365005625424643e-06
HPO__HP:0002475,5.587079284153393e-07,0.0,0.0,0.0,0.0,0.0,0.0,0.0,0.0,0.0,0.0,0.0,5.587079284153397e-06,0.0,0.0,0.0,0.0,0.0,0.0,0.0,5.587079284153395e-06
HPO__HP:0032122,5.342071533975428e-07,0.0,0.0,1.0684143067950817e-06,0.0,0.0,0.0,0.0,0.0,5.342071533975428e-06,0.0,0.0,0.0,0.0,4.273657227180343e-06,0.0,0.0,0.0,0.0,0.0,0.0
HPO__HP:0032342,5.119934435881809e-07,0.0,0.0,0.0,0.0,0.0,0.0,2.5599672179409194e-06,0.0,0.0,0.0,0.0,0.0,5.119934435881801e-06,0.0,0.0,0.0,0.0,0.0,0.0,2.5599672179409194e-06
HPO__HP:0030151,4.693250480087512e-07,0.0,0.0,0.0,0.0,4.693250480087512e-06,0.0,0.0,0.0,0.0,0.0,0.0,0.0,0.0,0.0,0.0,4.693250480087512e-06,0.0,0.0,0.0,0.0
HPO__HP:0002396,4.59129276077309e-07,0.0,0.0,0.0,0.0,0.0,0.0,0.0,4.5912927607730814e-06,0.0,0.0,0.0,0.0,0.0,0.0,0.0,0.0,4.59129276077309e-06,0.0,0.0,0.0
HPO__HP:0002542,4.069846827766336e-07,0.0,0.0,0.0,0.0,0.0,0.0,4.069846827766337e-06,0.0,0.0,0.0,0.0,0.0,0.0,0.0,0.0,0.0,4.069846827766336e-06,0.0,0.0,0.0
HPO__HP:0002072,3.737102638399111e-07,0.0,0.0,0.0,0.0,0.0,3.737102638399108e-06,0.0,0.0,0.0,0.0,0.0,0.0,0.0,0.0,0.0,0.0,3.7371026383991137e-06,0.0,0.0,0.0
HPO__HP:0002403,3.4636723333879557e-07,0.0,0.0,0.0,0.0,0.0,0.0,1.827236748418475e-06,1.6364355849694856e-06,0.0,0.0,0.0,0.0,0.0,0.0,0.0,0.0,3.463672333387957e-06,0.0,0.0,0.0
HPO__HP:0008753,3.333700119021624e-07,0.0,0.0,0.0,0.0,0.0,0.0,0.0,0.0,0.0,0.0,0.0,3.333700119021624e-06,0.0,0.0,0.0,3.3337001190216257e-06,0.0,0.0,0.0,0.0
HPO__HP:0002063,3.312246389157214e-07,0.0,0.0,0.0,0.0,0.0,0.0,0.0,0.0,0.0,0.0,0.0,0.0,0.0,0.0,0.0,0.0,3.3122463891572253e-06,0.0,3.3122463891572007e-06,0.0
HPO__HP:0002345,3.126933956182888e-07,0.0,0.0,0.0,0.0,0.0,1.5296007411392014e-06,1.5973332150436415e-06,0.0,0.0,0.0,0.0,0.0,0.0,0.0,0.0,0.0,3.126933956182933e-06,0.0,0.0,0.0
HPO__HP:0001324,2.323592356111122e-07,0.0,0.0,0.0,0.0,0.0,0.0,2.323592356111139e-06,0.0,0.0,0.0,0.0,0.0,0.0,0.0,0.0,0.0,2.3235923561111073e-06,0.0,0.0,0.0
HPO__HP:0003074,2.1147983819299395e-07,0.0,2.1147983819299427e-06,0.0,0.0,0.0,0.0,0.0,0.0,0.0,0.0,0.0,0.0,0.0,0.0,2.1147983819299363e-06,0.0,0.0,0.0,0.0,0.0
HPO__HP:0012426,0.0,0.0,0.0,0.0,0.0,0.0,0.0,0.0,0.0,0.0,0.0,0.0,0.0,0.0,0.0,0.0,0.0,0.0,0.0,0.0,0.0
HPO__HP:0000623,0.0,0.0,0.0,0.0,0.0,0.0,0.0,0.0,0.0,0.0,0.0,0.0,0.0,0.0,0.0,0.0,0.0,0.0,0.0,0.0,0.0
HPO__HP:0011539,0.0,0.0,0.0,0.0,0.0,0.0,0.0,0.0,0.0,0.0,0.0,0.0,0.0,0.0,0.0,0.0,0.0,0.0,0.0,0.0,0.0
HPO__HP:0000651,0.0,0.0,0.0,0.0,0.0,0.0,0.0,0.0,0.0,0.0,0.0,0.0,0.0,0.0,0.0,0.0,0.0,0.0,0.0,0.0,0.0
HPO__HP:0000667,0.0,0.0,0.0,0.0,0.0,0.0,0.0,0.0,0.0,0.0,0.0,0.0,0.0,0.0,0.0,0.0,0.0,0.0,0.0,0.0,0.0
HPO__HP:0011536,0.0,0.0,0.0,0.0,0.0,0.0,0.0,0.0,0.0,0.0,0.0,0.0,0.0,0.0,0.0,0.0,0.0,0.0,0.0,0.0,0.0
HPO__HP:0000679,0.0,0.0,0.0,0.0,0.0,0.0,0.0,0.0,0.0,0.0,0.0,0.0,0.0,0.0,0.0,0.0,0.0,0.0,0.0,0.0,0.0
HPO__HP:0001019,0.0,0.0,0.0,0.0,0.0,0.0,0.0,0.0,0.0,0.0,0.0,0.0,0.0,0.0,0.0,0.0,0.0,0.0,0.0,0.0,0.0
HPO__HP:0000727,0.0,0.0,0.0,0.0,0.0,0.0,0.0,0.0,0.0,0.0,0.0,0.0,0.0,0.0,0.0,0.0,0.0,0.0,0.0,0.0,0.0
HPO__HP:0011999,0.0,0.0,0.0,0.0,0.0,0.0,0.0,0.0,0.0,0.0,0.0,0.0,0.0,0.0,0.0,0.0,0.0,0.0,0.0,0.0,0.0
HPO__HP:0011950,0.0,0.0,0.0,0.0,0.0,0.0,0.0,0.0,0.0,0.0,0.0,0.0,0.0,0.0,0.0,0.0,0.0,0.0,0.0,0.0,0.0
HPO__HP:0011939,0.0,0.0,0.0,0.0,0.0,0.0,0.0,0.0,0.0,0.0,0.0,0.0,0.0,0.0,0.0,0.0,0.0,0.0,0.0,0.0,0.0
HPO__HP:0000682,0.0,0.0,0.0,0.0,0.0,0.0,0.0,0.0,0.0,0.0,0.0,0.0,0.0,0.0,0.0,0.0,0.0,0.0,0.0,0.0,0.0
HPO__HP:0011927,0.0,0.0,0.0,0.0,0.0,0.0,0.0,0.0,0.0,0.0,0.0,0.0,0.0,0.0,0.0,0.0,0.0,0.0,0.0,0.0,0.0
HPO__HP:0000689,0.0,0.0,0.0,0.0,0.0,0.0,0.0,0.0,0.0,0.0,0.0,0.0,0.0,0.0,0.0,0.0,0.0,0.0,0.0,0.0,0.0
HPO__HP:0011922,0.0,0.0,0.0,0.0,0.0,0.0,0.0,0.0,0.0,0.0,0.0,0.0,0.0,0.0,0.0,0.0,0.0,0.0,0.0,0.0,0.0
HPO__HP:0011787,0.0,0.0,0.0,0.0,0.0,0.0,0.0,0.0,0.0,0.0,0.0,0.0,0.0,0.0,0.0,0.0,0.0,0.0,0.0,0.0,0.0
HPO__HP:0012330,0.0,0.0,0.0,0.0,0.0,0.0,0.0,0.0,0.0,0.0,0.0,0.0,0.0,0.0,0.0,0.0,0.0,0.0,0.0,0.0,0.0
HPO__HP:0012592,0.0,0.0,0.0,0.0,0.0,0.0,0.0,0.0,0.0,0.0,0.0,0.0,0.0,0.0,0.0,0.0,0.0,0.0,0.0,0.0,0.0
HPO__HP:0012591,0.0,0.0,0.0,0.0,0.0,0.0,0.0,0.0,0.0,0.0,0.0,0.0,0.0,0.0,0.0,0.0,0.0,0.0,0.0,0.0,0.0
HPO__HP:0012514,0.0,0.0,0.0,0.0,0.0,0.0,0.0,0.0,0.0,0.0,0.0,0.0,0.0,0.0,0.0,0.0,0.0,0.0,0.0,0.0,0.0
HPO__HP:0012473,0.0,0.0,0.0,0.0,0.0,0.0,0.0,0.0,0.0,0.0,0.0,0.0,0.0,0.0,0.0,0.0,0.0,0.0,0.0,0.0,0.0
HPO__HP:0012745,0.0,0.0,0.0,0.0,0.0,0.0,0.0,0.0,0.0,0.0,0.0,0.0,0.0,0.0,0.0,0.0,0.0,0.0,0.0,0.0,0.0
HPO__HP:0012758,0.0,0.0,0.0,0.0,0.0,0.0,0.0,0.0,0.0,0.0,0.0,0.0,0.0,0.0,0.0,0.0,0.0,0.0,0.0,0.0,0.0
HPO__HP:0000722,0.0,0.0,0.0,0.0,0.0,0.0,0.0,0.0,0.0,0.0,0.0,0.0,0.0,0.0,0.0,0.0,0.0,0.0,0.0,0.0,0.0
HPO__HP:0012471,0.0,0.0,0.0,0.0,0.0,0.0,0.0,0.0,0.0,0.0,0.0,0.0,0.0,0.0,0.0,0.0,0.0,0.0,0.0,0.0,0.0
HPO__HP:0012428,0.0,0.0,0.0,0.0,0.0,0.0,0.0,0.0,0.0,0.0,0.0,0.0,0.0,0.0,0.0,0.0,0.0,0.0,0.0,0.0,0.0
HPO__HP:0000969,0.0,0.0,0.0,0.0,0.0,0.0,0.0,0.0,0.0,0.0,0.0,0.0,0.0,0.0,0.0,0.0,0.0,0.0,0.0,0.0,0.0
HPO__HP:0000963,0.0,0.0,0.0,0.0,0.0,0.0,0.0,0.0,0.0,0.0,0.0,0.0,0.0,0.0,0.0,0.0,0.0,0.0,0.0,0.0,0.0
HPO__HP:0012210,0.0,0.0,0.0,0.0,0.0,0.0,0.0,0.0,0.0,0.0,0.0,0.0,0.0,0.0,0.0,0.0,0.0,0.0,0.0,0.0,0.0
HPO__HP:0011670,0.0,0.0,0.0,0.0,0.0,0.0,0.0,0.0,0.0,0.0,0.0,0.0,0.0,0.0,0.0,0.0,0.0,0.0,0.0,0.0,0.0
HPO__HP:0000962,0.0,0.0,0.0,0.0,0.0,0.0,0.0,0.0,0.0,0.0,0.0,0.0,0.0,0.0,0.0,0.0,0.0,0.0,0.0,0.0,0.0
HPO__HP:0012257,0.0,0.0,0.0,0.0,0.0,0.0,0.0,0.0,0.0,0.0,0.0,0.0,0.0,0.0,0.0,0.0,0.0,0.0,0.0,0.0,0.0
HPO__HP:0000961,0.0,0.0,0.0,0.0,0.0,0.0,0.0,0.0,0.0,0.0,0.0,0.0,0.0,0.0,0.0,0.0,0.0,0.0,0.0,0.0,0.0
HPO__HP:0000921,0.0,0.0,0.0,0.0,0.0,0.0,0.0,0.0,0.0,0.0,0.0,0.0,0.0,0.0,0.0,0.0,0.0,0.0,0.0,0.0,0.0
HPO__HP:0000894,0.0,0.0,0.0,0.0,0.0,0.0,0.0,0.0,0.0,0.0,0.0,0.0,0.0,0.0,0.0,0.0,0.0,0.0,0.0,0.0,0.0
HPO__HP:0000878,0.0,0.0,0.0,0.0,0.0,0.0,0.0,0.0,0.0,0.0,0.0,0.0,0.0,0.0,0.0,0.0,0.0,0.0,0.0,0.0,0.0
HPO__HP:0012260,0.0,0.0,0.0,0.0,0.0,0.0,0.0,0.0,0.0,0.0,0.0,0.0,0.0,0.0,0.0,0.0,0.0,0.0,0.0,0.0,0.0
HPO__HP:0000863,0.0,0.0,0.0,0.0,0.0,0.0,0.0,0.0,0.0,0.0,0.0,0.0,0.0,0.0,0.0,0.0,0.0,0.0,0.0,0.0,0.0
HPO__HP:0011755,0.0,0.0,0.0,0.0,0.0,0.0,0.0,0.0,0.0,0.0,0.0,0.0,0.0,0.0,0.0,0.0,0.0,0.0,0.0,0.0,0.0
HPO__HP:0011671,0.0,0.0,0.0,0.0,0.0,0.0,0.0,0.0,0.0,0.0,0.0,0.0,0.0,0.0,0.0,0.0,0.0,0.0,0.0,0.0,0.0
HPO__HP:0011611,0.0,0.0,0.0,0.0,0.0,0.0,0.0,0.0,0.0,0.0,0.0,0.0,0.0,0.0,0.0,0.0,0.0,0.0,0.0,0.0,0.0
HPO__HP:0012304,0.0,0.0,0.0,0.0,0.0,0.0,0.0,0.0,0.0,0.0,0.0,0.0,0.0,0.0,0.0,0.0,0.0,0.0,0.0,0.0,0.0
HPO__HP:0011560,0.0,0.0,0.0,0.0,0.0,0.0,0.0,0.0,0.0,0.0,0.0,0.0,0.0,0.0,0.0,0.0,0.0,0.0,0.0,0.0,0.0
HPO__HP:0011760,0.0,0.0,0.0,0.0,0.0,0.0,0.0,0.0,0.0,0.0,0.0,0.0,0.0,0.0,0.0,0.0,0.0,0.0,0.0,0.0,0.0
HPO__HP:0011402,0.0,0.0,0.0,0.0,0.0,0.0,0.0,0.0,0.0,0.0,0.0,0.0,0.0,0.0,0.0,0.0,0.0,0.0,0.0,0.0,0.0
HPO__HP:0011340,0.0,0.0,0.0,0.0,0.0,0.0,0.0,0.0,0.0,0.0,0.0,0.0,0.0,0.0,0.0,0.0,0.0,0.0,0.0,0.0,0.0
HPO__HP:0011330,0.0,0.0,0.0,0.0,0.0,0.0,0.0,0.0,0.0,0.0,0.0,0.0,0.0,0.0,0.0,0.0,0.0,0.0,0.0,0.0,0.0
HPO__HP:0011315,0.0,0.0,0.0,0.0,0.0,0.0,0.0,0.0,0.0,0.0,0.0,0.0,0.0,0.0,0.0,0.0,0.0,0.0,0.0,0.0,0.0
HPO__HP:0011094,0.0,0.0,0.0,0.0,0.0,0.0,0.0,0.0,0.0,0.0,0.0,0.0,0.0,0.0,0.0,0.0,0.0,0.0,0.0,0.0,0.0
HPO__HP:0009942,0.0,0.0,0.0,0.0,0.0,0.0,0.0,0.0,0.0,0.0,0.0,0.0,0.0,0.0,0.0,0.0,0.0,0.0,0.0,0.0,0.0
HPO__HP:0009932,0.0,0.0,0.0,0.0,0.0,0.0,0.0,0.0,0.0,0.0,0.0,0.0,0.0,0.0,0.0,0.0,0.0,0.0,0.0,0.0,0.0
HPO__HP:0009931,0.0,0.0,0.0,0.0,0.0,0.0,0.0,0.0,0.0,0.0,0.0,0.0,0.0,0.0,0.0,0.0,0.0,0.0,0.0,0.0,0.0
HPO__HP:0001622,0.0,0.0,0.0,0.0,0.0,0.0,0.0,0.0,0.0,0.0,0.0,0.0,0.0,0.0,0.0,0.0,0.0,0.0,0.0,0.0,0.0
HPO__HP:0001600,0.0,0.0,0.0,0.0,0.0,0.0,0.0,0.0,0.0,0.0,0.0,0.0,0.0,0.0,0.0,0.0,0.0,0.0,0.0,0.0,0.0
HPO__HP:0001557,0.0,0.0,0.0,0.0,0.0,0.0,0.0,0.0,0.0,0.0,0.0,0.0,0.0,0.0,0.0,0.0,0.0,0.0,0.0,0.0,0.0
HPO__HP:0001545,0.0,0.0,0.0,0.0,0.0,0.0,0.0,0.0,0.0,0.0,0.0,0.0,0.0,0.0,0.0,0.0,0.0,0.0,0.0,0.0,0.0
HPO__HP:0001541,0.0,0.0,0.0,0.0,0.0,0.0,0.0,0.0,0.0,0.0,0.0,0.0,0.0,0.0,0.0,0.0,0.0,0.0,0.0,0.0,0.0
HPO__HP:0010452,0.0,0.0,0.0,0.0,0.0,0.0,0.0,0.0,0.0,0.0,0.0,0.0,0.0,0.0,0.0,0.0,0.0,0.0,0.0,0.0,0.0
HPO__HP:0001151,0.0,0.0,0.0,0.0,0.0,0.0,0.0,0.0,0.0,0.0,0.0,0.0,0.0,0.0,0.0,0.0,0.0,0.0,0.0,0.0,0.0
HPO__HP:0010300,0.0,0.0,0.0,0.0,0.0,0.0,0.0,0.0,0.0,0.0,0.0,0.0,0.0,0.0,0.0,0.0,0.0,0.0,0.0,0.0,0.0
HPO__HP:0010291,0.0,0.0,0.0,0.0,0.0,0.0,0.0,0.0,0.0,0.0,0.0,0.0,0.0,0.0,0.0,0.0,0.0,0.0,0.0,0.0,0.0
HPO__HP:0010049,0.0,0.0,0.0,0.0,0.0,0.0,0.0,0.0,0.0,0.0,0.0,0.0,0.0,0.0,0.0,0.0,0.0,0.0,0.0,0.0,0.0
HPO__HP:0010047,0.0,0.0,0.0,0.0,0.0,0.0,0.0,0.0,0.0,0.0,0.0,0.0,0.0,0.0,0.0,0.0,0.0,0.0,0.0,0.0,0.0
HPO__HP:0010044,0.0,0.0,0.0,0.0,0.0,0.0,0.0,0.0,0.0,0.0,0.0,0.0,0.0,0.0,0.0,0.0,0.0,0.0,0.0,0.0,0.0
HPO__HP:0010034,0.0,0.0,0.0,0.0,0.0,0.0,0.0,0.0,0.0,0.0,0.0,0.0,0.0,0.0,0.0,0.0,0.0,0.0,0.0,0.0,0.0
HPO__HP:0001283,0.0,0.0,0.0,0.0,0.0,0.0,0.0,0.0,0.0,0.0,0.0,0.0,0.0,0.0,0.0,0.0,0.0,0.0,0.0,0.0,0.0
HPO__HP:0010579,0.0,0.0,0.0,0.0,0.0,0.0,0.0,0.0,0.0,0.0,0.0,0.0,0.0,0.0,0.0,0.0,0.0,0.0,0.0,0.0,0.0
HPO__HP:0010566,0.0,0.0,0.0,0.0,0.0,0.0,0.0,0.0,0.0,0.0,0.0,0.0,0.0,0.0,0.0,0.0,0.0,0.0,0.0,0.0,0.0
HPO__HP:0010545,0.0,0.0,0.0,0.0,0.0,0.0,0.0,0.0,0.0,0.0,0.0,0.0,0.0,0.0,0.0,0.0,0.0,0.0,0.0,0.0,0.0
HPO__HP:0010543,0.0,0.0,0.0,0.0,0.0,0.0,0.0,0.0,0.0,0.0,0.0,0.0,0.0,0.0,0.0,0.0,0.0,0.0,0.0,0.0,0.0
HPO__HP:0010529,0.0,0.0,0.0,0.0,0.0,0.0,0.0,0.0,0.0,0.0,0.0,0.0,0.0,0.0,0.0,0.0,0.0,0.0,0.0,0.0,0.0
HPO__HP:0010526,0.0,0.0,0.0,0.0,0.0,0.0,0.0,0.0,0.0,0.0,0.0,0.0,0.0,0.0,0.0,0.0,0.0,0.0,0.0,0.0,0.0
HPO__HP:0001348,0.0,0.0,0.0,0.0,0.0,0.0,0.0,0.0,0.0,0.0,0.0,0.0,0.0,0.0,0.0,0.0,0.0,0.0,0.0,0.0,0.0
HPO__HP:0001341,0.0,0.0,0.0,0.0,0.0,0.0,0.0,0.0,0.0,0.0,0.0,0.0,0.0,0.0,0.0,0.0,0.0,0.0,0.0,0.0,0.0
HPO__HP:0010444,0.0,0.0,0.0,0.0,0.0,0.0,0.0,0.0,0.0,0.0,0.0,0.0,0.0,0.0,0.0,0.0,0.0,0.0,0.0,0.0,0.0
HPO__HP:0000752,0.0,0.0,0.0,0.0,0.0,0.0,0.0,0.0,0.0,0.0,0.0,0.0,0.0,0.0,0.0,0.0,0.0,0.0,0.0,0.0,0.0
HPO__HP:0000746,0.0,0.0,0.0,0.0,0.0,0.0,0.0,0.0,0.0,0.0,0.0,0.0,0.0,0.0,0.0,0.0,0.0,0.0,0.0,0.0,0.0
HPO__HP:0000743,0.0,0.0,0.0,0.0,0.0,0.0,0.0,0.0,0.0,0.0,0.0,0.0,0.0,0.0,0.0,0.0,0.0,0.0,0.0,0.0,0.0
HPO__HP:0000742,0.0,0.0,0.0,0.0,0.0,0.0,0.0,0.0,0.0,0.0,0.0,0.0,0.0,0.0,0.0,0.0,0.0,0.0,0.0,0.0,0.0
HPO__HP:0000741,0.0,0.0,0.0,0.0,0.0,0.0,0.0,0.0,0.0,0.0,0.0,0.0,0.0,0.0,0.0,0.0,0.0,0.0,0.0,0.0,0.0
HPO__HP:0000738,0.0,0.0,0.0,0.0,0.0,0.0,0.0,0.0,0.0,0.0,0.0,0.0,0.0,0.0,0.0,0.0,0.0,0.0,0.0,0.0,0.0
HPO__HP:0000737,0.0,0.0,0.0,0.0,0.0,0.0,0.0,0.0,0.0,0.0,0.0,0.0,0.0,0.0,0.0,0.0,0.0,0.0,0.0,0.0,0.0
HPO__HP:0000729,0.0,0.0,0.0,0.0,0.0,0.0,0.0,0.0,0.0,0.0,0.0,0.0,0.0,0.0,0.0,0.0,0.0,0.0,0.0,0.0,0.0
HPO__HP:0001182,0.0,0.0,0.0,0.0,0.0,0.0,0.0,0.0,0.0,0.0,0.0,0.0,0.0,0.0,0.0,0.0,0.0,0.0,0.0,0.0,0.0
HPO__HP:0001169,0.0,0.0,0.0,0.0,0.0,0.0,0.0,0.0,0.0,0.0,0.0,0.0,0.0,0.0,0.0,0.0,0.0,0.0,0.0,0.0,0.0
HPO__HP:0001153,0.0,0.0,0.0,0.0,0.0,0.0,0.0,0.0,0.0,0.0,0.0,0.0,0.0,0.0,0.0,0.0,0.0,0.0,0.0,0.0,0.0
HPO__HP:0000717,0.0,0.0,0.0,0.0,0.0,0.0,0.0,0.0,0.0,0.0,0.0,0.0,0.0,0.0,0.0,0.0,0.0,0.0,0.0,0.0,0.0
HPO__HP:0001085,0.0,0.0,0.0,0.0,0.0,0.0,0.0,0.0,0.0,0.0,0.0,0.0,0.0,0.0,0.0,0.0,0.0,0.0,0.0,0.0,0.0
HPO__HP:0001350,0.0,0.0,0.0,0.0,0.0,0.0,0.0,0.0,0.0,0.0,0.0,0.0,0.0,0.0,0.0,0.0,0.0,0.0,0.0,0.0,0.0
HPO__HP:0011448,0.0,0.0,0.0,0.0,0.0,0.0,0.0,0.0,0.0,0.0,0.0,0.0,0.0,0.0,0.0,0.0,0.0,0.0,0.0,0.0,0.0
HPO__HP:0010702,0.0,0.0,0.0,0.0,0.0,0.0,0.0,0.0,0.0,0.0,0.0,0.0,0.0,0.0,0.0,0.0,0.0,0.0,0.0,0.0,0.0
HPO__HP:0001273,0.0,0.0,0.0,0.0,0.0,0.0,0.0,0.0,0.0,0.0,0.0,0.0,0.0,0.0,0.0,0.0,0.0,0.0,0.0,0.0,0.0
HPO__HP:0001271,0.0,0.0,0.0,0.0,0.0,0.0,0.0,0.0,0.0,0.0,0.0,0.0,0.0,0.0,0.0,0.0,0.0,0.0,0.0,0.0,0.0
HPO__HP:0001268,0.0,0.0,0.0,0.0,0.0,0.0,0.0,0.0,0.0,0.0,0.0,0.0,0.0,0.0,0.0,0.0,0.0,0.0,0.0,0.0,0.0
HPO__HP:0001230,0.0,0.0,0.0,0.0,0.0,0.0,0.0,0.0,0.0,0.0,0.0,0.0,0.0,0.0,0.0,0.0,0.0,0.0,0.0,0.0,0.0
HPO__HP:0001195,0.0,0.0,0.0,0.0,0.0,0.0,0.0,0.0,0.0,0.0,0.0,0.0,0.0,0.0,0.0,0.0,0.0,0.0,0.0,0.0,0.0
HPO__HP:0011004,0.0,0.0,0.0,0.0,0.0,0.0,0.0,0.0,0.0,0.0,0.0,0.0,0.0,0.0,0.0,0.0,0.0,0.0,0.0,0.0,0.0
HPO__HP:0010946,0.0,0.0,0.0,0.0,0.0,0.0,0.0,0.0,0.0,0.0,0.0,0.0,0.0,0.0,0.0,0.0,0.0,0.0,0.0,0.0,0.0
HPO__HP:0010880,0.0,0.0,0.0,0.0,0.0,0.0,0.0,0.0,0.0,0.0,0.0,0.0,0.0,0.0,0.0,0.0,0.0,0.0,0.0,0.0,0.0
HPO__HP:0010862,0.0,0.0,0.0,0.0,0.0,0.0,0.0,0.0,0.0,0.0,0.0,0.0,0.0,0.0,0.0,0.0,0.0,0.0,0.0,0.0,0.0
HPO__HP:0010812,0.0,0.0,0.0,0.0,0.0,0.0,0.0,0.0,0.0,0.0,0.0,0.0,0.0,0.0,0.0,0.0,0.0,0.0,0.0,0.0,0.0
HPO__HP:0010808,0.0,0.0,0.0,0.0,0.0,0.0,0.0,0.0,0.0,0.0,0.0,0.0,0.0,0.0,0.0,0.0,0.0,0.0,0.0,0.0,0.0
HPO__HP:0010804,0.0,0.0,0.0,0.0,0.0,0.0,0.0,0.0,0.0,0.0,0.0,0.0,0.0,0.0,0.0,0.0,0.0,0.0,0.0,0.0,0.0
HPO__HP:0000858,0.0,0.0,0.0,0.0,0.0,0.0,0.0,0.0,0.0,0.0,0.0,0.0,0.0,0.0,0.0,0.0,0.0,0.0,0.0,0.0,0.0
HPO__HP:0000835,0.0,0.0,0.0,0.0,0.0,0.0,0.0,0.0,0.0,0.0,0.0,0.0,0.0,0.0,0.0,0.0,0.0,0.0,0.0,0.0,0.0
HPO__HP:0010743,0.0,0.0,0.0,0.0,0.0,0.0,0.0,0.0,0.0,0.0,0.0,0.0,0.0,0.0,0.0,0.0,0.0,0.0,0.0,0.0,0.0
HPO__HP:0000130,0.0,0.0,0.0,0.0,0.0,0.0,0.0,0.0,0.0,0.0,0.0,0.0,0.0,0.0,0.0,0.0,0.0,0.0,0.0,0.0,0.0
HPO__HP:0000121,0.0,0.0,0.0,0.0,0.0,0.0,0.0,0.0,0.0,0.0,0.0,0.0,0.0,0.0,0.0,0.0,0.0,0.0,0.0,0.0,0.0
HPO__HP:0045075,0.0,0.0,0.0,0.0,0.0,0.0,0.0,0.0,0.0,0.0,0.0,0.0,0.0,0.0,0.0,0.0,0.0,0.0,0.0,0.0,0.0
HPO__HP:0040270,0.0,0.0,0.0,0.0,0.0,0.0,0.0,0.0,0.0,0.0,0.0,0.0,0.0,0.0,0.0,0.0,0.0,0.0,0.0,0.0,0.0
HPO__HP:0040213,0.0,0.0,0.0,0.0,0.0,0.0,0.0,0.0,0.0,0.0,0.0,0.0,0.0,0.0,0.0,0.0,0.0,0.0,0.0,0.0,0.0
HPO__HP:0040071,0.0,0.0,0.0,0.0,0.0,0.0,0.0,0.0,0.0,0.0,0.0,0.0,0.0,0.0,0.0,0.0,0.0,0.0,0.0,0.0,0.0
HPO__HP:0000212,0.0,0.0,0.0,0.0,0.0,0.0,0.0,0.0,0.0,0.0,0.0,0.0,0.0,0.0,0.0,0.0,0.0,0.0,0.0,0.0,0.0
HPO__HP:0000207,0.0,0.0,0.0,0.0,0.0,0.0,0.0,0.0,0.0,0.0,0.0,0.0,0.0,0.0,0.0,0.0,0.0,0.0,0.0,0.0,0.0
HPO__HP:0000202,0.0,0.0,0.0,0.0,0.0,0.0,0.0,0.0,0.0,0.0,0.0,0.0,0.0,0.0,0.0,0.0,0.0,0.0,0.0,0.0,0.0
HPO__HP:0000190,0.0,0.0,0.0,0.0,0.0,0.0,0.0,0.0,0.0,0.0,0.0,0.0,0.0,0.0,0.0,0.0,0.0,0.0,0.0,0.0,0.0
HPO__HP:0100660,0.0,0.0,0.0,0.0,0.0,0.0,0.0,0.0,0.0,0.0,0.0,0.0,0.0,0.0,0.0,0.0,0.0,0.0,0.0,0.0,0.0
HPO__HP:0100628,0.0,0.0,0.0,0.0,0.0,0.0,0.0,0.0,0.0,0.0,0.0,0.0,0.0,0.0,0.0,0.0,0.0,0.0,0.0,0.0,0.0
HPO__HP:0100611,0.0,0.0,0.0,0.0,0.0,0.0,0.0,0.0,0.0,0.0,0.0,0.0,0.0,0.0,0.0,0.0,0.0,0.0,0.0,0.0,0.0
HPO__HP:0100490,0.0,0.0,0.0,0.0,0.0,0.0,0.0,0.0,0.0,0.0,0.0,0.0,0.0,0.0,0.0,0.0,0.0,0.0,0.0,0.0,0.0
HPO__HP:0000605,0.0,0.0,0.0,0.0,0.0,0.0,0.0,0.0,0.0,0.0,0.0,0.0,0.0,0.0,0.0,0.0,0.0,0.0,0.0,0.0,0.0
HPO__HP:0100260,0.0,0.0,0.0,0.0,0.0,0.0,0.0,0.0,0.0,0.0,0.0,0.0,0.0,0.0,0.0,0.0,0.0,0.0,0.0,0.0,0.0
HPO__HP:0100021,0.0,0.0,0.0,0.0,0.0,0.0,0.0,0.0,0.0,0.0,0.0,0.0,0.0,0.0,0.0,0.0,0.0,0.0,0.0,0.0,0.0
HPO__HP:0100018,0.0,0.0,0.0,0.0,0.0,0.0,0.0,0.0,0.0,0.0,0.0,0.0,0.0,0.0,0.0,0.0,0.0,0.0,0.0,0.0,0.0
HPO__HP:0000176,0.0,0.0,0.0,0.0,0.0,0.0,0.0,0.0,0.0,0.0,0.0,0.0,0.0,0.0,0.0,0.0,0.0,0.0,0.0,0.0,0.0
HPO__HP:0100957,0.0,0.0,0.0,0.0,0.0,0.0,0.0,0.0,0.0,0.0,0.0,0.0,0.0,0.0,0.0,0.0,0.0,0.0,0.0,0.0,0.0
HPO__HP:0100866,0.0,0.0,0.0,0.0,0.0,0.0,0.0,0.0,0.0,0.0,0.0,0.0,0.0,0.0,0.0,0.0,0.0,0.0,0.0,0.0,0.0
HPO__HP:0100840,0.0,0.0,0.0,0.0,0.0,0.0,0.0,0.0,0.0,0.0,0.0,0.0,0.0,0.0,0.0,0.0,0.0,0.0,0.0,0.0,0.0
HPO__HP:0100818,0.0,0.0,0.0,0.0,0.0,0.0,0.0,0.0,0.0,0.0,0.0,0.0,0.0,0.0,0.0,0.0,0.0,0.0,0.0,0.0,0.0
HPO__HP:0100785,0.0,0.0,0.0,0.0,0.0,0.0,0.0,0.0,0.0,0.0,0.0,0.0,0.0,0.0,0.0,0.0,0.0,0.0,0.0,0.0,0.0
HPO__HP:0100710,0.0,0.0,0.0,0.0,0.0,0.0,0.0,0.0,0.0,0.0,0.0,0.0,0.0,0.0,0.0,0.0,0.0,0.0,0.0,0.0,0.0
HPO__HP:0100704,0.0,0.0,0.0,0.0,0.0,0.0,0.0,0.0,0.0,0.0,0.0,0.0,0.0,0.0,0.0,0.0,0.0,0.0,0.0,0.0,0.0
HPO__HP:0000537,0.0,0.0,0.0,0.0,0.0,0.0,0.0,0.0,0.0,0.0,0.0,0.0,0.0,0.0,0.0,0.0,0.0,0.0,0.0,0.0,0.0
HPO__HP:0000526,0.0,0.0,0.0,0.0,0.0,0.0,0.0,0.0,0.0,0.0,0.0,0.0,0.0,0.0,0.0,0.0,0.0,0.0,0.0,0.0,0.0
HPO__HP:0000524,0.0,0.0,0.0,0.0,0.0,0.0,0.0,0.0,0.0,0.0,0.0,0.0,0.0,0.0,0.0,0.0,0.0,0.0,0.0,0.0,0.0
HPO__HP:0000511,0.0,0.0,0.0,0.0,0.0,0.0,0.0,0.0,0.0,0.0,0.0,0.0,0.0,0.0,0.0,0.0,0.0,0.0,0.0,0.0,0.0
HPO__HP:0100275,0.0,0.0,0.0,0.0,0.0,0.0,0.0,0.0,0.0,0.0,0.0,0.0,0.0,0.0,0.0,0.0,0.0,0.0,0.0,0.0,0.0
HPO__HP:0002987,0.0,0.0,0.0,0.0,0.0,0.0,0.0,0.0,0.0,0.0,0.0,0.0,0.0,0.0,0.0,0.0,0.0,0.0,0.0,0.0,0.0
HPO__HP:0002986,0.0,0.0,0.0,0.0,0.0,0.0,0.0,0.0,0.0,0.0,0.0,0.0,0.0,0.0,0.0,0.0,0.0,0.0,0.0,0.0,0.0
HPO__HP:0002984,0.0,0.0,0.0,0.0,0.0,0.0,0.0,0.0,0.0,0.0,0.0,0.0,0.0,0.0,0.0,0.0,0.0,0.0,0.0,0.0,0.0
HPO__HP:0002974,0.0,0.0,0.0,0.0,0.0,0.0,0.0,0.0,0.0,0.0,0.0,0.0,0.0,0.0,0.0,0.0,0.0,0.0,0.0,0.0,0.0
HPO__HP:0002938,0.0,0.0,0.0,0.0,0.0,0.0,0.0,0.0,0.0,0.0,0.0,0.0,0.0,0.0,0.0,0.0,0.0,0.0,0.0,0.0,0.0
HPO__HP:0002883,0.0,0.0,0.0,0.0,0.0,0.0,0.0,0.0,0.0,0.0,0.0,0.0,0.0,0.0,0.0,0.0,0.0,0.0,0.0,0.0,0.0
HPO__HP:0003177,0.0,0.0,0.0,0.0,0.0,0.0,0.0,0.0,0.0,0.0,0.0,0.0,0.0,0.0,0.0,0.0,0.0,0.0,0.0,0.0,0.0
HPO__HP:0003173,0.0,0.0,0.0,0.0,0.0,0.0,0.0,0.0,0.0,0.0,0.0,0.0,0.0,0.0,0.0,0.0,0.0,0.0,0.0,0.0,0.0
HPO__HP:0003124,0.0,0.0,0.0,0.0,0.0,0.0,0.0,0.0,0.0,0.0,0.0,0.0,0.0,0.0,0.0,0.0,0.0,0.0,0.0,0.0,0.0
HPO__HP:0003090,0.0,0.0,0.0,0.0,0.0,0.0,0.0,0.0,0.0,0.0,0.0,0.0,0.0,0.0,0.0,0.0,0.0,0.0,0.0,0.0,0.0
HPO__HP:0003073,0.0,0.0,0.0,0.0,0.0,0.0,0.0,0.0,0.0,0.0,0.0,0.0,0.0,0.0,0.0,0.0,0.0,0.0,0.0,0.0,0.0
HPO__HP:0003042,0.0,0.0,0.0,0.0,0.0,0.0,0.0,0.0,0.0,0.0,0.0,0.0,0.0,0.0,0.0,0.0,0.0,0.0,0.0,0.0,0.0
HPO__HP:0003022,0.0,0.0,0.0,0.0,0.0,0.0,0.0,0.0,0.0,0.0,0.0,0.0,0.0,0.0,0.0,0.0,0.0,0.0,0.0,0.0,0.0
HPO__HP:0003394,0.0,0.0,0.0,0.0,0.0,0.0,0.0,0.0,0.0,0.0,0.0,0.0,0.0,0.0,0.0,0.0,0.0,0.0,0.0,0.0,0.0
HPO__HP:0000137,0.0,0.0,0.0,0.0,0.0,0.0,0.0,0.0,0.0,0.0,0.0,0.0,0.0,0.0,0.0,0.0,0.0,0.0,0.0,0.0,0.0
HPO__HP:0003390,0.0,0.0,0.0,0.0,0.0,0.0,0.0,0.0,0.0,0.0,0.0,0.0,0.0,0.0,0.0,0.0,0.0,0.0,0.0,0.0,0.0
HPO__HP:0003380,0.0,0.0,0.0,0.0,0.0,0.0,0.0,0.0,0.0,0.0,0.0,0.0,0.0,0.0,0.0,0.0,0.0,0.0,0.0,0.0,0.0
HPO__HP:0003305,0.0,0.0,0.0,0.0,0.0,0.0,0.0,0.0,0.0,0.0,0.0,0.0,0.0,0.0,0.0,0.0,0.0,0.0,0.0,0.0,0.0
HPO__HP:0003236,0.0,0.0,0.0,0.0,0.0,0.0,0.0,0.0,0.0,0.0,0.0,0.0,0.0,0.0,0.0,0.0,0.0,0.0,0.0,0.0,0.0
HPO__HP:0003202,0.0,0.0,0.0,0.0,0.0,0.0,0.0,0.0,0.0,0.0,0.0,0.0,0.0,0.0,0.0,0.0,0.0,0.0,0.0,0.0,0.0
HPO__HP:0003200,0.0,0.0,0.0,0.0,0.0,0.0,0.0,0.0,0.0,0.0,0.0,0.0,0.0,0.0,0.0,0.0,0.0,0.0,0.0,0.0,0.0
HPO__HP:0002530,0.0,0.0,0.0,0.0,0.0,0.0,0.0,0.0,0.0,0.0,0.0,0.0,0.0,0.0,0.0,0.0,0.0,0.0,0.0,0.0,0.0
HPO__HP:0002529,0.0,0.0,0.0,0.0,0.0,0.0,0.0,0.0,0.0,0.0,0.0,0.0,0.0,0.0,0.0,0.0,0.0,0.0,0.0,0.0,0.0
HPO__HP:0002516,0.0,0.0,0.0,0.0,0.0,0.0,0.0,0.0,0.0,0.0,0.0,0.0,0.0,0.0,0.0,0.0,0.0,0.0,0.0,0.0,0.0
HPO__HP:0002506,0.0,0.0,0.0,0.0,0.0,0.0,0.0,0.0,0.0,0.0,0.0,0.0,0.0,0.0,0.0,0.0,0.0,0.0,0.0,0.0,0.0
HPO__HP:0003445,0.0,0.0,0.0,0.0,0.0,0.0,0.0,0.0,0.0,0.0,0.0,0.0,0.0,0.0,0.0,0.0,0.0,0.0,0.0,0.0,0.0
HPO__HP:0003401,0.0,0.0,0.0,0.0,0.0,0.0,0.0,0.0,0.0,0.0,0.0,0.0,0.0,0.0,0.0,0.0,0.0,0.0,0.0,0.0,0.0
HPO__HP:0000012,0.0,0.0,0.0,0.0,0.0,0.0,0.0,0.0,0.0,0.0,0.0,0.0,0.0,0.0,0.0,0.0,0.0,0.0,0.0,0.0,0.0
HPO__HP:0000154,0.0,0.0,0.0,0.0,0.0,0.0,0.0,0.0,0.0,0.0,0.0,0.0,0.0,0.0,0.0,0.0,0.0,0.0,0.0,0.0,0.0
HPO__HP:0000143,0.0,0.0,0.0,0.0,0.0,0.0,0.0,0.0,0.0,0.0,0.0,0.0,0.0,0.0,0.0,0.0,0.0,0.0,0.0,0.0,0.0
HPO__HP:0003391,0.0,0.0,0.0,0.0,0.0,0.0,0.0,0.0,0.0,0.0,0.0,0.0,0.0,0.0,0.0,0.0,0.0,0.0,0.0,0.0,0.0
HPO__HP:0030147,0.0,0.0,0.0,0.0,0.0,0.0,0.0,0.0,0.0,0.0,0.0,0.0,0.0,0.0,0.0,0.0,0.0,0.0,0.0,0.0,0.0
HPO__HP:0025514,0.0,0.0,0.0,0.0,0.0,0.0,0.0,0.0,0.0,0.0,0.0,0.0,0.0,0.0,0.0,0.0,0.0,0.0,0.0,0.0,0.0
HPO__HP:0025336,0.0,0.0,0.0,0.0,0.0,0.0,0.0,0.0,0.0,0.0,0.0,0.0,0.0,0.0,0.0,0.0,0.0,0.0,0.0,0.0,0.0
HPO__HP:0025335,0.0,0.0,0.0,0.0,0.0,0.0,0.0,0.0,0.0,0.0,0.0,0.0,0.0,0.0,0.0,0.0,0.0,0.0,0.0,0.0,0.0
HPO__HP:0025186,0.0,0.0,0.0,0.0,0.0,0.0,0.0,0.0,0.0,0.0,0.0,0.0,0.0,0.0,0.0,0.0,0.0,0.0,0.0,0.0,0.0
HPO__HP:0025161,0.0,0.0,0.0,0.0,0.0,0.0,0.0,0.0,0.0,0.0,0.0,0.0,0.0,0.0,0.0,0.0,0.0,0.0,0.0,0.0,0.0
HPO__HP:0025158,0.0,0.0,0.0,0.0,0.0,0.0,0.0,0.0,0.0,0.0,0.0,0.0,0.0,0.0,0.0,0.0,0.0,0.0,0.0,0.0,0.0
HPO__HP:0025147,0.0,0.0,0.0,0.0,0.0,0.0,0.0,0.0,0.0,0.0,0.0,0.0,0.0,0.0,0.0,0.0,0.0,0.0,0.0,0.0,0.0
HPO__HP:0000555,0.0,0.0,0.0,0.0,0.0,0.0,0.0,0.0,0.0,0.0,0.0,0.0,0.0,0.0,0.0,0.0,0.0,0.0,0.0,0.0,0.0
HPO__HP:0000552,0.0,0.0,0.0,0.0,0.0,0.0,0.0,0.0,0.0,0.0,0.0,0.0,0.0,0.0,0.0,0.0,0.0,0.0,0.0,0.0,0.0
HPO__HP:0030483,0.0,0.0,0.0,0.0,0.0,0.0,0.0,0.0,0.0,0.0,0.0,0.0,0.0,0.0,0.0,0.0,0.0,0.0,0.0,0.0,0.0
HPO__HP:0030466,0.0,0.0,0.0,0.0,0.0,0.0,0.0,0.0,0.0,0.0,0.0,0.0,0.0,0.0,0.0,0.0,0.0,0.0,0.0,0.0,0.0
HPO__HP:0030353,0.0,0.0,0.0,0.0,0.0,0.0,0.0,0.0,0.0,0.0,0.0,0.0,0.0,0.0,0.0,0.0,0.0,0.0,0.0,0.0,0.0
HPO__HP:0030177,0.0,0.0,0.0,0.0,0.0,0.0,0.0,0.0,0.0,0.0,0.0,0.0,0.0,0.0,0.0,0.0,0.0,0.0,0.0,0.0,0.0
HPO__HP:0000498,0.0,0.0,0.0,0.0,0.0,0.0,0.0,0.0,0.0,0.0,0.0,0.0,0.0,0.0,0.0,0.0,0.0,0.0,0.0,0.0,0.0
HPO__HP:0000616,0.0,0.0,0.0,0.0,0.0,0.0,0.0,0.0,0.0,0.0,0.0,0.0,0.0,0.0,0.0,0.0,0.0,0.0,0.0,0.0,0.0
HPO__HP:0000602,0.0,0.0,0.0,0.0,0.0,0.0,0.0,0.0,0.0,0.0,0.0,0.0,0.0,0.0,0.0,0.0,0.0,0.0,0.0,0.0,0.0
HPO__HP:0000597,0.0,0.0,0.0,0.0,0.0,0.0,0.0,0.0,0.0,0.0,0.0,0.0,0.0,0.0,0.0,0.0,0.0,0.0,0.0,0.0,0.0
HPO__HP:0000575,0.0,0.0,0.0,0.0,0.0,0.0,0.0,0.0,0.0,0.0,0.0,0.0,0.0,0.0,0.0,0.0,0.0,0.0,0.0,0.0,0.0
HPO__HP:0000571,0.0,0.0,0.0,0.0,0.0,0.0,0.0,0.0,0.0,0.0,0.0,0.0,0.0,0.0,0.0,0.0,0.0,0.0,0.0,0.0,0.0
HPO__HP:0000570,0.0,0.0,0.0,0.0,0.0,0.0,0.0,0.0,0.0,0.0,0.0,0.0,0.0,0.0,0.0,0.0,0.0,0.0,0.0,0.0,0.0
HPO__HP:0000565,0.0,0.0,0.0,0.0,0.0,0.0,0.0,0.0,0.0,0.0,0.0,0.0,0.0,0.0,0.0,0.0,0.0,0.0,0.0,0.0,0.0
HPO__HP:0000617,0.0,0.0,0.0,0.0,0.0,0.0,0.0,0.0,0.0,0.0,0.0,0.0,0.0,0.0,0.0,0.0,0.0,0.0,0.0,0.0,0.0
HPO__HP:0000823,0.0,0.0,0.0,0.0,0.0,0.0,0.0,0.0,0.0,0.0,0.0,0.0,0.0,0.0,0.0,0.0,0.0,0.0,0.0,0.0,0.0
HPO__HP:0000821,0.0,0.0,0.0,0.0,0.0,0.0,0.0,0.0,0.0,0.0,0.0,0.0,0.0,0.0,0.0,0.0,0.0,0.0,0.0,0.0,0.0
HPO__HP:0000805,0.0,0.0,0.0,0.0,0.0,0.0,0.0,0.0,0.0,0.0,0.0,0.0,0.0,0.0,0.0,0.0,0.0,0.0,0.0,0.0,0.0
HPO__HP:0000803,0.0,0.0,0.0,0.0,0.0,0.0,0.0,0.0,0.0,0.0,0.0,0.0,0.0,0.0,0.0,0.0,0.0,0.0,0.0,0.0,0.0
HPO__HP:0000791,0.0,0.0,0.0,0.0,0.0,0.0,0.0,0.0,0.0,0.0,0.0,0.0,0.0,0.0,0.0,0.0,0.0,0.0,0.0,0.0,0.0
HPO__HP:0000762,0.0,0.0,0.0,0.0,0.0,0.0,0.0,0.0,0.0,0.0,0.0,0.0,0.0,0.0,0.0,0.0,0.0,0.0,0.0,0.0,0.0
HPO__HP:0000757,0.0,0.0,0.0,0.0,0.0,0.0,0.0,0.0,0.0,0.0,0.0,0.0,0.0,0.0,0.0,0.0,0.0,0.0,0.0,0.0,0.0
HPO__HP:0030157,0.0,0.0,0.0,0.0,0.0,0.0,0.0,0.0,0.0,0.0,0.0,0.0,0.0,0.0,0.0,0.0,0.0,0.0,0.0,0.0,0.0
HPO__HP:0000479,0.0,0.0,0.0,0.0,0.0,0.0,0.0,0.0,0.0,0.0,0.0,0.0,0.0,0.0,0.0,0.0,0.0,0.0,0.0,0.0,0.0
HPO__HP:0000476,0.0,0.0,0.0,0.0,0.0,0.0,0.0,0.0,0.0,0.0,0.0,0.0,0.0,0.0,0.0,0.0,0.0,0.0,0.0,0.0,0.0
HPO__HP:0000475,0.0,0.0,0.0,0.0,0.0,0.0,0.0,0.0,0.0,0.0,0.0,0.0,0.0,0.0,0.0,0.0,0.0,0.0,0.0,0.0,0.0
HPO__HP:0030853,0.0,0.0,0.0,0.0,0.0,0.0,0.0,0.0,0.0,0.0,0.0,0.0,0.0,0.0,0.0,0.0,0.0,0.0,0.0,0.0,0.0
HPO__HP:0030769,0.0,0.0,0.0,0.0,0.0,0.0,0.0,0.0,0.0,0.0,0.0,0.0,0.0,0.0,0.0,0.0,0.0,0.0,0.0,0.0,0.0
HPO__HP:0030760,0.0,0.0,0.0,0.0,0.0,0.0,0.0,0.0,0.0,0.0,0.0,0.0,0.0,0.0,0.0,0.0,0.0,0.0,0.0,0.0,0.0
HPO__HP:0030680,0.0,0.0,0.0,0.0,0.0,0.0,0.0,0.0,0.0,0.0,0.0,0.0,0.0,0.0,0.0,0.0,0.0,0.0,0.0,0.0,0.0
HPO__HP:0030672,0.0,0.0,0.0,0.0,0.0,0.0,0.0,0.0,0.0,0.0,0.0,0.0,0.0,0.0,0.0,0.0,0.0,0.0,0.0,0.0,0.0
HPO__HP:0030553,0.0,0.0,0.0,0.0,0.0,0.0,0.0,0.0,0.0,0.0,0.0,0.0,0.0,0.0,0.0,0.0,0.0,0.0,0.0,0.0,0.0
HPO__HP:0030529,0.0,0.0,0.0,0.0,0.0,0.0,0.0,0.0,0.0,0.0,0.0,0.0,0.0,0.0,0.0,0.0,0.0,0.0,0.0,0.0,0.0
HPO__HP:0030505,0.0,0.0,0.0,0.0,0.0,0.0,0.0,0.0,0.0,0.0,0.0,0.0,0.0,0.0,0.0,0.0,0.0,0.0,0.0,0.0,0.0
HPO__HP:0031629,0.0,0.0,0.0,0.0,0.0,0.0,0.0,0.0,0.0,0.0,0.0,0.0,0.0,0.0,0.0,0.0,0.0,0.0,0.0,0.0,0.0
HPO__HP:0031624,0.0,0.0,0.0,0.0,0.0,0.0,0.0,0.0,0.0,0.0,0.0,0.0,0.0,0.0,0.0,0.0,0.0,0.0,0.0,0.0,0.0
HPO__HP:0031605,0.0,0.0,0.0,0.0,0.0,0.0,0.0,0.0,0.0,0.0,0.0,0.0,0.0,0.0,0.0,0.0,0.0,0.0,0.0,0.0,0.0
HPO__HP:0012806,0.0,0.0,0.0,0.0,0.0,0.0,0.0,0.0,0.0,0.0,0.0,0.0,0.0,0.0,0.0,0.0,0.0,0.0,0.0,0.0,0.0
HPO__HP:0031166,0.0,0.0,0.0,0.0,0.0,0.0,0.0,0.0,0.0,0.0,0.0,0.0,0.0,0.0,0.0,0.0,0.0,0.0,0.0,0.0,0.0
HPO__HP:0030902,0.0,0.0,0.0,0.0,0.0,0.0,0.0,0.0,0.0,0.0,0.0,0.0,0.0,0.0,0.0,0.0,0.0,0.0,0.0,0.0,0.0
HPO__HP:0000474,0.0,0.0,0.0,0.0,0.0,0.0,0.0,0.0,0.0,0.0,0.0,0.0,0.0,0.0,0.0,0.0,0.0,0.0,0.0,0.0,0.0
HPO__HP:0000473,0.0,0.0,0.0,0.0,0.0,0.0,0.0,0.0,0.0,0.0,0.0,0.0,0.0,0.0,0.0,0.0,0.0,0.0,0.0,0.0,0.0
HPO__HP:0000467,0.0,0.0,0.0,0.0,0.0,0.0,0.0,0.0,0.0,0.0,0.0,0.0,0.0,0.0,0.0,0.0,0.0,0.0,0.0,0.0,0.0
HPO__HP:0000465,0.0,0.0,0.0,0.0,0.0,0.0,0.0,0.0,0.0,0.0,0.0,0.0,0.0,0.0,0.0,0.0,0.0,0.0,0.0,0.0,0.0
HPO__HP:0000413,0.0,0.0,0.0,0.0,0.0,0.0,0.0,0.0,0.0,0.0,0.0,0.0,0.0,0.0,0.0,0.0,0.0,0.0,0.0,0.0,0.0
HPO__HP:0000405,0.0,0.0,0.0,0.0,0.0,0.0,0.0,0.0,0.0,0.0,0.0,0.0,0.0,0.0,0.0,0.0,0.0,0.0,0.0,0.0,0.0
HPO__HP:0025010,0.0,0.0,0.0,0.0,0.0,0.0,0.0,0.0,0.0,0.0,0.0,0.0,0.0,0.0,0.0,0.0,0.0,0.0,0.0,0.0,0.0
HPO__HP:0020185,0.0,0.0,0.0,0.0,0.0,0.0,0.0,0.0,0.0,0.0,0.0,0.0,0.0,0.0,0.0,0.0,0.0,0.0,0.0,0.0,0.0
HPO__HP:0020049,0.0,0.0,0.0,0.0,0.0,0.0,0.0,0.0,0.0,0.0,0.0,0.0,0.0,0.0,0.0,0.0,0.0,0.0,0.0,0.0,0.0
HPO__HP:0020045,0.0,0.0,0.0,0.0,0.0,0.0,0.0,0.0,0.0,0.0,0.0,0.0,0.0,0.0,0.0,0.0,0.0,0.0,0.0,0.0,0.0
HPO__HP:0012896,0.0,0.0,0.0,0.0,0.0,0.0,0.0,0.0,0.0,0.0,0.0,0.0,0.0,0.0,0.0,0.0,0.0,0.0,0.0,0.0,0.0
HPO__HP:0012890,0.0,0.0,0.0,0.0,0.0,0.0,0.0,0.0,0.0,0.0,0.0,0.0,0.0,0.0,0.0,0.0,0.0,0.0,0.0,0.0,0.0
HPO__HP:0012841,0.0,0.0,0.0,0.0,0.0,0.0,0.0,0.0,0.0,0.0,0.0,0.0,0.0,0.0,0.0,0.0,0.0,0.0,0.0,0.0,0.0
HPO__HP:0031491,0.0,0.0,0.0,0.0,0.0,0.0,0.0,0.0,0.0,0.0,0.0,0.0,0.0,0.0,0.0,0.0,0.0,0.0,0.0,0.0,0.0
HPO__HP:0002411,0.0,0.0,0.0,0.0,0.0,0.0,0.0,0.0,0.0,0.0,0.0,0.0,0.0,0.0,0.0,0.0,0.0,0.0,0.0,0.0,0.0
HPO__HP:0002410,0.0,0.0,0.0,0.0,0.0,0.0,0.0,0.0,0.0,0.0,0.0,0.0,0.0,0.0,0.0,0.0,0.0,0.0,0.0,0.0,0.0
HPO__HP:0002406,0.0,0.0,0.0,0.0,0.0,0.0,0.0,0.0,0.0,0.0,0.0,0.0,0.0,0.0,0.0,0.0,0.0,0.0,0.0,0.0,0.0
HPO__HP:0004737,0.0,0.0,0.0,0.0,0.0,0.0,0.0,0.0,0.0,0.0,0.0,0.0,0.0,0.0,0.0,0.0,0.0,0.0,0.0,0.0,0.0
HPO__HP:0004692,0.0,0.0,0.0,0.0,0.0,0.0,0.0,0.0,0.0,0.0,0.0,0.0,0.0,0.0,0.0,0.0,0.0,0.0,0.0,0.0,0.0
HPO__HP:0002505,0.0,0.0,0.0,0.0,0.0,0.0,0.0,0.0,0.0,0.0,0.0,0.0,0.0,0.0,0.0,0.0,0.0,0.0,0.0,0.0,0.0
HPO__HP:0002503,0.0,0.0,0.0,0.0,0.0,0.0,0.0,0.0,0.0,0.0,0.0,0.0,0.0,0.0,0.0,0.0,0.0,0.0,0.0,0.0,0.0
HPO__HP:0002497,0.0,0.0,0.0,0.0,0.0,0.0,0.0,0.0,0.0,0.0,0.0,0.0,0.0,0.0,0.0,0.0,0.0,0.0,0.0,0.0,0.0
HPO__HP:0002493,0.0,0.0,0.0,0.0,0.0,0.0,0.0,0.0,0.0,0.0,0.0,0.0,0.0,0.0,0.0,0.0,0.0,0.0,0.0,0.0,0.0
HPO__HP:0002470,0.0,0.0,0.0,0.0,0.0,0.0,0.0,0.0,0.0,0.0,0.0,0.0,0.0,0.0,0.0,0.0,0.0,0.0,0.0,0.0,0.0
HPO__HP:0005343,0.0,0.0,0.0,0.0,0.0,0.0,0.0,0.0,0.0,0.0,0.0,0.0,0.0,0.0,0.0,0.0,0.0,0.0,0.0,0.0,0.0
HPO__HP:0005301,0.0,0.0,0.0,0.0,0.0,0.0,0.0,0.0,0.0,0.0,0.0,0.0,0.0,0.0,0.0,0.0,0.0,0.0,0.0,0.0,0.0
HPO__HP:0005285,0.0,0.0,0.0,0.0,0.0,0.0,0.0,0.0,0.0,0.0,0.0,0.0,0.0,0.0,0.0,0.0,0.0,0.0,0.0,0.0,0.0
HPO__HP:0005248,0.0,0.0,0.0,0.0,0.0,0.0,0.0,0.0,0.0,0.0,0.0,0.0,0.0,0.0,0.0,0.0,0.0,0.0,0.0,0.0,0.0
HPO__HP:0001650,0.0,0.0,0.0,0.0,0.0,0.0,0.0,0.0,0.0,0.0,0.0,0.0,0.0,0.0,0.0,0.0,0.0,0.0,0.0,0.0,0.0
HPO__HP:0005054,0.0,0.0,0.0,0.0,0.0,0.0,0.0,0.0,0.0,0.0,0.0,0.0,0.0,0.0,0.0,0.0,0.0,0.0,0.0,0.0,0.0
HPO__HP:0004971,0.0,0.0,0.0,0.0,0.0,0.0,0.0,0.0,0.0,0.0,0.0,0.0,0.0,0.0,0.0,0.0,0.0,0.0,0.0,0.0,0.0
HPO__HP:0004762,0.0,0.0,0.0,0.0,0.0,0.0,0.0,0.0,0.0,0.0,0.0,0.0,0.0,0.0,0.0,0.0,0.0,0.0,0.0,0.0,0.0
HPO__HP:0005873,0.0,0.0,0.0,0.0,0.0,0.0,0.0,0.0,0.0,0.0,0.0,0.0,0.0,0.0,0.0,0.0,0.0,0.0,0.0,0.0,0.0
HPO__HP:0005819,0.0,0.0,0.0,0.0,0.0,0.0,0.0,0.0,0.0,0.0,0.0,0.0,0.0,0.0,0.0,0.0,0.0,0.0,0.0,0.0,0.0
HPO__HP:0005817,0.0,0.0,0.0,0.0,0.0,0.0,0.0,0.0,0.0,0.0,0.0,0.0,0.0,0.0,0.0,0.0,0.0,0.0,0.0,0.0,0.0
HPO__HP:0005736,0.0,0.0,0.0,0.0,0.0,0.0,0.0,0.0,0.0,0.0,0.0,0.0,0.0,0.0,0.0,0.0,0.0,0.0,0.0,0.0,0.0
HPO__HP:0005484,0.0,0.0,0.0,0.0,0.0,0.0,0.0,0.0,0.0,0.0,0.0,0.0,0.0,0.0,0.0,0.0,0.0,0.0,0.0,0.0,0.0
HPO__HP:0005474,0.0,0.0,0.0,0.0,0.0,0.0,0.0,0.0,0.0,0.0,0.0,0.0,0.0,0.0,0.0,0.0,0.0,0.0,0.0,0.0,0.0
HPO__HP:0005349,0.0,0.0,0.0,0.0,0.0,0.0,0.0,0.0,0.0,0.0,0.0,0.0,0.0,0.0,0.0,0.0,0.0,0.0,0.0,0.0,0.0
HPO__HP:0002719,0.0,0.0,0.0,0.0,0.0,0.0,0.0,0.0,0.0,0.0,0.0,0.0,0.0,0.0,0.0,0.0,0.0,0.0,0.0,0.0,0.0
HPO__HP:0002692,0.0,0.0,0.0,0.0,0.0,0.0,0.0,0.0,0.0,0.0,0.0,0.0,0.0,0.0,0.0,0.0,0.0,0.0,0.0,0.0,0.0
HPO__HP:0002616,0.0,0.0,0.0,0.0,0.0,0.0,0.0,0.0,0.0,0.0,0.0,0.0,0.0,0.0,0.0,0.0,0.0,0.0,0.0,0.0,0.0
HPO__HP:0002612,0.0,0.0,0.0,0.0,0.0,0.0,0.0,0.0,0.0,0.0,0.0,0.0,0.0,0.0,0.0,0.0,0.0,0.0,0.0,0.0,0.0
HPO__HP:0002580,0.0,0.0,0.0,0.0,0.0,0.0,0.0,0.0,0.0,0.0,0.0,0.0,0.0,0.0,0.0,0.0,0.0,0.0,0.0,0.0,0.0
HPO__HP:0005148,0.0,0.0,0.0,0.0,0.0,0.0,0.0,0.0,0.0,0.0,0.0,0.0,0.0,0.0,0.0,0.0,0.0,0.0,0.0,0.0,0.0
HPO__HP:0006267,0.0,0.0,0.0,0.0,0.0,0.0,0.0,0.0,0.0,0.0,0.0,0.0,0.0,0.0,0.0,0.0,0.0,0.0,0.0,0.0,0.0
HPO__HP:0006145,0.0,0.0,0.0,0.0,0.0,0.0,0.0,0.0,0.0,0.0,0.0,0.0,0.0,0.0,0.0,0.0,0.0,0.0,0.0,0.0,0.0
HPO__HP:0006101,0.0,0.0,0.0,0.0,0.0,0.0,0.0,0.0,0.0,0.0,0.0,0.0,0.0,0.0,0.0,0.0,0.0,0.0,0.0,0.0,0.0
HPO__HP:0005957,0.0,0.0,0.0,0.0,0.0,0.0,0.0,0.0,0.0,0.0,0.0,0.0,0.0,0.0,0.0,0.0,0.0,0.0,0.0,0.0,0.0
HPO__HP:0005938,0.0,0.0,0.0,0.0,0.0,0.0,0.0,0.0,0.0,0.0,0.0,0.0,0.0,0.0,0.0,0.0,0.0,0.0,0.0,0.0,0.0
HPO__HP:0005912,0.0,0.0,0.0,0.0,0.0,0.0,0.0,0.0,0.0,0.0,0.0,0.0,0.0,0.0,0.0,0.0,0.0,0.0,0.0,0.0,0.0
HPO__HP:0002230,0.0,0.0,0.0,0.0,0.0,0.0,0.0,0.0,0.0,0.0,0.0,0.0,0.0,0.0,0.0,0.0,0.0,0.0,0.0,0.0,0.0
HPO__HP:0002209,0.0,0.0,0.0,0.0,0.0,0.0,0.0,0.0,0.0,0.0,0.0,0.0,0.0,0.0,0.0,0.0,0.0,0.0,0.0,0.0,0.0
HPO__HP:0002197,0.0,0.0,0.0,0.0,0.0,0.0,0.0,0.0,0.0,0.0,0.0,0.0,0.0,0.0,0.0,0.0,0.0,0.0,0.0,0.0,0.0
HPO__HP:0006580,0.0,0.0,0.0,0.0,0.0,0.0,0.0,0.0,0.0,0.0,0.0,0.0,0.0,0.0,0.0,0.0,0.0,0.0,0.0,0.0,0.0
HPO__HP:0006579,0.0,0.0,0.0,0.0,0.0,0.0,0.0,0.0,0.0,0.0,0.0,0.0,0.0,0.0,0.0,0.0,0.0,0.0,0.0,0.0,0.0
HPO__HP:0006557,0.0,0.0,0.0,0.0,0.0,0.0,0.0,0.0,0.0,0.0,0.0,0.0,0.0,0.0,0.0,0.0,0.0,0.0,0.0,0.0,0.0
HPO__HP:0006510,0.0,0.0,0.0,0.0,0.0,0.0,0.0,0.0,0.0,0.0,0.0,0.0,0.0,0.0,0.0,0.0,0.0,0.0,0.0,0.0,0.0
HPO__HP:0006371,0.0,0.0,0.0,0.0,0.0,0.0,0.0,0.0,0.0,0.0,0.0,0.0,0.0,0.0,0.0,0.0,0.0,0.0,0.0,0.0,0.0
HPO__HP:0002423,0.0,0.0,0.0,0.0,0.0,0.0,0.0,0.0,0.0,0.0,0.0,0.0,0.0,0.0,0.0,0.0,0.0,0.0,0.0,0.0,0.0
HPO__HP:0002307,0.0,0.0,0.0,0.0,0.0,0.0,0.0,0.0,0.0,0.0,0.0,0.0,0.0,0.0,0.0,0.0,0.0,0.0,0.0,0.0,0.0
HPO__HP:0002304,0.0,0.0,0.0,0.0,0.0,0.0,0.0,0.0,0.0,0.0,0.0,0.0,0.0,0.0,0.0,0.0,0.0,0.0,0.0,0.0,0.0
HPO__HP:0002300,0.0,0.0,0.0,0.0,0.0,0.0,0.0,0.0,0.0,0.0,0.0,0.0,0.0,0.0,0.0,0.0,0.0,0.0,0.0,0.0,0.0
HPO__HP:0002286,0.0,0.0,0.0,0.0,0.0,0.0,0.0,0.0,0.0,0.0,0.0,0.0,0.0,0.0,0.0,0.0,0.0,0.0,0.0,0.0,0.0
HPO__HP:0002282,0.0,0.0,0.0,0.0,0.0,0.0,0.0,0.0,0.0,0.0,0.0,0.0,0.0,0.0,0.0,0.0,0.0,0.0,0.0,0.0,0.0
HPO__HP:0002280,0.0,0.0,0.0,0.0,0.0,0.0,0.0,0.0,0.0,0.0,0.0,0.0,0.0,0.0,0.0,0.0,0.0,0.0,0.0,0.0,0.0
HPO__HP:0002236,0.0,0.0,0.0,0.0,0.0,0.0,0.0,0.0,0.0,0.0,0.0,0.0,0.0,0.0,0.0,0.0,0.0,0.0,0.0,0.0,0.0
HPO__HP:0002352,0.0,0.0,0.0,0.0,0.0,0.0,0.0,0.0,0.0,0.0,0.0,0.0,0.0,0.0,0.0,0.0,0.0,0.0,0.0,0.0,0.0
HPO__HP:0002346,0.0,0.0,0.0,0.0,0.0,0.0,0.0,0.0,0.0,0.0,0.0,0.0,0.0,0.0,0.0,0.0,0.0,0.0,0.0,0.0,0.0
HPO__HP:0002342,0.0,0.0,0.0,0.0,0.0,0.0,0.0,0.0,0.0,0.0,0.0,0.0,0.0,0.0,0.0,0.0,0.0,0.0,0.0,0.0,0.0
HPO__HP:0002321,0.0,0.0,0.0,0.0,0.0,0.0,0.0,0.0,0.0,0.0,0.0,0.0,0.0,0.0,0.0,0.0,0.0,0.0,0.0,0.0,0.0
HPO__HP:0002313,0.0,0.0,0.0,0.0,0.0,0.0,0.0,0.0,0.0,0.0,0.0,0.0,0.0,0.0,0.0,0.0,0.0,0.0,0.0,0.0,0.0
HPO__HP:0002310,0.0,0.0,0.0,0.0,0.0,0.0,0.0,0.0,0.0,0.0,0.0,0.0,0.0,0.0,0.0,0.0,0.0,0.0,0.0,0.0,0.0
HPO__HP:0002444,0.0,0.0,0.0,0.0,0.0,0.0,0.0,0.0,0.0,0.0,0.0,0.0,0.0,0.0,0.0,0.0,0.0,0.0,0.0,0.0,0.0
HPO__HP:0002442,0.0,0.0,0.0,0.0,0.0,0.0,0.0,0.0,0.0,0.0,0.0,0.0,0.0,0.0,0.0,0.0,0.0,0.0,0.0,0.0,0.0
HPO__HP:0002308,0.0,0.0,0.0,0.0,0.0,0.0,0.0,0.0,0.0,0.0,0.0,0.0,0.0,0.0,0.0,0.0,0.0,0.0,0.0,0.0,0.0
HPO__HP:0034217,0.0,0.0,0.0,0.0,0.0,0.0,0.0,0.0,0.0,0.0,0.0,0.0,0.0,0.0,0.0,0.0,0.0,0.0,0.0,0.0,0.0
HPO__HP:0034188,0.0,0.0,0.0,0.0,0.0,0.0,0.0,0.0,0.0,0.0,0.0,0.0,0.0,0.0,0.0,0.0,0.0,0.0,0.0,0.0,0.0
HPO__HP:0034044,0.0,0.0,0.0,0.0,0.0,0.0,0.0,0.0,0.0,0.0,0.0,0.0,0.0,0.0,0.0,0.0,0.0,0.0,0.0,0.0,0.0
HPO__HP:0033725,0.0,0.0,0.0,0.0,0.0,0.0,0.0,0.0,0.0,0.0,0.0,0.0,0.0,0.0,0.0,0.0,0.0,0.0,0.0,0.0,0.0
HPO__HP:0033683,0.0,0.0,0.0,0.0,0.0,0.0,0.0,0.0,0.0,0.0,0.0,0.0,0.0,0.0,0.0,0.0,0.0,0.0,0.0,0.0,0.0
HPO__HP:0033601,0.0,0.0,0.0,0.0,0.0,0.0,0.0,0.0,0.0,0.0,0.0,0.0,0.0,0.0,0.0,0.0,0.0,0.0,0.0,0.0,0.0
HPO__HP:0033454,0.0,0.0,0.0,0.0,0.0,0.0,0.0,0.0,0.0,0.0,0.0,0.0,0.0,0.0,0.0,0.0,0.0,0.0,0.0,0.0,0.0
HPO__HP:0033257,0.0,0.0,0.0,0.0,0.0,0.0,0.0,0.0,0.0,0.0,0.0,0.0,0.0,0.0,0.0,0.0,0.0,0.0,0.0,0.0,0.0
HPO__HP:0000026,0.0,0.0,0.0,0.0,0.0,0.0,0.0,0.0,0.0,0.0,0.0,0.0,0.0,0.0,0.0,0.0,0.0,0.0,0.0,0.0,0.0
HPO__HP:0000110,0.0,0.0,0.0,0.0,0.0,0.0,0.0,0.0,0.0,0.0,0.0,0.0,0.0,0.0,0.0,0.0,0.0,0.0,0.0,0.0,0.0
HPO__HP:0040022,0.0,0.0,0.0,0.0,0.0,0.0,0.0,0.0,0.0,0.0,0.0,0.0,0.0,0.0,0.0,0.0,0.0,0.0,0.0,0.0,0.0
HPO__HP:0034435,0.0,0.0,0.0,0.0,0.0,0.0,0.0,0.0,0.0,0.0,0.0,0.0,0.0,0.0,0.0,0.0,0.0,0.0,0.0,0.0,0.0
HPO__HP:0034374,0.0,0.0,0.0,0.0,0.0,0.0,0.0,0.0,0.0,0.0,0.0,0.0,0.0,0.0,0.0,0.0,0.0,0.0,0.0,0.0,0.0
HPO__HP:0034302,0.0,0.0,0.0,0.0,0.0,0.0,0.0,0.0,0.0,0.0,0.0,0.0,0.0,0.0,0.0,0.0,0.0,0.0,0.0,0.0,0.0
HPO__HP:0002558,0.0,0.0,0.0,0.0,0.0,0.0,0.0,0.0,0.0,0.0,0.0,0.0,0.0,0.0,0.0,0.0,0.0,0.0,0.0,0.0,0.0
HPO__HP:0034272,0.0,0.0,0.0,0.0,0.0,0.0,0.0,0.0,0.0,0.0,0.0,0.0,0.0,0.0,0.0,0.0,0.0,0.0,0.0,0.0,0.0
HPO__HP:0002540,0.0,0.0,0.0,0.0,0.0,0.0,0.0,0.0,0.0,0.0,0.0,0.0,0.0,0.0,0.0,0.0,0.0,0.0,0.0,0.0,0.0
HPO__HP:0032078,0.0,0.0,0.0,0.0,0.0,0.0,0.0,0.0,0.0,0.0,0.0,0.0,0.0,0.0,0.0,0.0,0.0,0.0,0.0,0.0,0.0
HPO__HP:0002827,0.0,0.0,0.0,0.0,0.0,0.0,0.0,0.0,0.0,0.0,0.0,0.0,0.0,0.0,0.0,0.0,0.0,0.0,0.0,0.0,0.0
HPO__HP:0002788,0.0,0.0,0.0,0.0,0.0,0.0,0.0,0.0,0.0,0.0,0.0,0.0,0.0,0.0,0.0,0.0,0.0,0.0,0.0,0.0,0.0
INH_AGE_RELATED_ONSET,0.0,0.0,0.0,0.0,0.0,0.0,0.0,0.0,0.0,0.0,0.0,0.0,0.0,0.0,0.0,0.0,0.0,0.0,0.0,0.0,0.0
HPO__HP:0430025,0.0,0.0,0.0,0.0,0.0,0.0,0.0,0.0,0.0,0.0,0.0,0.0,0.0,0.0,0.0,0.0,0.0,0.0,0.0,0.0,0.0
HPO__HP:0200096,0.0,0.0,0.0,0.0,0.0,0.0,0.0,0.0,0.0,0.0,0.0,0.0,0.0,0.0,0.0,0.0,0.0,0.0,0.0,0.0,0.0
HPO__HP:0200070,0.0,0.0,0.0,0.0,0.0,0.0,0.0,0.0,0.0,0.0,0.0,0.0,0.0,0.0,0.0,0.0,0.0,0.0,0.0,0.0,0.0
HPO__HP:0000098,0.0,0.0,0.0,0.0,0.0,0.0,0.0,0.0,0.0,0.0,0.0,0.0,0.0,0.0,0.0,0.0,0.0,0.0,0.0,0.0,0.0
HPO__HP:0000072,0.0,0.0,0.0,0.0,0.0,0.0,0.0,0.0,0.0,0.0,0.0,0.0,0.0,0.0,0.0,0.0,0.0,0.0,0.0,0.0,0.0
HPO__HP:0000069,0.0,0.0,0.0,0.0,0.0,0.0,0.0,0.0,0.0,0.0,0.0,0.0,0.0,0.0,0.0,0.0,0.0,0.0,0.0,0.0,0.0
HPO__HP:0000061,0.0,0.0,0.0,0.0,0.0,0.0,0.0,0.0,0.0,0.0,0.0,0.0,0.0,0.0,0.0,0.0,0.0,0.0,0.0,0.0,0.0
HPO__HP:0000050,0.0,0.0,0.0,0.0,0.0,0.0,0.0,0.0,0.0,0.0,0.0,0.0,0.0,0.0,0.0,0.0,0.0,0.0,0.0,0.0,0.0
HPO__HP:0000041,0.0,0.0,0.0,0.0,0.0,0.0,0.0,0.0,0.0,0.0,0.0,0.0,0.0,0.0,0.0,0.0,0.0,0.0,0.0,0.0,0.0
HPO__HP:0034281,0.0,0.0,0.0,0.0,0.0,0.0,0.0,0.0,0.0,0.0,0.0,0.0,0.0,0.0,0.0,0.0,0.0,0.0,0.0,0.0,0.0
HPO__HP:0003763,0.0,0.0,0.0,0.0,0.0,0.0,0.0,0.0,0.0,0.0,0.0,0.0,0.0,0.0,0.0,0.0,0.0,0.0,0.0,0.0,0.0
HPO__HP:0003762,0.0,0.0,0.0,0.0,0.0,0.0,0.0,0.0,0.0,0.0,0.0,0.0,0.0,0.0,0.0,0.0,0.0,0.0,0.0,0.0,0.0
HPO__HP:0003701,0.0,0.0,0.0,0.0,0.0,0.0,0.0,0.0,0.0,0.0,0.0,0.0,0.0,0.0,0.0,0.0,0.0,0.0,0.0,0.0,0.0
HPO__HP:0003698,0.0,0.0,0.0,0.0,0.0,0.0,0.0,0.0,0.0,0.0,0.0,0.0,0.0,0.0,0.0,0.0,0.0,0.0,0.0,0.0,0.0
HPO__HP:0003690,0.0,0.0,0.0,0.0,0.0,0.0,0.0,0.0,0.0,0.0,0.0,0.0,0.0,0.0,0.0,0.0,0.0,0.0,0.0,0.0,0.0
HPO__HP:0003546,0.0,0.0,0.0,0.0,0.0,0.0,0.0,0.0,0.0,0.0,0.0,0.0,0.0,0.0,0.0,0.0,0.0,0.0,0.0,0.0,0.0
HPO__HP:0003474,0.0,0.0,0.0,0.0,0.0,0.0,0.0,0.0,0.0,0.0,0.0,0.0,0.0,0.0,0.0,0.0,0.0,0.0,0.0,0.0,0.0
HPO__HP:0003448,0.0,0.0,0.0,0.0,0.0,0.0,0.0,0.0,0.0,0.0,0.0,0.0,0.0,0.0,0.0,0.0,0.0,0.0,0.0,0.0,0.0
HPO__HP:0004491,0.0,0.0,0.0,0.0,0.0,0.0,0.0,0.0,0.0,0.0,0.0,0.0,0.0,0.0,0.0,0.0,0.0,0.0,0.0,0.0,0.0
HPO__HP:0004428,0.0,0.0,0.0,0.0,0.0,0.0,0.0,0.0,0.0,0.0,0.0,0.0,0.0,0.0,0.0,0.0,0.0,0.0,0.0,0.0,0.0
HPO__HP:0004425,0.0,0.0,0.0,0.0,0.0,0.0,0.0,0.0,0.0,0.0,0.0,0.0,0.0,0.0,0.0,0.0,0.0,0.0,0.0,0.0,0.0
HPO__HP:0004396,0.0,0.0,0.0,0.0,0.0,0.0,0.0,0.0,0.0,0.0,0.0,0.0,0.0,0.0,0.0,0.0,0.0,0.0,0.0,0.0,0.0
HPO__HP:0004373,0.0,0.0,0.0,0.0,0.0,0.0,0.0,0.0,0.0,0.0,0.0,0.0,0.0,0.0,0.0,0.0,0.0,0.0,0.0,0.0,0.0
HPO__HP:0004326,0.0,0.0,0.0,0.0,0.0,0.0,0.0,0.0,0.0,0.0,0.0,0.0,0.0,0.0,0.0,0.0,0.0,0.0,0.0,0.0,0.0
HPO__HP:0004325,0.0,0.0,0.0,0.0,0.0,0.0,0.0,0.0,0.0,0.0,0.0,0.0,0.0,0.0,0.0,0.0,0.0,0.0,0.0,0.0,0.0
HPO__HP:0032118,0.0,0.0,0.0,0.0,0.0,0.0,0.0,0.0,0.0,0.0,0.0,0.0,0.0,0.0,0.0,0.0,0.0,0.0,0.0,0.0,0.0
HPO__HP:0002395,0.0,0.0,0.0,0.0,0.0,0.0,0.0,0.0,0.0,0.0,0.0,0.0,0.0,0.0,0.0,0.0,0.0,0.0,0.0,0.0,0.0
HPO__HP:0002384,0.0,0.0,0.0,0.0,0.0,0.0,0.0,0.0,0.0,0.0,0.0,0.0,0.0,0.0,0.0,0.0,0.0,0.0,0.0,0.0,0.0
HPO__HP:0002376,0.0,0.0,0.0,0.0,0.0,0.0,0.0,0.0,0.0,0.0,0.0,0.0,0.0,0.0,0.0,0.0,0.0,0.0,0.0,0.0,0.0
HPO__HP:0002360,0.0,0.0,0.0,0.0,0.0,0.0,0.0,0.0,0.0,0.0,0.0,0.0,0.0,0.0,0.0,0.0,0.0,0.0,0.0,0.0,0.0
HPO__HP:0002354,0.0,0.0,0.0,0.0,0.0,0.0,0.0,0.0,0.0,0.0,0.0,0.0,0.0,0.0,0.0,0.0,0.0,0.0,0.0,0.0,0.0
HPO__HP:0004689,0.0,0.0,0.0,0.0,0.0,0.0,0.0,0.0,0.0,0.0,0.0,0.0,0.0,0.0,0.0,0.0,0.0,0.0,0.0,0.0,0.0
HPO__HP:0004639,0.0,0.0,0.0,0.0,0.0,0.0,0.0,0.0,0.0,0.0,0.0,0.0,0.0,0.0,0.0,0.0,0.0,0.0,0.0,0.0,0.0
HPO__HP:0000112,0.0,0.0,0.0,0.0,0.0,0.0,0.0,0.0,0.0,0.0,0.0,0.0,0.0,0.0,0.0,0.0,0.0,0.0,0.0,0.0,0.0
HPO__HP:0000262,0.0,0.0,0.0,0.0,0.0,0.0,0.0,0.0,0.0,0.0,0.0,0.0,0.0,0.0,0.0,0.0,0.0,0.0,0.0,0.0,0.0
HPO__HP:0000246,0.0,0.0,0.0,0.0,0.0,0.0,0.0,0.0,0.0,0.0,0.0,0.0,0.0,0.0,0.0,0.0,0.0,0.0,0.0,0.0,0.0
HPO__HP:0033128,0.0,0.0,0.0,0.0,0.0,0.0,0.0,0.0,0.0,0.0,0.0,0.0,0.0,0.0,0.0,0.0,0.0,0.0,0.0,0.0,0.0
HPO__HP:0032988,0.0,0.0,0.0,0.0,0.0,0.0,0.0,0.0,0.0,0.0,0.0,0.0,0.0,0.0,0.0,0.0,0.0,0.0,0.0,0.0,0.0
HPO__HP:0032466,0.0,0.0,0.0,0.0,0.0,0.0,0.0,0.0,0.0,0.0,0.0,0.0,0.0,0.0,0.0,0.0,0.0,0.0,0.0,0.0,0.0
HPO__HP:0032464,0.0,0.0,0.0,0.0,0.0,0.0,0.0,0.0,0.0,0.0,0.0,0.0,0.0,0.0,0.0,0.0,0.0,0.0,0.0,0.0,0.0
HPO__HP:0032285,0.0,0.0,0.0,0.0,0.0,0.0,0.0,0.0,0.0,0.0,0.0,0.0,0.0,0.0,0.0,0.0,0.0,0.0,0.0,0.0,0.0
HPO__HP:0003781,0.0,0.0,0.0,0.0,0.0,0.0,0.0,0.0,0.0,0.0,0.0,0.0,0.0,0.0,0.0,0.0,0.0,0.0,0.0,0.0,0.0
HPO__HP:0009921,0.0,0.0,0.0,0.0,0.0,0.0,0.0,0.0,0.0,0.0,0.0,0.0,0.0,0.0,0.0,0.0,0.0,0.0,0.0,0.0,0.0
HPO__HP:0001954,0.0,0.0,0.0,0.0,0.0,0.0,0.0,0.0,0.0,0.0,0.0,0.0,0.0,0.0,0.0,0.0,0.0,0.0,0.0,0.0,0.0
HPO__HP:0001919,0.0,0.0,0.0,0.0,0.0,0.0,0.0,0.0,0.0,0.0,0.0,0.0,0.0,0.0,0.0,0.0,0.0,0.0,0.0,0.0,0.0
HPO__HP:0001883,0.0,0.0,0.0,0.0,0.0,0.0,0.0,0.0,0.0,0.0,0.0,0.0,0.0,0.0,0.0,0.0,0.0,0.0,0.0,0.0,0.0
HPO__HP:0001841,0.0,0.0,0.0,0.0,0.0,0.0,0.0,0.0,0.0,0.0,0.0,0.0,0.0,0.0,0.0,0.0,0.0,0.0,0.0,0.0,0.0
HPO__HP:0001800,0.0,0.0,0.0,0.0,0.0,0.0,0.0,0.0,0.0,0.0,0.0,0.0,0.0,0.0,0.0,0.0,0.0,0.0,0.0,0.0,0.0
HPO__HP:0001776,0.0,0.0,0.0,0.0,0.0,0.0,0.0,0.0,0.0,0.0,0.0,0.0,0.0,0.0,0.0,0.0,0.0,0.0,0.0,0.0,0.0
HPO__HP:0001765,0.0,0.0,0.0,0.0,0.0,0.0,0.0,0.0,0.0,0.0,0.0,0.0,0.0,0.0,0.0,0.0,0.0,0.0,0.0,0.0,0.0
HPO__HP:0001760,0.0,0.0,0.0,0.0,0.0,0.0,0.0,0.0,0.0,0.0,0.0,0.0,0.0,0.0,0.0,0.0,0.0,0.0,0.0,0.0,0.0
HPO__HP:0008001,0.0,0.0,0.0,0.0,0.0,0.0,0.0,0.0,0.0,0.0,0.0,0.0,0.0,0.0,0.0,0.0,0.0,0.0,0.0,0.0,0.0
HPO__HP:0007988,0.0,0.0,0.0,0.0,0.0,0.0,0.0,0.0,0.0,0.0,0.0,0.0,0.0,0.0,0.0,0.0,0.0,0.0,0.0,0.0,0.0
HPO__HP:0007944,0.0,0.0,0.0,0.0,0.0,0.0,0.0,0.0,0.0,0.0,0.0,0.0,0.0,0.0,0.0,0.0,0.0,0.0,0.0,0.0,0.0
HPO__HP:0007894,0.0,0.0,0.0,0.0,0.0,0.0,0.0,0.0,0.0,0.0,0.0,0.0,0.0,0.0,0.0,0.0,0.0,0.0,0.0,0.0,0.0
HPO__HP:0007885,0.0,0.0,0.0,0.0,0.0,0.0,0.0,0.0,0.0,0.0,0.0,0.0,0.0,0.0,0.0,0.0,0.0,0.0,0.0,0.0,0.0
HPO__HP:0006329,0.0,0.0,0.0,0.0,0.0,0.0,0.0,0.0,0.0,0.0,0.0,0.0,0.0,0.0,0.0,0.0,0.0,0.0,0.0,0.0,0.0
HPO__HP:0007874,0.0,0.0,0.0,0.0,0.0,0.0,0.0,0.0,0.0,0.0,0.0,0.0,0.0,0.0,0.0,0.0,0.0,0.0,0.0,0.0,0.0
HPO__HP:0007859,0.0,0.0,0.0,0.0,0.0,0.0,0.0,0.0,0.0,0.0,0.0,0.0,0.0,0.0,0.0,0.0,0.0,0.0,0.0,0.0,0.0
HPO__HP:0008689,0.0,0.0,0.0,0.0,0.0,0.0,0.0,0.0,0.0,0.0,0.0,0.0,0.0,0.0,0.0,0.0,0.0,0.0,0.0,0.0,0.0
HPO__HP:0008672,0.0,0.0,0.0,0.0,0.0,0.0,0.0,0.0,0.0,0.0,0.0,0.0,0.0,0.0,0.0,0.0,0.0,0.0,0.0,0.0,0.0
HPO__HP:0008551,0.0,0.0,0.0,0.0,0.0,0.0,0.0,0.0,0.0,0.0,0.0,0.0,0.0,0.0,0.0,0.0,0.0,0.0,0.0,0.0,0.0
HPO__HP:0008428,0.0,0.0,0.0,0.0,0.0,0.0,0.0,0.0,0.0,0.0,0.0,0.0,0.0,0.0,0.0,0.0,0.0,0.0,0.0,0.0,0.0
HPO__HP:0008422,0.0,0.0,0.0,0.0,0.0,0.0,0.0,0.0,0.0,0.0,0.0,0.0,0.0,0.0,0.0,0.0,0.0,0.0,0.0,0.0,0.0
HPO__HP:0008278,0.0,0.0,0.0,0.0,0.0,0.0,0.0,0.0,0.0,0.0,0.0,0.0,0.0,0.0,0.0,0.0,0.0,0.0,0.0,0.0,0.0
HPO__HP:0008222,0.0,0.0,0.0,0.0,0.0,0.0,0.0,0.0,0.0,0.0,0.0,0.0,0.0,0.0,0.0,0.0,0.0,0.0,0.0,0.0,0.0
HPO__HP:0008002,0.0,0.0,0.0,0.0,0.0,0.0,0.0,0.0,0.0,0.0,0.0,0.0,0.0,0.0,0.0,0.0,0.0,0.0,0.0,0.0,0.0
HPO__HP:0001646,0.0,0.0,0.0,0.0,0.0,0.0,0.0,0.0,0.0,0.0,0.0,0.0,0.0,0.0,0.0,0.0,0.0,0.0,0.0,0.0,0.0
HPO__HP:0001644,0.0,0.0,0.0,0.0,0.0,0.0,0.0,0.0,0.0,0.0,0.0,0.0,0.0,0.0,0.0,0.0,0.0,0.0,0.0,0.0,0.0
HPO__HP:0001641,0.0,0.0,0.0,0.0,0.0,0.0,0.0,0.0,0.0,0.0,0.0,0.0,0.0,0.0,0.0,0.0,0.0,0.0,0.0,0.0,0.0
HPO__HP:0001627,0.0,0.0,0.0,0.0,0.0,0.0,0.0,0.0,0.0,0.0,0.0,0.0,0.0,0.0,0.0,0.0,0.0,0.0,0.0,0.0,0.0
HPO__HP:0001623,0.0,0.0,0.0,0.0,0.0,0.0,0.0,0.0,0.0,0.0,0.0,0.0,0.0,0.0,0.0,0.0,0.0,0.0,0.0,0.0,0.0
HPO__HP:0007875,0.0,0.0,0.0,0.0,0.0,0.0,0.0,0.0,0.0,0.0,0.0,0.0,0.0,0.0,0.0,0.0,0.0,0.0,0.0,0.0,0.0
HPO__HP:0001319,0.0,0.0,0.0,0.0,0.0,0.0,0.0,0.0,0.0,0.0,0.0,0.0,0.0,0.0,0.0,0.0,0.0,0.0,0.0,0.0,0.0
HPO__HP:0001317,0.0,0.0,0.0,0.0,0.0,0.0,0.0,0.0,0.0,0.0,0.0,0.0,0.0,0.0,0.0,0.0,0.0,0.0,0.0,0.0,0.0
HPO__HP:0001315,0.0,0.0,0.0,0.0,0.0,0.0,0.0,0.0,0.0,0.0,0.0,0.0,0.0,0.0,0.0,0.0,0.0,0.0,0.0,0.0,0.0
HPO__HP:0001308,0.0,0.0,0.0,0.0,0.0,0.0,0.0,0.0,0.0,0.0,0.0,0.0,0.0,0.0,0.0,0.0,0.0,0.0,0.0,0.0,0.0
HPO__HP:0001289,0.0,0.0,0.0,0.0,0.0,0.0,0.0,0.0,0.0,0.0,0.0,0.0,0.0,0.0,0.0,0.0,0.0,0.0,0.0,0.0,0.0
HPO__HP:0001733,0.0,0.0,0.0,0.0,0.0,0.0,0.0,0.0,0.0,0.0,0.0,0.0,0.0,0.0,0.0,0.0,0.0,0.0,0.0,0.0,0.0
HPO__HP:0001718,0.0,0.0,0.0,0.0,0.0,0.0,0.0,0.0,0.0,0.0,0.0,0.0,0.0,0.0,0.0,0.0,0.0,0.0,0.0,0.0,0.0
HPO__HP:0001702,0.0,0.0,0.0,0.0,0.0,0.0,0.0,0.0,0.0,0.0,0.0,0.0,0.0,0.0,0.0,0.0,0.0,0.0,0.0,0.0,0.0
HPO__HP:0001682,0.0,0.0,0.0,0.0,0.0,0.0,0.0,0.0,0.0,0.0,0.0,0.0,0.0,0.0,0.0,0.0,0.0,0.0,0.0,0.0,0.0
HPO__HP:0000033,0.0,0.0,0.0,0.0,0.0,0.0,0.0,0.0,0.0,0.0,0.0,0.0,0.0,0.0,0.0,0.0,0.0,0.0,0.0,0.0,0.0
HPO__HP:0009183,0.0,0.0,0.0,0.0,0.0,0.0,0.0,0.0,0.0,0.0,0.0,0.0,0.0,0.0,0.0,0.0,0.0,0.0,0.0,0.0,0.0
HPO__HP:0009162,0.0,0.0,0.0,0.0,0.0,0.0,0.0,0.0,0.0,0.0,0.0,0.0,0.0,0.0,0.0,0.0,0.0,0.0,0.0,0.0,0.0
HPO__HP:0009049,0.0,0.0,0.0,0.0,0.0,0.0,0.0,0.0,0.0,0.0,0.0,0.0,0.0,0.0,0.0,0.0,0.0,0.0,0.0,0.0,0.0
HPO__HP:0009027,0.0,0.0,0.0,0.0,0.0,0.0,0.0,0.0,0.0,0.0,0.0,0.0,0.0,0.0,0.0,0.0,0.0,0.0,0.0,0.0,0.0
HPO__HP:0008935,0.0,0.0,0.0,0.0,0.0,0.0,0.0,0.0,0.0,0.0,0.0,0.0,0.0,0.0,0.0,0.0,0.0,0.0,0.0,0.0,0.0
HPO__HP:0001374,0.0,0.0,0.0,0.0,0.0,0.0,0.0,0.0,0.0,0.0,0.0,0.0,0.0,0.0,0.0,0.0,0.0,0.0,0.0,0.0,0.0
HPO__HP:0008850,0.0,0.0,0.0,0.0,0.0,0.0,0.0,0.0,0.0,0.0,0.0,0.0,0.0,0.0,0.0,0.0,0.0,0.0,0.0,0.0,0.0
HPO__HP:0008839,0.0,0.0,0.0,0.0,0.0,0.0,0.0,0.0,0.0,0.0,0.0,0.0,0.0,0.0,0.0,0.0,0.0,0.0,0.0,0.0,0.0
HPO__HP:0009914,0.0,0.0,0.0,0.0,0.0,0.0,0.0,0.0,0.0,0.0,0.0,0.0,0.0,0.0,0.0,0.0,0.0,0.0,0.0,0.0,0.0
HPO__HP:0009878,0.0,0.0,0.0,0.0,0.0,0.0,0.0,0.0,0.0,0.0,0.0,0.0,0.0,0.0,0.0,0.0,0.0,0.0,0.0,0.0,0.0
HPO__HP:0009830,0.0,0.0,0.0,0.0,0.0,0.0,0.0,0.0,0.0,0.0,0.0,0.0,0.0,0.0,0.0,0.0,0.0,0.0,0.0,0.0,0.0
HPO__HP:0009826,0.0,0.0,0.0,0.0,0.0,0.0,0.0,0.0,0.0,0.0,0.0,0.0,0.0,0.0,0.0,0.0,0.0,0.0,0.0,0.0,0.0
HPO__HP:0009806,0.0,0.0,0.0,0.0,0.0,0.0,0.0,0.0,0.0,0.0,0.0,0.0,0.0,0.0,0.0,0.0,0.0,0.0,0.0,0.0,0.0
HPO__HP:0009611,0.0,0.0,0.0,0.0,0.0,0.0,0.0,0.0,0.0,0.0,0.0,0.0,0.0,0.0,0.0,0.0,0.0,0.0,0.0,0.0,0.0
HPO__HP:0009576,0.0,0.0,0.0,0.0,0.0,0.0,0.0,0.0,0.0,0.0,0.0,0.0,0.0,0.0,0.0,0.0,0.0,0.0,0.0,0.0,0.0
HPO__HP:0009556,0.0,0.0,0.0,0.0,0.0,0.0,0.0,0.0,0.0,0.0,0.0,0.0,0.0,0.0,0.0,0.0,0.0,0.0,0.0,0.0,0.0
HPO__HP:0001537,0.0,0.0,0.0,0.0,0.0,0.0,0.0,0.0,0.0,0.0,0.0,0.0,0.0,0.0,0.0,0.0,0.0,0.0,0.0,0.0,0.0
HPO__HP:0001520,0.0,0.0,0.0,0.0,0.0,0.0,0.0,0.0,0.0,0.0,0.0,0.0,0.0,0.0,0.0,0.0,0.0,0.0,0.0,0.0,0.0
HPO__HP:0001397,0.0,0.0,0.0,0.0,0.0,0.0,0.0,0.0,0.0,0.0,0.0,0.0,0.0,0.0,0.0,0.0,0.0,0.0,0.0,0.0,0.0
HPO__HP:0001387,0.0,0.0,0.0,0.0,0.0,0.0,0.0,0.0,0.0,0.0,0.0,0.0,0.0,0.0,0.0,0.0,0.0,0.0,0.0,0.0,0.0
HPO__HP:0001385,0.0,0.0,0.0,0.0,0.0,0.0,0.0,0.0,0.0,0.0,0.0,0.0,0.0,0.0,0.0,0.0,0.0,0.0,0.0,0.0,0.0
HPO__HP:0008873,0.0,0.0,0.0,0.0,0.0,0.0,0.0,0.0,0.0,0.0,0.0,0.0,0.0,0.0,0.0,0.0,0.0,0.0,0.0,0.0,0.0
HPO__HP:0006886,0.0,0.0,0.0,0.0,0.0,0.0,0.0,0.0,0.0,0.0,0.0,0.0,0.0,0.0,0.0,0.0,0.0,0.0,0.0,0.0,0.0
HPO__HP:0006879,0.0,0.0,0.0,0.0,0.0,0.0,0.0,0.0,0.0,0.0,0.0,0.0,0.0,0.0,0.0,0.0,0.0,0.0,0.0,0.0,0.0
HPO__HP:0006858,0.0,0.0,0.0,0.0,0.0,0.0,0.0,0.0,0.0,0.0,0.0,0.0,0.0,0.0,0.0,0.0,0.0,0.0,0.0,0.0,0.0
HPO__HP:0006821,0.0,0.0,0.0,0.0,0.0,0.0,0.0,0.0,0.0,0.0,0.0,0.0,0.0,0.0,0.0,0.0,0.0,0.0,0.0,0.0,0.0
HPO__HP:0006706,0.0,0.0,0.0,0.0,0.0,0.0,0.0,0.0,0.0,0.0,0.0,0.0,0.0,0.0,0.0,0.0,0.0,0.0,0.0,0.0,0.0
HPO__HP:0007078,0.0,0.0,0.0,0.0,0.0,0.0,0.0,0.0,0.0,0.0,0.0,0.0,0.0,0.0,0.0,0.0,0.0,0.0,0.0,0.0,0.0
HPO__HP:0007068,0.0,0.0,0.0,0.0,0.0,0.0,0.0,0.0,0.0,0.0,0.0,0.0,0.0,0.0,0.0,0.0,0.0,0.0,0.0,0.0,0.0
HPO__HP:0007033,0.0,0.0,0.0,0.0,0.0,0.0,0.0,0.0,0.0,0.0,0.0,0.0,0.0,0.0,0.0,0.0,0.0,0.0,0.0,0.0,0.0
HPO__HP:0007024,0.0,0.0,0.0,0.0,0.0,0.0,0.0,0.0,0.0,0.0,0.0,0.0,0.0,0.0,0.0,0.0,0.0,0.0,0.0,0.0,0.0
HPO__HP:0007021,0.0,0.0,0.0,0.0,0.0,0.0,0.0,0.0,0.0,0.0,0.0,0.0,0.0,0.0,0.0,0.0,0.0,0.0,0.0,0.0,0.0
HPO__HP:0007006,0.0,0.0,0.0,0.0,0.0,0.0,0.0,0.0,0.0,0.0,0.0,0.0,0.0,0.0,0.0,0.0,0.0,0.0,0.0,0.0,0.0
HPO__HP:0007001,0.0,0.0,0.0,0.0,0.0,0.0,0.0,0.0,0.0,0.0,0.0,0.0,0.0,0.0,0.0,0.0,0.0,0.0,0.0,0.0,0.0
HPO__HP:0006989,0.0,0.0,0.0,0.0,0.0,0.0,0.0,0.0,0.0,0.0,0.0,0.0,0.0,0.0,0.0,0.0,0.0,0.0,0.0,0.0,0.0
HPO__HP:0002133,0.0,0.0,0.0,0.0,0.0,0.0,0.0,0.0,0.0,0.0,0.0,0.0,0.0,0.0,0.0,0.0,0.0,0.0,0.0,0.0,0.0
HPO__HP:0008749,0.0,0.0,0.0,0.0,0.0,0.0,0.0,0.0,0.0,0.0,0.0,0.0,0.0,0.0,0.0,0.0,0.0,0.0,0.0,0.0,0.0
HPO__HP:0002094,0.0,0.0,0.0,0.0,0.0,0.0,0.0,0.0,0.0,0.0,0.0,0.0,0.0,0.0,0.0,0.0,0.0,0.0,0.0,0.0,0.0
HPO__HP:0007267,0.0,0.0,0.0,0.0,0.0,0.0,0.0,0.0,0.0,0.0,0.0,0.0,0.0,0.0,0.0,0.0,0.0,0.0,0.0,0.0,0.0
HPO__HP:0007263,0.0,0.0,0.0,0.0,0.0,0.0,0.0,0.0,0.0,0.0,0.0,0.0,0.0,0.0,0.0,0.0,0.0,0.0,0.0,0.0,0.0
HPO__HP:0007240,0.0,0.0,0.0,0.0,0.0,0.0,0.0,0.0,0.0,0.0,0.0,0.0,0.0,0.0,0.0,0.0,0.0,0.0,0.0,0.0,0.0
HPO__HP:0007141,0.0,0.0,0.0,0.0,0.0,0.0,0.0,0.0,0.0,0.0,0.0,0.0,0.0,0.0,0.0,0.0,0.0,0.0,0.0,0.0,0.0
HPO__HP:0007112,0.0,0.0,0.0,0.0,0.0,0.0,0.0,0.0,0.0,0.0,0.0,0.0,0.0,0.0,0.0,0.0,0.0,0.0,0.0,0.0,0.0
HPO__HP:0002186,0.0,0.0,0.0,0.0,0.0,0.0,0.0,0.0,0.0,0.0,0.0,0.0,0.0,0.0,0.0,0.0,0.0,0.0,0.0,0.0,0.0
HPO__HP:0002179,0.0,0.0,0.0,0.0,0.0,0.0,0.0,0.0,0.0,0.0,0.0,0.0,0.0,0.0,0.0,0.0,0.0,0.0,0.0,0.0,0.0
HPO__HP:0002171,0.0,0.0,0.0,0.0,0.0,0.0,0.0,0.0,0.0,0.0,0.0,0.0,0.0,0.0,0.0,0.0,0.0,0.0,0.0,0.0,0.0
HPO__HP:0002170,0.0,0.0,0.0,0.0,0.0,0.0,0.0,0.0,0.0,0.0,0.0,0.0,0.0,0.0,0.0,0.0,0.0,0.0,0.0,0.0,0.0
HPO__HP:0002169,0.0,0.0,0.0,0.0,0.0,0.0,0.0,0.0,0.0,0.0,0.0,0.0,0.0,0.0,0.0,0.0,0.0,0.0,0.0,0.0,0.0
HPO__HP:0002166,0.0,0.0,0.0,0.0,0.0,0.0,0.0,0.0,0.0,0.0,0.0,0.0,0.0,0.0,0.0,0.0,0.0,0.0,0.0,0.0,0.0
HPO__HP:0002139,0.0,0.0,0.0,0.0,0.0,0.0,0.0,0.0,0.0,0.0,0.0,0.0,0.0,0.0,0.0,0.0,0.0,0.0,0.0,0.0,0.0
HPO__HP:0002136,0.0,0.0,0.0,0.0,0.0,0.0,0.0,0.0,0.0,0.0,0.0,0.0,0.0,0.0,0.0,0.0,0.0,0.0,0.0,0.0,0.0
HPO__HP:0006335,0.0,0.0,0.0,0.0,0.0,0.0,0.0,0.0,0.0,0.0,0.0,0.0,0.0,0.0,0.0,0.0,0.0,0.0,0.0,0.0,0.0
HPO__HP:0002104,0.0,0.0,0.0,0.0,0.0,0.0,0.0,0.0,0.0,0.0,0.0,0.0,0.0,0.0,0.0,0.0,0.0,0.0,0.0,0.0,0.0
HPO__HP:0008736,0.0,0.0,0.0,0.0,0.0,0.0,0.0,0.0,0.0,0.0,0.0,0.0,0.0,0.0,0.0,0.0,0.0,0.0,0.0,0.0,0.0
HPO__HP:0002064,0.0,0.0,0.0,0.0,0.0,0.0,0.0,0.0,0.0,0.0,0.0,0.0,0.0,0.0,0.0,0.0,0.0,0.0,0.0,0.0,0.0
HPO__HP:0002062,0.0,0.0,0.0,0.0,0.0,0.0,0.0,0.0,0.0,0.0,0.0,0.0,0.0,0.0,0.0,0.0,0.0,0.0,0.0,0.0,0.0
HPO__HP:0002017,0.0,0.0,0.0,0.0,0.0,0.0,0.0,0.0,0.0,0.0,0.0,0.0,0.0,0.0,0.0,0.0,0.0,0.0,0.0,0.0,0.0
HPO__HP:0001999,0.0,0.0,0.0,0.0,0.0,0.0,0.0,0.0,0.0,0.0,0.0,0.0,0.0,0.0,0.0,0.0,0.0,0.0,0.0,0.0,0.0
HPO__HP:0002195,0.0,0.0,0.0,0.0,0.0,0.0,0.0,0.0,0.0,0.0,0.0,0.0,0.0,0.0,0.0,0.0,0.0,0.0,0.0,0.0,0.0
HPO__HP:0002188,0.0,0.0,0.0,0.0,0.0,0.0,0.0,0.0,0.0,0.0,0.0,0.0,0.0,0.0,0.0,0.0,0.0,0.0,0.0,0.0,0.0
HPO__HP:0002187,0.0,0.0,0.0,0.0,0.0,0.0,0.0,0.0,0.0,0.0,0.0,0.0,0.0,0.0,0.0,0.0,0.0,0.0,0.0,0.0,0.0
HPO__HP:0007291,0.0,0.0,0.0,0.0,0.0,0.0,0.0,0.0,0.0,0.0,0.0,0.0,0.0,0.0,0.0,0.0,0.0,0.0,0.0,0.0,0.0
HPO__HP:0007289,0.0,0.0,0.0,0.0,0.0,0.0,0.0,0.0,0.0,0.0,0.0,0.0,0.0,0.0,0.0,0.0,0.0,0.0,0.0,0.0,0.0
HPO__HP:0007286,0.0,0.0,0.0,0.0,0.0,0.0,0.0,0.0,0.0,0.0,0.0,0.0,0.0,0.0,0.0,0.0,0.0,0.0,0.0,0.0,0.0
HPO__HP:0007271,0.0,0.0,0.0,0.0,0.0,0.0,0.0,0.0,0.0,0.0,0.0,0.0,0.0,0.0,0.0,0.0,0.0,0.0,0.0,0.0,0.0
HPO__HP:0002092,0.0,0.0,0.0,0.0,0.0,0.0,0.0,0.0,0.0,0.0,0.0,0.0,0.0,0.0,0.0,0.0,0.0,0.0,0.0,0.0,0.0
HPO__HP:0002083,0.0,0.0,0.0,0.0,0.0,0.0,0.0,0.0,0.0,0.0,0.0,0.0,0.0,0.0,0.0,0.0,0.0,0.0,0.0,0.0,0.0
HPO__HP:0007370,0.0,0.0,0.0,0.0,0.0,0.0,0.0,0.0,0.0,0.0,0.0,0.0,0.0,0.0,0.0,0.0,0.0,0.0,0.0,0.0,0.0
HPO__HP:0006889,0.0,0.0,0.0,0.0,0.0,0.0,0.0,0.0,0.0,0.0,0.0,0.0,0.0,0.0,0.0,0.0,0.0,0.0,0.0,0.0,0.0
HPO__HP:0007366,0.0,0.0,0.0,0.0,0.0,0.0,0.0,0.0,0.0,0.0,0.0,0.0,0.0,0.0,0.0,0.0,0.0,0.0,0.0,0.0,0.0
HPO__HP:0007360,0.0,0.0,0.0,0.0,0.0,0.0,0.0,0.0,0.0,0.0,0.0,0.0,0.0,0.0,0.0,0.0,0.0,0.0,0.0,0.0,0.0
HPO__HP:0007340,0.0,0.0,0.0,0.0,0.0,0.0,0.0,0.0,0.0,0.0,0.0,0.0,0.0,0.0,0.0,0.0,0.0,0.0,0.0,0.0,0.0
HPO__HP:0007338,0.0,0.0,0.0,0.0,0.0,0.0,0.0,0.0,0.0,0.0,0.0,0.0,0.0,0.0,0.0,0.0,0.0,0.0,0.0,0.0,0.0
HPO__HP:0007328,0.0,0.0,0.0,0.0,0.0,0.0,0.0,0.0,0.0,0.0,0.0,0.0,0.0,0.0,0.0,0.0,0.0,0.0,0.0,0.0,0.0
HPO__HP:0007305,0.0,0.0,0.0,0.0,0.0,0.0,0.0,0.0,0.0,0.0,0.0,0.0,0.0,0.0,0.0,0.0,0.0,0.0,0.0,0.0,0.0
HPO__HP:0001747,0.0,0.0,0.0,0.0,0.0,0.0,0.0,0.0,0.0,0.0,0.0,0.0,0.0,0.0,0.0,0.0,0.0,0.0,0.0,0.0,0.0
HPO__HP:0007792,0.0,0.0,0.0,0.0,0.0,0.0,0.0,0.0,0.0,0.0,0.0,0.0,0.0,0.0,0.0,0.0,0.0,0.0,0.0,0.0,0.0
HPO__HP:0007754,0.0,0.0,0.0,0.0,0.0,0.0,0.0,0.0,0.0,0.0,0.0,0.0,0.0,0.0,0.0,0.0,0.0,0.0,0.0,0.0,0.0
HPO__HP:0007750,0.0,0.0,0.0,0.0,0.0,0.0,0.0,0.0,0.0,0.0,0.0,0.0,0.0,0.0,0.0,0.0,0.0,0.0,0.0,0.0,0.0
HPO__HP:0007676,0.0,0.0,0.0,0.0,0.0,0.0,0.0,0.0,0.0,0.0,0.0,0.0,0.0,0.0,0.0,0.0,0.0,0.0,0.0,0.0,0.0
HPO__HP:0007670,0.0,0.0,0.0,0.0,0.0,0.0,0.0,0.0,0.0,0.0,0.0,0.0,0.0,0.0,0.0,0.0,0.0,0.0,0.0,0.0,0.0
HPO__HP:0007668,0.0,0.0,0.0,0.0,0.0,0.0,0.0,0.0,0.0,0.0,0.0,0.0,0.0,0.0,0.0,0.0,0.0,0.0,0.0,0.0,0.0
HPO__HP:0007598,0.0,0.0,0.0,0.0,0.0,0.0,0.0,0.0,0.0,0.0,0.0,0.0,0.0,0.0,0.0,0.0,0.0,0.0,0.0,0.0,0.0
HPO__HP:0006895,0.0,0.0,0.0,0.0,0.0,0.0,0.0,0.0,0.0,0.0,0.0,0.0,0.0,0.0,0.0,0.0,0.0,0.0,0.0,0.0,0.0
HPO__HP:0007369,0.0,0.0,0.0,0.0,0.0,0.0,0.0,0.0,0.0,0.0,0.0,0.0,0.0,0.0,0.0,0.0,0.0,0.0,0.0,0.0,0.0
